customer_index,churn_probability,predicted_churn,segment,actual_churn
16252,0.7215,1,Low,1.0
22524,0.2127,0,Medium,0.0
23700,0.3286,0,Medium,1.0
26049,0.0872,0,Medium,0.0
25344,0.9849,1,IMP,1.0
16176,0.1883,0,Medium,1.0
8981,0.0436,0,Medium,0.0
23367,0.1085,0,Low,0.0
28604,0.9754,1,Medium,1.0
7703,0.0613,0,Medium,0.0
3066,0.0303,0,Medium,0.0
22074,0.9925,1,High,1.0
10380,0.033,0,IMP,0.0
21183,0.4944,0,Low,0.0
18635,0.3851,0,Low,0.0
45057,0.9855,1,Medium,1.0
5571,0.9937,1,High,1.0
13007,0.0834,0,High,0.0
21605,0.0489,0,IMP,0.0
26695,0.9699,1,High,1.0
24676,0.0689,0,High,0.0
31718,0.0532,0,Low,0.0
33611,0.0282,0,Low,0.0
8417,0.1494,0,Medium,1.0
27694,0.2499,0,Low,0.0
5913,0.449,1,Medium,1.0
49674,0.0927,0,Low,0.0
13623,0.0318,0,Medium,0.0
784,0.043,0,Medium,0.0
24257,0.993,1,High,1.0
36131,0.9955,1,High,1.0
36004,0.3863,0,Low,0.0
2808,0.8279,1,Low,1.0
18619,0.0522,0,High,0.0
19316,0.9004,1,Medium,1.0
43709,0.8748,1,Medium,1.0
2160,0.033,0,Medium,0.0
30710,0.0332,0,Low,0.0
48949,0.0288,0,Medium,0.0
7328,0.9641,1,Low,1.0
264,0.0629,0,Medium,0.0
10965,0.0412,0,Medium,0.0
42331,0.0384,0,VIP,0.0
33313,0.1938,0,Low,0.0
36478,0.0522,0,Medium,0.0
9343,0.0718,0,IMP,0.0
21506,0.041,0,Medium,0.0
26410,0.0413,0,Medium,0.0
938,0.9902,1,High,1.0
3575,0.0657,0,Medium,0.0
7713,0.0524,0,Medium,0.0
44875,0.65,1,Low,1.0
26289,0.0486,0,Low,0.0
49641,0.0604,0,VIP,0.0
42398,0.0306,0,Medium,0.0
30362,0.0294,0,High,0.0
47485,0.0364,0,Medium,0.0
41922,0.0581,0,High,0.0
31775,0.0319,0,Medium,0.0
15441,0.5423,0,Low,0.0
36692,0.9999,1,High,1.0
32633,0.9639,1,Medium,1.0
14408,0.9088,1,Low,1.0
2384,0.9704,1,High,1.0
48974,0.0595,0,Medium,0.0
2030,0.0768,0,Medium,0.0
33075,0.5914,1,Low,0.0
32180,0.055,0,IMP,0.0
24037,0.0328,0,Medium,0.0
18127,0.0655,0,High,0.0
8643,0.0503,0,Medium,0.0
24496,0.1168,0,Medium,0.0
38022,0.0459,0,Medium,0.0
29965,0.0692,0,Medium,0.0
43743,0.1985,0,Low,0.0
35318,0.0504,0,High,0.0
38707,0.0521,0,Medium,0.0
22986,0.136,0,Medium,0.0
10113,0.0322,0,High,0.0
14559,0.0575,0,Low,0.0
18126,0.9831,1,IMP,1.0
6470,0.1251,0,Medium,0.0
26972,0.0538,0,Medium,0.0
22482,0.0481,0,Medium,0.0
17632,0.0271,0,Medium,1.0
38348,0.0582,0,Medium,0.0
20311,0.0422,0,IMP,0.0
21368,0.0638,0,High,0.0
40368,0.9902,1,High,1.0
2879,0.9917,1,High,1.0
46605,0.0375,0,Medium,0.0
7596,0.7406,1,Low,1.0
3969,0.0398,0,Medium,0.0
374,0.0299,0,Low,0.0
17303,0.9948,1,Low,1.0
20614,0.596,1,Low,1.0
27290,0.0783,0,Medium,0.0
41806,0.0397,0,Medium,0.0
10405,0.0409,0,Medium,0.0
3401,0.0375,0,Medium,0.0
40945,0.9359,1,Low,1.0
22959,0.2659,0,High,0.0
23134,0.0428,0,Medium,0.0
36051,0.0818,0,IMP,0.0
48224,0.9895,1,Medium,1.0
13034,0.1836,0,Low,0.0
25827,0.0249,0,Low,0.0
39581,0.0387,0,Medium,0.0
17934,0.0526,0,Medium,0.0
13042,0.7149,1,Low,0.0
21215,0.0577,0,IMP,0.0
30739,0.0211,0,Medium,0.0
7493,0.0465,0,Medium,0.0
20564,0.0687,0,High,0.0
29037,0.0621,0,IMP,0.0
33543,0.993,1,Low,1.0
18702,0.0484,0,Medium,0.0
18122,0.2651,0,Low,1.0
48227,0.5094,1,Medium,0.0
18864,0.8374,1,Low,1.0
23418,0.0598,0,Medium,0.0
49712,0.6253,1,Medium,1.0
5982,0.5992,1,Low,0.0
16280,0.0501,0,High,0.0
39505,0.2589,0,High,1.0
49159,0.7067,1,Low,1.0
24279,0.046,0,Medium,0.0
27087,0.0364,0,Medium,0.0
12905,0.1254,0,Medium,0.0
30843,0.966,1,Low,1.0
32970,0.0668,0,Medium,0.0
38460,0.0631,0,Low,0.0
47984,0.0589,0,Medium,0.0
27008,0.2733,0,Low,0.0
32351,0.0435,0,Medium,0.0
41734,0.3412,0,Low,1.0
48110,0.0254,0,Medium,0.0
29696,0.0454,0,Medium,0.0
21761,0.1133,0,Low,0.0
27212,0.9909,1,High,1.0
7394,0.2128,0,Low,0.0
3810,0.0632,0,Medium,0.0
28441,0.5973,1,Medium,1.0
35506,0.0588,0,IMP,0.0
17876,0.0562,0,IMP,0.0
23251,0.0357,0,Medium,0.0
417,0.0616,0,High,0.0
12180,0.0688,0,High,0.0
39751,0.9927,1,High,1.0
7172,0.0553,0,IMP,0.0
14523,0.9911,1,IMP,1.0
4812,0.3102,0,Low,0.0
14545,0.914,1,Low,1.0
39646,0.0582,0,IMP,0.0
15525,0.0161,0,Low,0.0
47293,0.0218,0,Medium,0.0
39551,0.0535,0,Medium,0.0
18581,0.3206,0,Medium,0.0
12942,0.0753,0,Medium,0.0
13174,0.6953,1,Low,1.0
42980,0.0559,0,Medium,0.0
12462,0.3007,0,High,0.0
13833,0.9884,1,High,1.0
12178,0.0546,0,High,0.0
37443,0.0479,0,Medium,0.0
24596,0.0371,0,Medium,0.0
48890,0.0493,0,High,0.0
8884,0.0459,0,Medium,0.0
26323,0.0397,0,IMP,0.0
19669,0.9539,1,Low,1.0
22292,0.0925,0,Medium,0.0
43071,0.0356,0,Low,0.0
21842,0.0603,0,Medium,0.0
24879,0.0563,0,Medium,1.0
20497,0.117,0,Medium,0.0
48693,0.0526,0,High,0.0
12726,0.0451,0,Medium,0.0
38396,0.0582,0,High,0.0
7895,0.1334,0,Medium,0.0
711,0.0292,0,Medium,0.0
23731,0.048,0,Medium,0.0
19197,0.0554,0,Medium,0.0
43500,0.7553,1,Low,1.0
36655,0.3879,0,Low,1.0
13957,0.939,1,High,1.0
41714,0.0585,0,High,0.0
39349,0.9879,1,IMP,1.0
39727,0.2326,0,Low,0.0
24729,0.035,0,Medium,0.0
5712,0.0595,0,Medium,0.0
3495,0.0343,0,High,0.0
153,0.3762,0,Low,1.0
26616,0.8777,1,Low,1.0
20171,0.6261,1,Low,0.0
42697,0.0252,0,Low,0.0
28492,0.0412,0,Medium,0.0
8474,0.072,0,Medium,0.0
12615,0.0781,0,Medium,0.0
9359,0.0281,0,Medium,0.0
32284,0.0713,0,Low,0.0
39778,0.0366,0,Medium,0.0
41783,0.4067,0,Low,0.0
26560,0.0624,0,High,0.0
5808,0.0314,0,Medium,0.0
25412,0.084,0,Medium,1.0
22324,0.0491,0,Medium,0.0
21553,0.3811,0,Low,0.0
37094,0.1924,0,Medium,0.0
25489,0.0195,0,Low,0.0
2842,0.2179,0,Medium,0.0
41128,0.041,0,Low,0.0
14663,0.047,0,High,0.0
43888,0.9899,1,IMP,1.0
37829,0.0577,0,Medium,0.0
9251,0.0559,0,Medium,0.0
31781,0.0561,0,Medium,1.0
36722,0.1627,0,Low,0.0
8791,0.0413,0,Low,0.0
45504,0.0338,0,Medium,1.0
10175,0.0346,0,Medium,0.0
40823,0.0594,0,IMP,0.0
13280,0.0361,0,Low,0.0
12520,0.0413,0,Medium,0.0
25067,0.0135,0,Low,0.0
9334,0.9399,1,Low,1.0
29697,0.0533,0,IMP,0.0
9560,0.0348,0,Medium,0.0
22811,0.096,0,High,0.0
26613,0.9908,1,High,1.0
22398,0.4925,0,Low,1.0
41992,0.0536,0,Medium,0.0
39355,0.3261,0,Low,1.0
23188,0.0576,0,Medium,0.0
45360,0.2643,0,Low,0.0
32353,0.0826,0,Medium,0.0
25667,0.7713,1,Low,0.0
10131,0.9521,1,Low,1.0
18473,0.0473,0,High,0.0
4025,0.0541,0,Low,0.0
4646,0.0492,0,Medium,0.0
47345,0.0552,0,High,0.0
16218,0.9511,1,Low,1.0
37404,0.2016,0,Low,0.0
15133,0.086,0,Low,0.0
20180,0.0343,0,Medium,0.0
47080,0.0644,0,High,0.0
14351,0.0594,0,IMP,0.0
6312,0.9929,1,Low,1.0
30074,0.0772,0,Medium,0.0
15992,0.1147,0,Medium,0.0
2916,0.0506,0,Medium,0.0
18500,0.3645,0,Low,0.0
9223,0.0422,0,Low,0.0
11803,0.0691,0,High,0.0
17208,0.9734,1,Medium,1.0
36569,0.0451,0,Medium,0.0
4712,0.0344,0,Medium,0.0
24155,0.3708,0,Low,0.0
43801,0.0762,0,VIP,0.0
21913,0.0534,0,Medium,0.0
16753,0.1558,0,Medium,0.0
8301,0.6765,1,Medium,1.0
38738,0.0427,0,High,0.0
204,0.6151,1,Medium,1.0
1428,0.0907,0,Low,0.0
757,0.9822,1,High,1.0
9415,0.0507,0,High,0.0
26965,0.9889,1,High,1.0
16265,0.0481,0,Medium,0.0
38892,0.9671,1,High,1.0
32940,0.0466,0,Medium,0.0
9767,0.2206,0,IMP,0.0
39416,0.0807,0,Medium,0.0
10149,0.9879,1,IMP,1.0
41177,0.0554,0,Medium,0.0
3944,0.6362,1,Low,1.0
7647,0.0528,0,Medium,0.0
46630,0.0535,0,IMP,0.0
35243,0.0288,0,Low,0.0
10488,0.99,1,IMP,1.0
422,0.2229,0,Medium,1.0
17966,0.5632,1,Low,1.0
45682,0.0654,0,Low,0.0
31085,0.0635,0,Medium,0.0
40030,0.0831,0,Low,0.0
9266,0.0732,0,Medium,0.0
32417,0.0488,0,Medium,0.0
48141,0.9431,1,Low,1.0
25091,0.0395,0,Medium,1.0
38252,0.0518,0,High,0.0
11790,0.0514,0,High,0.0
44596,0.0512,0,IMP,0.0
15099,0.0713,0,IMP,1.0
7638,0.0404,0,Medium,0.0
19190,0.0411,0,Medium,0.0
45287,0.7747,1,Low,1.0
21035,0.2025,0,Medium,0.0
32718,0.2091,0,Medium,0.0
3770,0.0669,0,Medium,0.0
31238,0.9912,1,High,1.0
31467,0.0515,0,Medium,0.0
32337,0.0467,0,Low,0.0
19775,0.0398,0,High,0.0
40499,0.21,0,Medium,0.0
10806,0.0471,0,Medium,0.0
20300,0.0584,0,High,0.0
5494,0.045,0,Medium,0.0
20591,0.0637,0,IMP,0.0
49008,0.95,1,Low,1.0
5600,0.0308,0,Medium,0.0
12334,0.0472,0,Medium,0.0
45830,0.7485,1,Low,1.0
150,0.1046,0,Low,0.0
30292,0.032,0,Medium,0.0
1626,0.0684,0,Medium,0.0
6869,0.05,0,Medium,0.0
4442,0.0335,0,Medium,0.0
15918,0.0559,0,High,0.0
17396,0.1909,0,Medium,0.0
20813,0.9882,1,High,1.0
5014,0.9183,1,Low,1.0
10445,0.0558,0,Medium,0.0
1505,0.0543,0,Medium,0.0
29474,0.0276,0,Low,0.0
31010,0.0412,0,Medium,0.0
42937,0.0601,0,IMP,1.0
6748,0.8549,1,Low,1.0
49566,0.0467,0,Medium,0.0
23880,0.0437,0,Medium,0.0
3920,0.0429,0,Medium,0.0
19398,0.978,1,Medium,1.0
32828,0.0362,0,Medium,0.0
27223,0.9654,1,Low,1.0
45475,0.0928,0,Medium,0.0
3840,0.0472,0,Medium,0.0
6980,0.9614,1,Medium,1.0
16652,0.083,0,IMP,0.0
8469,0.0623,0,Medium,0.0
19047,0.7793,1,Low,1.0
6399,0.7269,1,Medium,1.0
34875,0.0334,0,Medium,0.0
2640,0.99,1,Low,1.0
2741,0.0641,0,VIP,0.0
24236,0.3092,0,Low,0.0
13322,0.3539,0,Medium,1.0
16997,0.4091,1,Medium,1.0
35211,0.1091,0,Medium,0.0
12068,0.8764,1,Low,1.0
10376,0.0317,0,Medium,0.0
49211,0.0324,0,Medium,0.0
29909,0.0286,0,High,0.0
26811,0.9872,1,Medium,1.0
649,0.0579,0,High,0.0
18242,0.2895,0,Low,0.0
4708,0.9414,1,Low,1.0
14665,0.0247,0,Medium,0.0
33655,0.0236,0,Medium,0.0
1762,0.8932,1,Low,1.0
33949,0.0547,0,Medium,0.0
34007,0.0491,0,Medium,0.0
36309,0.8347,1,High,1.0
42344,0.7975,1,Low,1.0
2676,0.0354,0,Medium,0.0
26916,0.9931,1,IMP,1.0
11193,0.0772,0,IMP,0.0
18705,0.0726,0,Medium,0.0
41038,0.0509,0,Medium,0.0
39468,0.8122,1,High,1.0
48091,0.0403,0,High,0.0
35551,0.0439,0,Low,0.0
5411,0.9463,1,Low,1.0
33091,0.0537,0,Medium,0.0
45332,0.1841,0,Low,1.0
1614,0.0409,0,Medium,0.0
33881,0.0388,0,Medium,0.0
49344,0.0316,0,High,0.0
5863,0.9998,1,High,1.0
19812,0.9897,1,High,1.0
9298,0.0441,0,High,0.0
17107,0.0633,0,IMP,0.0
38043,0.449,1,Medium,1.0
30488,0.2131,0,Low,0.0
15354,0.9941,1,IMP,1.0
16351,0.0949,0,Low,0.0
31541,0.9803,1,IMP,1.0
10974,0.0355,0,Medium,0.0
14018,0.0573,0,Medium,0.0
46233,0.035,0,Medium,0.0
2274,0.1205,0,High,0.0
40940,0.0445,0,IMP,0.0
16538,0.9854,1,High,1.0
23851,0.0396,0,Medium,0.0
20765,0.0418,0,Medium,0.0
9637,0.4839,1,Medium,0.0
36528,0.7793,1,Medium,1.0
32888,0.0583,0,High,0.0
14772,0.0518,0,Medium,0.0
12549,0.0548,0,High,0.0
48405,0.0793,0,Low,1.0
29838,0.06,0,High,0.0
16179,0.0771,0,IMP,0.0
24231,0.0359,0,Low,0.0
6286,0.0523,0,High,0.0
11178,0.0443,0,Medium,0.0
37221,0.9772,1,High,1.0
22472,0.0533,0,High,0.0
4750,0.3064,0,Low,0.0
33647,0.9922,1,IMP,1.0
42972,0.083,0,Medium,0.0
9576,0.9942,1,Low,1.0
20881,0.3918,0,Medium,1.0
46416,0.112,0,Low,0.0
47969,0.8074,1,Low,1.0
16751,0.0487,0,IMP,0.0
42368,0.0439,0,Medium,0.0
4673,0.8851,1,Medium,1.0
1907,0.1049,0,Medium,0.0
11623,0.0449,0,Medium,1.0
2234,0.9848,1,IMP,1.0
21438,0.0435,0,Medium,0.0
8895,0.0416,0,Medium,0.0
15527,0.349,0,Medium,1.0
40673,0.0187,0,Medium,0.0
48619,0.9926,1,IMP,1.0
9140,0.0537,0,Medium,0.0
35205,0.0542,0,Medium,0.0
4210,0.0472,0,IMP,0.0
7438,0.6366,1,Low,1.0
5771,0.429,0,Low,0.0
2225,0.0443,0,Medium,0.0
23632,0.0478,0,High,0.0
9661,0.0749,0,Medium,0.0
29282,0.0467,0,Medium,0.0
11533,0.9815,1,Low,1.0
14719,0.0379,0,Low,0.0
6002,0.041,0,Medium,0.0
16040,0.0591,0,High,0.0
49327,0.2394,0,Low,1.0
43586,0.097,0,Low,0.0
41881,0.0383,0,Medium,0.0
8911,0.0589,0,Medium,0.0
32688,0.0462,0,Medium,0.0
48505,0.0454,0,Medium,0.0
13887,0.057,0,Low,0.0
36643,0.4546,1,Medium,1.0
36651,0.0348,0,Medium,0.0
8067,0.0521,0,Medium,0.0
11416,0.0543,0,IMP,0.0
15474,0.0442,0,High,1.0
21531,0.9631,1,Low,1.0
44011,0.9927,1,High,1.0
1121,0.8176,1,Medium,1.0
48367,0.0437,0,Medium,0.0
28564,0.1023,0,Medium,0.0
3491,0.9923,1,High,1.0
32065,0.7922,1,Medium,1.0
14957,0.0666,0,High,0.0
18913,0.9956,1,IMP,1.0
35143,0.03,0,Medium,0.0
47983,0.0517,0,Medium,0.0
9851,0.032,0,Medium,0.0
39565,0.6829,1,Low,1.0
16953,0.9784,1,High,1.0
19624,0.042,0,Medium,0.0
21850,0.0395,0,Low,0.0
29297,0.9857,1,High,1.0
6314,0.0468,0,Medium,0.0
9040,0.0314,0,Medium,0.0
43133,0.989,1,Medium,1.0
18250,0.1059,0,Low,0.0
23850,0.987,1,Medium,1.0
39008,0.2795,0,Medium,0.0
12789,0.0395,0,Medium,0.0
42494,0.4036,0,Low,0.0
5931,0.0827,0,Medium,0.0
22230,0.4058,1,Medium,0.0
10364,0.0551,0,Medium,1.0
29592,0.8999,1,Low,0.0
26327,0.0431,0,Low,0.0
9275,0.9824,1,Medium,1.0
2112,0.0846,0,Low,0.0
15016,0.0772,0,Medium,0.0
531,0.9724,1,Medium,1.0
17393,0.0441,0,Medium,0.0
8074,0.0667,0,Medium,0.0
5363,0.0326,0,Medium,1.0
6122,0.0534,0,Low,0.0
40119,0.1755,0,Medium,0.0
33677,0.0416,0,Medium,0.0
21674,0.0773,0,Medium,0.0
7975,0.0418,0,Low,0.0
15578,0.2877,0,High,1.0
9100,0.0256,0,Medium,0.0
46057,0.9865,1,Low,1.0
7315,0.6843,1,Medium,1.0
4426,0.044,0,Medium,0.0
575,0.2609,0,Low,0.0
16216,0.0714,0,Medium,0.0
3186,0.8827,1,High,1.0
9886,0.0486,0,Low,0.0
29549,0.0369,0,Medium,0.0
16108,0.1887,0,Medium,0.0
28976,0.0344,0,Low,0.0
12145,0.7571,1,Low,0.0
36465,0.0512,0,Medium,0.0
29055,0.03,0,Medium,0.0
37078,0.0364,0,High,1.0
43539,0.0385,0,Medium,0.0
29868,0.0553,0,Medium,0.0
15000,0.0417,0,Low,0.0
2367,0.0438,0,Medium,0.0
47903,0.3215,0,Low,1.0
48595,0.9936,1,IMP,1.0
6246,0.9268,1,Low,1.0
4115,0.8761,1,Low,0.0
7723,0.0574,0,Medium,0.0
36803,0.047,0,Low,0.0
48371,0.0438,0,High,0.0
5389,0.1271,0,Medium,0.0
46913,0.0483,0,IMP,0.0
2395,0.0294,0,Medium,1.0
47488,0.0433,0,Medium,0.0
6587,0.0575,0,Low,0.0
49727,0.9637,1,Low,1.0
11186,0.6543,1,Low,1.0
30875,0.9917,1,High,1.0
47667,0.8487,1,Low,1.0
3095,0.0487,0,Low,0.0
46214,0.0816,0,VIP,0.0
13771,0.0418,0,Medium,0.0
34407,0.0275,0,Medium,0.0
14203,0.1077,0,Medium,1.0
21288,0.0456,0,Medium,0.0
23335,0.0284,0,Low,0.0
48135,0.0613,0,Medium,1.0
5782,0.0394,0,Medium,1.0
30054,0.3214,0,Medium,1.0
45528,0.0541,0,Medium,0.0
9073,0.1405,0,Low,0.0
48755,0.0278,0,Low,0.0
44399,0.3656,0,Low,0.0
10016,0.0538,0,Medium,0.0
21350,0.0337,0,Medium,0.0
6262,0.0497,0,Medium,0.0
41802,0.8827,1,Low,1.0
15658,0.6447,1,Medium,0.0
9838,0.056,0,IMP,0.0
6534,0.0582,0,High,0.0
21647,0.0601,0,Medium,0.0
29404,0.2996,0,Low,0.0
28089,0.3794,0,Low,0.0
20045,0.0389,0,Medium,0.0
37449,0.1394,0,Medium,0.0
24665,0.0576,0,High,0.0
34134,0.0562,0,Medium,0.0
18794,0.0528,0,High,0.0
39101,0.6936,1,Medium,1.0
15161,0.0535,0,Medium,0.0
36664,0.0395,0,High,0.0
34102,0.0617,0,Medium,1.0
16801,0.0532,0,Medium,0.0
36714,0.0427,0,Low,0.0
12295,0.0679,0,Low,1.0
30264,0.913,1,Low,0.0
41092,0.9461,1,Medium,1.0
7298,0.9529,1,Medium,1.0
28248,0.0533,0,Low,0.0
17904,0.123,0,Medium,0.0
18265,0.0331,0,Medium,0.0
5318,0.0537,0,Medium,0.0
18417,0.0353,0,Medium,0.0
14159,0.9169,1,Low,1.0
2994,0.854,1,High,1.0
16958,0.9975,1,High,1.0
22107,0.9672,1,Medium,1.0
9983,0.2546,0,Low,1.0
789,0.9697,1,Medium,1.0
10753,0.0519,0,Medium,0.0
7164,0.0231,0,Medium,0.0
28181,0.0731,0,Medium,0.0
27881,0.0271,0,Low,0.0
22489,0.9398,1,Medium,1.0
28312,0.0348,0,Medium,1.0
45388,0.1045,0,Medium,0.0
3663,0.9616,1,Low,1.0
31803,0.2326,0,Low,0.0
17430,0.9833,1,Medium,1.0
36063,0.9823,1,IMP,1.0
44055,0.0262,0,Medium,0.0
4870,0.0375,0,Low,0.0
16072,0.1135,0,High,0.0
27456,0.036,0,Medium,0.0
40378,0.0351,0,Medium,0.0
44091,0.6166,1,Low,0.0
1476,0.0817,0,Medium,0.0
4194,0.6854,1,Low,0.0
48472,0.9647,1,High,1.0
15675,0.0456,0,Medium,0.0
4901,0.9688,1,High,1.0
47161,0.1215,0,Low,0.0
42021,0.1579,0,Low,0.0
15720,0.0494,0,Medium,0.0
6022,0.0359,0,Medium,0.0
34432,0.9919,1,High,1.0
34386,0.9817,1,Low,1.0
42962,0.0285,0,Low,0.0
37431,0.0485,0,Medium,0.0
9597,0.5463,0,Low,1.0
18164,0.9892,1,Low,1.0
10842,0.2234,0,Low,0.0
795,0.6922,1,Low,1.0
40201,0.0442,0,Medium,0.0
1473,0.0361,0,High,0.0
2231,0.051,0,Low,0.0
16334,0.0457,0,Medium,0.0
24762,0.0567,0,IMP,0.0
48231,0.0545,0,IMP,0.0
40156,0.9925,1,High,1.0
48171,0.0529,0,IMP,0.0
44188,0.8529,1,Medium,0.0
21838,0.0497,0,Medium,0.0
5470,0.0823,0,Low,0.0
49322,0.6261,1,Low,1.0
26852,0.0633,0,IMP,0.0
2135,0.0641,0,Low,0.0
9534,0.0621,0,VIP,0.0
506,0.0298,0,Medium,0.0
9720,0.0335,0,Low,0.0
49644,0.9895,1,High,1.0
3115,0.0301,0,Low,0.0
40855,0.0287,0,Low,0.0
14564,0.8936,1,Low,0.0
48735,0.0331,0,Medium,0.0
27219,0.0867,0,Low,0.0
32333,0.1848,0,Low,0.0
19242,0.1676,0,Low,0.0
22963,0.0347,0,Medium,0.0
13003,0.9296,1,Low,1.0
46062,0.019,0,Medium,1.0
32345,0.9853,1,High,1.0
19951,0.0377,0,IMP,0.0
32916,0.9953,1,Medium,1.0
35559,0.0578,0,Medium,0.0
42363,0.0291,0,Medium,0.0
17247,0.0618,0,High,0.0
47289,0.0543,0,Medium,1.0
26162,0.0514,0,IMP,1.0
11608,0.9781,1,Medium,1.0
12939,0.0542,0,Low,0.0
29548,0.0571,0,Medium,0.0
3069,0.5209,0,Low,0.0
28580,0.7733,1,Low,1.0
42540,0.0478,0,High,0.0
29198,0.0491,0,Medium,0.0
32280,0.9898,1,IMP,1.0
24535,0.1734,0,High,0.0
5497,0.8297,1,Low,0.0
24474,0.1927,0,Low,0.0
814,0.9159,1,Low,1.0
40090,0.0457,0,Medium,0.0
47376,0.9818,1,High,1.0
22864,0.0727,0,IMP,0.0
9051,0.0574,0,Medium,0.0
7096,0.9853,1,IMP,1.0
32794,0.0349,0,Medium,0.0
19279,0.0497,0,Medium,0.0
26657,0.04,0,Medium,0.0
49819,0.0395,0,Medium,0.0
35786,0.0212,0,Medium,0.0
10259,0.6472,1,Low,1.0
22448,0.9948,1,High,1.0
10495,0.3553,0,Low,0.0
29992,0.0849,0,IMP,0.0
28235,0.0238,0,Low,0.0
39443,0.0504,0,High,0.0
16654,0.1626,0,Medium,1.0
21427,0.0475,0,Low,0.0
40862,0.2491,0,Low,0.0
36101,0.0486,0,Medium,0.0
48469,0.993,1,High,1.0
37555,0.083,0,Medium,0.0
19372,0.0649,0,Low,0.0
39572,0.0304,0,Medium,0.0
37826,0.9919,1,High,1.0
36920,0.1213,0,Medium,0.0
802,0.6525,1,Low,0.0
40157,0.3365,0,Low,1.0
28998,0.0383,0,Medium,0.0
21825,0.0471,0,IMP,0.0
26161,0.0487,0,IMP,0.0
26961,0.0648,0,High,0.0
8077,0.0441,0,High,0.0
13111,0.0475,0,Medium,0.0
6325,0.6024,1,Low,1.0
24501,0.0546,0,Medium,0.0
35308,0.0536,0,Medium,0.0
11725,0.2721,0,Medium,0.0
49465,0.9381,1,High,1.0
49107,0.071,0,IMP,0.0
5577,0.9028,1,Medium,1.0
31765,0.0321,0,Medium,0.0
831,0.4991,0,Low,1.0
46832,0.9895,1,High,1.0
42193,0.0595,0,Medium,0.0
47742,0.9969,1,Medium,1.0
25017,0.9879,1,Medium,1.0
31406,0.0418,0,Medium,0.0
49275,0.9713,1,Low,1.0
31858,0.0379,0,Medium,0.0
26773,0.9654,1,Low,1.0
7479,0.988,1,High,1.0
23849,0.0525,0,Low,0.0
3633,0.0427,0,Medium,0.0
36818,0.0454,0,High,0.0
34786,0.5735,1,Low,0.0
17821,0.9805,1,Medium,1.0
30105,0.0432,0,Medium,0.0
19214,0.812,1,Low,1.0
46571,0.0582,0,High,0.0
30568,0.0409,0,Low,0.0
10473,0.0555,0,Medium,0.0
17906,0.4196,1,Medium,1.0
8988,0.1096,0,Low,0.0
33941,0.9895,1,High,1.0
20410,0.0756,0,Medium,0.0
22567,0.058,0,Medium,0.0
10448,0.0392,0,High,0.0
37271,0.0555,0,Low,0.0
15008,0.0562,0,Low,0.0
21583,0.057,0,Medium,0.0
49065,0.1377,0,Low,0.0
25544,0.9659,1,Low,1.0
42761,0.1936,0,Medium,0.0
10869,0.4443,1,Medium,1.0
21858,0.897,1,Low,1.0
38019,0.0505,0,IMP,0.0
41715,0.0445,0,Medium,0.0
939,0.057,0,Medium,0.0
39269,0.9674,1,Medium,1.0
34489,0.0564,0,Medium,0.0
9297,0.0236,0,Low,0.0
843,0.0321,0,Medium,0.0
12126,0.1667,0,Medium,0.0
42203,0.1329,0,Medium,0.0
32704,0.1979,0,Low,0.0
30978,0.1266,0,High,0.0
48130,0.994,1,IMP,1.0
5906,0.0662,0,IMP,0.0
4694,0.024,0,Medium,0.0
49394,0.0419,0,High,0.0
18021,0.8992,1,Low,1.0
15932,0.0643,0,High,0.0
37515,0.0332,0,Low,0.0
14517,0.1341,0,Low,0.0
1782,0.0411,0,Medium,0.0
20208,0.5084,0,Low,1.0
44977,0.1116,0,Low,0.0
1579,0.1793,0,Medium,0.0
9487,0.0527,0,Medium,0.0
2725,0.0436,0,Medium,0.0
719,0.8613,1,Medium,1.0
20152,0.0364,0,Medium,1.0
18340,0.9433,1,Low,1.0
29503,0.0263,0,Low,0.0
42068,0.0343,0,IMP,0.0
5856,0.0629,0,High,0.0
7198,0.0504,0,High,0.0
27877,0.8732,1,Medium,1.0
16046,0.2047,0,Low,0.0
32711,0.0396,0,High,0.0
34230,0.8676,1,Low,1.0
5354,0.1125,0,High,0.0
22993,0.0288,0,Medium,1.0
25291,0.0475,0,Medium,0.0
28532,0.9594,1,Low,1.0
35240,0.1206,0,Medium,0.0
28612,0.3739,0,Low,0.0
15501,0.0713,0,Medium,0.0
18278,0.0888,0,Medium,0.0
40724,0.0582,0,IMP,0.0
24966,0.0671,0,Low,0.0
3394,0.9874,1,Low,1.0
4654,0.0219,0,Low,0.0
20712,0.2518,0,Medium,1.0
43585,0.0436,0,Medium,0.0
37299,0.0298,0,Medium,0.0
37512,0.0648,0,Medium,0.0
18967,0.0357,0,Medium,1.0
296,0.7326,1,Low,1.0
34352,0.052,0,Low,0.0
19831,0.0442,0,Medium,0.0
14059,0.9099,1,Low,1.0
8996,0.0625,0,Medium,0.0
37074,0.9095,1,Medium,1.0
22533,0.9925,1,Low,1.0
21959,0.0438,0,IMP,0.0
30364,0.7047,1,Medium,1.0
21180,0.0277,0,Low,0.0
14677,0.239,0,Medium,0.0
2788,0.0522,0,Medium,0.0
7745,0.0554,0,Medium,0.0
34902,0.0507,0,High,0.0
33383,0.9866,1,Low,1.0
32373,0.0313,0,Low,0.0
21065,0.1348,0,VIP,0.0
24398,0.0868,0,Low,0.0
44430,0.5763,1,Low,1.0
17298,0.1335,0,Medium,0.0
26890,0.0398,0,Medium,0.0
16223,0.0621,0,Medium,0.0
14840,0.0551,0,IMP,0.0
5314,0.0803,0,IMP,0.0
2527,0.035,0,Low,0.0
30934,0.0417,0,Medium,0.0
36656,0.026,0,Low,0.0
48157,0.9873,1,IMP,1.0
25143,0.095,0,High,0.0
7134,0.2746,0,Low,0.0
46010,0.0431,0,High,0.0
39016,0.8853,1,Low,1.0
21882,0.9908,1,High,1.0
24068,0.0631,0,Low,0.0
10857,0.0482,0,Medium,0.0
16794,0.0445,0,Medium,0.0
47478,0.0565,0,Medium,0.0
8898,0.9422,1,Low,1.0
2409,0.0404,0,Medium,0.0
22001,0.0473,0,Medium,0.0
18609,0.0757,0,Medium,0.0
26288,0.7869,1,Medium,1.0
39000,0.0355,0,Medium,0.0
29353,0.5881,1,Medium,1.0
28995,0.0774,0,Medium,0.0
15363,0.9757,1,Low,1.0
18407,0.028,0,Medium,1.0
25666,0.0615,0,High,0.0
17381,0.0577,0,Medium,0.0
21614,0.3667,0,Low,0.0
10581,0.3496,0,Low,0.0
23951,0.0892,0,Medium,0.0
28130,0.0223,0,Low,0.0
28988,0.0935,0,Low,0.0
13855,0.0685,0,High,0.0
14921,0.0463,0,Medium,0.0
18931,0.3157,0,Medium,0.0
4292,0.9871,1,High,1.0
41226,0.9645,1,Low,1.0
20168,0.038,0,Medium,0.0
2701,0.0434,0,Low,0.0
21033,0.0495,0,Medium,0.0
5590,0.0603,0,Medium,0.0
677,0.9911,1,IMP,1.0
25536,0.9275,1,Low,1.0
11520,0.0602,0,Medium,0.0
40435,0.6194,1,Low,1.0
11375,0.0843,0,Low,0.0
22221,0.8579,1,Low,1.0
967,0.9921,1,High,1.0
23497,0.0622,0,Medium,0.0
34903,0.0498,0,Medium,0.0
42161,0.9903,1,High,1.0
24769,0.9441,1,Low,1.0
40725,0.0569,0,VIP,0.0
41727,0.5115,0,Low,1.0
35386,0.9947,1,High,1.0
3333,0.0283,0,Medium,0.0
33156,0.0637,0,Low,1.0
38521,0.2205,0,Medium,0.0
29975,0.9586,1,Low,1.0
15826,0.2919,0,Medium,0.0
8984,0.1073,0,Medium,1.0
42665,0.9804,1,Low,1.0
20,0.0509,0,IMP,0.0
27520,0.0412,0,Low,0.0
48332,0.9873,1,High,1.0
7682,0.0282,0,Medium,0.0
32558,0.0486,0,Medium,0.0
26598,0.9913,1,IMP,1.0
2737,0.0413,0,Medium,0.0
49442,0.0326,0,Medium,0.0
20411,0.0687,0,IMP,0.0
11834,0.9766,1,High,1.0
2884,0.989,1,IMP,1.0
12485,0.0503,0,Medium,0.0
48665,0.0402,0,Medium,0.0
6550,0.0691,0,Medium,1.0
21532,0.0951,0,Low,0.0
6543,0.0789,0,VIP,0.0
32672,0.0619,0,Medium,0.0
26373,0.046,0,Medium,0.0
35617,0.0736,0,Medium,0.0
19995,0.1223,0,Low,0.0
36542,0.0335,0,Medium,0.0
15274,0.8546,1,Low,1.0
28256,0.3878,0,Low,0.0
28400,0.1418,0,Medium,0.0
38132,0.3731,0,Low,0.0
6902,0.0593,0,High,0.0
31793,0.056,0,Medium,0.0
26648,0.0333,0,Low,0.0
2977,0.4147,1,Medium,0.0
23992,0.0423,0,Medium,0.0
263,0.0587,0,Medium,0.0
10976,0.0292,0,Low,0.0
37875,0.0556,0,High,0.0
27286,0.0623,0,Medium,0.0
36007,0.0509,0,Low,0.0
27917,0.4703,0,Low,0.0
16714,0.1018,0,IMP,0.0
31353,0.9702,1,Low,1.0
42458,0.0544,0,IMP,0.0
13416,0.9253,1,High,1.0
8550,0.9753,1,High,1.0
29607,0.0587,0,Low,0.0
15391,0.0559,0,Medium,0.0
24409,0.9902,1,High,1.0
18409,0.6091,1,Low,0.0
25584,0.0514,0,Medium,0.0
5469,0.8455,1,Low,1.0
1075,0.8575,1,Medium,1.0
11628,0.0291,0,Low,0.0
10497,0.0377,0,High,0.0
4057,0.569,1,Low,1.0
4069,0.9016,1,Low,1.0
22484,0.057,0,Medium,0.0
7634,0.9281,1,Low,1.0
11897,0.0796,0,Low,0.0
39137,0.1907,0,Low,0.0
20780,0.9928,1,High,1.0
28011,0.0623,0,IMP,0.0
1019,0.0383,0,Medium,0.0
44743,0.053,0,High,0.0
29567,0.0219,0,Medium,0.0
49021,0.1315,0,Low,0.0
31320,0.6948,1,Medium,1.0
20118,0.0499,0,Medium,0.0
11796,0.9706,1,Low,1.0
28956,0.9153,1,Low,1.0
25618,0.0545,0,High,0.0
15434,0.0405,0,Medium,0.0
44519,0.9675,1,Medium,1.0
3531,0.0202,0,Low,0.0
25580,0.0484,0,Medium,0.0
11102,0.179,0,Low,0.0
1515,0.0361,0,Medium,0.0
4754,0.0467,0,Medium,1.0
48723,0.156,0,Medium,0.0
30804,0.047,0,High,0.0
15917,0.0543,0,Medium,0.0
15414,0.6651,1,Low,1.0
19655,0.3433,0,Medium,1.0
48920,0.066,0,Medium,0.0
25483,0.0271,0,Low,0.0
33448,0.0393,0,Medium,0.0
28146,0.2045,0,Medium,0.0
37748,0.0388,0,Medium,0.0
2193,0.3136,0,Low,0.0
16424,0.2287,0,Medium,0.0
4987,0.9925,1,High,1.0
45016,0.0234,0,Low,1.0
2717,0.2526,0,Medium,0.0
6186,0.083,0,Medium,0.0
18081,0.9585,1,Low,0.0
3505,0.2757,0,Medium,0.0
11581,0.1363,0,Medium,0.0
37490,0.0653,0,IMP,0.0
1224,0.0336,0,Medium,0.0
35260,0.8637,1,Low,1.0
31179,0.2136,0,Medium,0.0
36141,0.0381,0,Medium,0.0
44961,0.0281,0,Medium,0.0
36992,0.0598,0,Medium,0.0
31075,0.0758,0,Medium,0.0
30521,0.2316,0,Medium,0.0
38486,0.0635,0,High,0.0
47461,0.9662,1,Low,1.0
42898,0.0507,0,High,0.0
27331,0.0501,0,Low,0.0
18900,0.118,0,Medium,1.0
45493,0.0298,0,High,1.0
23238,0.9937,1,IMP,1.0
7721,0.9882,1,Low,1.0
48807,0.03,0,Medium,0.0
44078,0.0571,0,Medium,0.0
18188,0.0568,0,High,0.0
12400,0.9926,1,High,1.0
43426,0.0699,0,Medium,0.0
6485,0.9855,1,High,1.0
47600,0.0468,0,Medium,0.0
18861,0.0706,0,Medium,0.0
27713,0.0306,0,Medium,0.0
22261,0.9839,1,Low,1.0
25366,0.059,0,Medium,0.0
42201,0.0645,0,Medium,0.0
7383,0.0423,0,IMP,0.0
40512,0.411,0,Low,0.0
40533,0.9874,1,High,1.0
47685,0.9853,1,Medium,1.0
38136,0.1719,0,IMP,0.0
12862,0.9943,1,VIP,1.0
5657,0.0974,0,Medium,0.0
21150,0.9588,1,High,1.0
47111,0.2551,0,Medium,0.0
49354,0.0452,0,Medium,0.0
41683,0.0569,0,IMP,0.0
39958,0.8668,1,Low,1.0
7926,0.0817,0,Low,0.0
40935,0.0268,0,Low,0.0
12320,0.0895,0,Low,0.0
1408,0.0721,0,High,0.0
38618,0.6799,1,Low,1.0
10829,0.0704,0,IMP,0.0
3342,0.0664,0,High,0.0
7419,0.0437,0,Medium,0.0
4457,0.2246,0,Medium,0.0
14906,0.0223,0,Medium,0.0
3109,0.9857,1,Low,1.0
28360,0.3034,0,Low,0.0
1199,0.0458,0,Medium,0.0
27091,0.1261,0,Medium,1.0
39883,0.0515,0,Medium,0.0
36823,0.0369,0,Low,1.0
15072,0.3598,0,Low,0.0
40375,0.0489,0,Medium,0.0
23175,0.2157,0,Medium,0.0
42592,0.0444,0,High,0.0
39043,0.0435,0,Medium,0.0
31358,0.0578,0,IMP,0.0
46148,0.962,1,High,1.0
42241,0.0601,0,High,0.0
44852,0.0754,0,IMP,0.0
23704,0.043,0,Low,0.0
2780,0.9677,1,High,1.0
43294,0.5976,1,Low,0.0
3303,0.0655,0,Low,0.0
27367,0.0283,0,Medium,0.0
36311,0.1858,0,Medium,0.0
45017,0.0502,0,Medium,0.0
8352,0.0461,0,Medium,0.0
17161,0.9893,1,High,1.0
49253,0.0675,0,Medium,0.0
108,0.0549,0,High,0.0
46618,0.8214,1,Low,1.0
32390,0.0354,0,Low,0.0
17842,0.0566,0,IMP,0.0
46821,0.9796,1,Low,1.0
7592,0.0607,0,IMP,0.0
14773,0.0378,0,Medium,0.0
9196,0.0399,0,Low,0.0
6879,0.9891,1,High,1.0
48967,0.0622,0,Low,0.0
4402,0.0574,0,High,0.0
49165,0.0526,0,IMP,0.0
41820,0.0304,0,Medium,0.0
47973,0.058,0,Low,0.0
4250,0.8656,1,Low,1.0
27166,0.1531,0,Medium,0.0
47054,0.99,1,High,1.0
21162,0.0486,0,Medium,0.0
46504,0.0593,0,Medium,0.0
934,0.5169,1,Medium,0.0
25300,0.0368,0,Medium,0.0
19676,0.9859,1,Medium,1.0
49668,0.0209,0,Medium,0.0
41548,0.0542,0,Medium,0.0
29290,0.34,0,Low,0.0
28821,0.0192,0,Medium,0.0
40884,0.2348,0,Medium,0.0
16907,0.0642,0,Medium,0.0
38366,0.0264,0,Low,0.0
44895,0.1882,0,Medium,0.0
47875,0.0576,0,Low,0.0
29700,0.0604,0,Medium,0.0
4454,0.066,0,Medium,0.0
5846,0.0638,0,Low,0.0
38173,0.9874,1,IMP,1.0
39175,0.0634,0,IMP,0.0
47636,0.0444,0,Medium,0.0
12918,0.016,0,Low,0.0
28185,0.9879,1,Medium,1.0
7268,0.9882,1,VIP,1.0
19121,0.9938,1,IMP,1.0
44573,0.0684,0,Medium,0.0
36914,0.0927,0,IMP,0.0
40013,0.2442,0,Low,0.0
43835,0.9749,1,Medium,1.0
11156,0.9887,1,IMP,1.0
254,0.0563,0,VIP,0.0
35610,0.0396,0,Low,0.0
9011,0.9533,1,High,1.0
1998,0.0378,0,Medium,0.0
31557,0.0478,0,Medium,0.0
25086,0.0723,0,IMP,0.0
15092,0.028,0,Low,0.0
23806,0.0577,0,IMP,0.0
43195,0.0625,0,Medium,0.0
4491,0.6211,1,Medium,0.0
33915,0.0347,0,High,0.0
48535,0.0779,0,Medium,0.0
20175,0.9894,1,Low,1.0
40236,0.988,1,High,1.0
6316,0.056,0,Medium,0.0
15568,0.0704,0,Medium,0.0
46195,0.9906,1,Low,1.0
44581,0.0339,0,Low,0.0
32965,0.0915,0,High,0.0
7199,0.1513,0,IMP,0.0
31115,0.3355,0,High,0.0
33657,0.0639,0,Medium,0.0
14951,0.9777,1,Low,1.0
31778,0.0237,0,Medium,0.0
28885,0.0356,0,Medium,0.0
1283,0.0371,0,High,0.0
46840,0.9405,1,Low,1.0
19436,0.6537,1,Medium,1.0
49837,0.0545,0,Medium,0.0
44290,0.0313,0,Medium,0.0
31380,0.044,0,Medium,0.0
48144,0.0317,0,Medium,1.0
25441,0.044,0,Medium,0.0
49336,0.0187,0,Medium,0.0
1282,0.0535,0,IMP,0.0
34198,0.0486,0,Medium,0.0
48008,0.0598,0,Medium,0.0
35043,0.0563,0,High,0.0
13871,0.2576,0,High,0.0
18161,0.7928,1,Low,0.0
36999,0.0834,0,Medium,0.0
46668,0.9875,1,High,1.0
45507,0.0531,0,Medium,0.0
12091,0.0451,0,Medium,0.0
12010,0.0454,0,High,0.0
28211,0.8812,1,Medium,0.0
36736,0.0671,0,IMP,0.0
14452,0.0579,0,High,0.0
2824,0.0764,0,Low,0.0
1246,0.0554,0,Medium,0.0
2979,0.1029,0,Medium,0.0
13562,0.9911,1,IMP,1.0
36680,0.2086,0,Low,0.0
38843,0.0429,0,Medium,0.0
26793,0.0441,0,IMP,0.0
33258,0.0193,0,Medium,0.0
23282,0.1311,0,High,0.0
36321,0.0581,0,Medium,0.0
33918,0.5838,1,Low,0.0
13258,0.2393,0,Medium,0.0
45246,0.0371,0,Medium,0.0
38179,0.0408,0,High,0.0
28932,0.0618,0,Medium,0.0
964,0.0453,0,IMP,0.0
39313,0.8585,1,Medium,1.0
11770,0.9614,1,Low,1.0
34167,0.3229,0,Medium,1.0
6577,0.057,0,High,0.0
21932,0.6135,1,Medium,1.0
44060,0.0595,0,Low,0.0
33841,0.0653,0,Medium,0.0
8355,0.0408,0,Medium,0.0
4091,0.0355,0,Medium,0.0
44173,0.0524,0,IMP,0.0
18577,0.0593,0,IMP,0.0
3120,0.0631,0,Medium,0.0
41287,0.5321,0,Low,0.0
48502,0.0238,0,Medium,1.0
21777,0.4836,0,Low,1.0
5254,0.0518,0,Medium,0.0
47825,0.049,0,Medium,0.0
15277,0.0606,0,High,0.0
28908,0.9779,1,High,1.0
37210,0.4512,0,Low,0.0
28271,0.0284,0,Medium,0.0
43772,0.0572,0,IMP,0.0
1965,0.0585,0,Medium,0.0
41833,0.0525,0,Medium,0.0
4400,0.0736,0,IMP,0.0
43117,0.0348,0,Medium,0.0
6914,0.0531,0,Medium,0.0
42776,0.0579,0,Medium,0.0
31966,0.5301,0,Low,1.0
47273,0.4612,1,Medium,0.0
43473,0.0534,0,Medium,0.0
25152,0.0523,0,Low,0.0
37127,0.0514,0,Medium,0.0
26109,0.0591,0,Medium,0.0
38256,0.0347,0,Medium,0.0
4371,0.0336,0,Medium,0.0
2850,0.0792,0,Medium,0.0
40180,0.6304,1,Low,1.0
1884,0.0503,0,Medium,0.0
23516,0.0518,0,Medium,0.0
18254,0.0295,0,Medium,0.0
13490,0.4641,1,Medium,1.0
14107,0.9792,1,Medium,1.0
6324,0.0615,0,Medium,1.0
3665,0.0513,0,Medium,0.0
47204,0.0428,0,IMP,1.0
19700,0.0388,0,High,0.0
30503,0.4039,0,Low,1.0
15708,0.996,1,Low,1.0
48923,0.0428,0,IMP,0.0
36069,0.1333,0,Low,0.0
40710,0.4408,0,Low,1.0
12645,0.0441,0,Medium,0.0
36167,0.9764,1,High,1.0
11559,0.9617,1,Medium,1.0
1415,0.0533,0,Medium,0.0
12723,0.06,0,Medium,0.0
47364,0.0621,0,IMP,0.0
27840,0.3326,0,Low,1.0
40155,0.878,1,Low,1.0
30845,0.0516,0,High,0.0
23971,0.0336,0,Medium,0.0
41200,0.0374,0,Medium,0.0
36278,0.5704,1,High,0.0
42755,0.0626,0,Medium,0.0
20097,0.0692,0,High,0.0
12519,0.0364,0,Medium,0.0
37633,0.0445,0,IMP,0.0
36468,0.0566,0,Medium,0.0
42814,0.0735,0,Medium,0.0
40446,0.9873,1,High,1.0
22032,0.0737,0,IMP,0.0
26690,0.5789,1,Low,1.0
2749,0.9943,1,IMP,1.0
40644,0.0852,0,Low,0.0
43637,0.9898,1,Low,1.0
22236,0.0497,0,High,0.0
36258,0.0379,0,High,0.0
45844,0.8809,1,High,1.0
2777,0.2185,0,Low,0.0
18986,0.6263,1,Medium,1.0
1675,0.6043,1,Medium,0.0
42808,0.0267,0,Low,1.0
45230,0.062,0,Low,0.0
926,0.0452,0,Medium,0.0
28359,0.0507,0,Medium,0.0
38659,0.9522,1,Low,1.0
40750,0.1014,0,Medium,0.0
34463,0.063,0,IMP,0.0
34516,0.0345,0,Medium,0.0
42762,0.0527,0,Medium,0.0
18669,0.0327,0,Low,0.0
2453,0.0516,0,IMP,0.0
48520,0.9883,1,Low,1.0
30067,0.2463,0,Low,0.0
23002,0.0222,0,Low,0.0
25664,0.0811,0,High,1.0
25276,0.2539,0,High,0.0
23608,0.105,0,Medium,0.0
2128,0.0957,0,Low,0.0
28761,0.0899,0,Medium,0.0
40093,0.046,0,Medium,0.0
21411,0.7999,1,Low,1.0
46346,0.0287,0,Low,0.0
29562,0.777,1,Low,1.0
26220,0.0938,0,Medium,0.0
45044,0.0443,0,High,0.0
6571,0.056,0,Medium,1.0
12057,0.9612,1,High,1.0
2658,0.0478,0,Medium,0.0
7063,0.9304,1,Low,1.0
49886,0.1524,0,Medium,0.0
13022,0.0418,0,Medium,0.0
48208,0.066,0,High,0.0
24478,0.0713,0,High,0.0
19606,0.7438,1,Medium,0.0
41544,0.0271,0,Low,0.0
28308,0.073,0,IMP,0.0
43415,0.0582,0,High,0.0
11729,0.891,1,Low,0.0
1009,0.0452,0,Medium,0.0
16532,0.0629,0,High,0.0
35277,0.0349,0,Medium,1.0
25853,0.3371,0,Medium,0.0
271,0.0379,0,Medium,0.0
9236,0.0192,0,Medium,0.0
16862,0.038,0,IMP,0.0
16020,0.9913,1,High,1.0
10015,0.0513,0,Medium,0.0
41165,0.9597,1,Medium,1.0
4363,0.0479,0,High,0.0
46278,0.052,0,Medium,0.0
5237,0.0455,0,Medium,0.0
16184,0.0349,0,Medium,0.0
6843,0.3902,0,Low,0.0
11957,0.0451,0,Medium,0.0
44680,0.9036,1,Low,0.0
9831,0.0585,0,IMP,0.0
24352,0.9487,1,Medium,1.0
1380,0.0503,0,High,0.0
13469,0.5049,0,Low,0.0
42414,0.0465,0,IMP,0.0
8179,0.2303,0,Medium,0.0
3802,0.0676,0,High,0.0
5990,0.0537,0,Medium,0.0
28797,0.7967,1,Medium,1.0
45488,0.1469,0,Medium,0.0
47931,0.1854,0,Medium,0.0
31568,0.0268,0,Low,0.0
1618,0.8464,1,Low,1.0
31128,0.0439,0,High,0.0
18645,0.038,0,High,0.0
15765,0.1782,0,High,0.0
13078,0.0399,0,High,0.0
45416,0.5555,1,Medium,0.0
34374,0.0879,0,Low,1.0
8668,0.991,1,IMP,1.0
7746,0.9913,1,High,1.0
35379,0.059,0,High,0.0
30009,0.0562,0,Medium,0.0
20889,0.0569,0,High,0.0
8142,0.2542,0,Low,0.0
23965,0.9055,1,Medium,1.0
3966,0.0403,0,Medium,0.0
5679,0.0559,0,Medium,0.0
38752,0.9485,1,High,1.0
38472,0.0376,0,Medium,0.0
2375,0.0478,0,Medium,0.0
45985,0.058,0,High,0.0
20945,0.2629,0,Low,1.0
21785,0.0437,0,Medium,0.0
40416,0.0582,0,IMP,0.0
28140,0.0447,0,High,1.0
7813,0.0405,0,Medium,0.0
2458,0.7797,1,Low,1.0
35835,0.0703,0,Medium,0.0
1562,0.9698,1,High,1.0
8260,0.0623,0,Medium,0.0
4661,0.0363,0,Medium,0.0
4126,0.0838,0,IMP,0.0
22779,0.1519,0,Medium,0.0
33998,0.5793,1,Low,1.0
22301,0.0446,0,High,0.0
37906,0.051,0,Medium,0.0
25307,0.0456,0,Medium,0.0
20043,0.0896,0,Low,0.0
13418,0.0808,0,High,0.0
8784,0.0821,0,Medium,0.0
7144,0.0802,0,Medium,0.0
45174,0.0457,0,Medium,0.0
28681,0.1677,0,Low,0.0
12517,0.0599,0,Medium,0.0
26018,0.057,0,Medium,0.0
29000,0.0346,0,Low,0.0
9270,0.1881,0,Medium,0.0
4908,0.9921,1,IMP,1.0
39402,0.9844,1,Low,1.0
40636,0.0572,0,Medium,0.0
7475,0.0485,0,High,0.0
42971,0.9624,1,Low,1.0
29001,0.0521,0,Medium,0.0
27746,0.1138,0,Medium,0.0
3595,0.0329,0,Medium,0.0
42782,0.0749,0,Medium,0.0
12836,0.293,0,Low,0.0
22846,0.0657,0,IMP,0.0
26833,0.1868,0,Low,0.0
1230,0.0572,0,High,0.0
18779,0.1576,0,Medium,0.0
26570,0.0671,0,IMP,0.0
39568,0.0634,0,Medium,0.0
9748,0.0462,0,Medium,0.0
6986,0.1162,0,Low,0.0
44275,0.0585,0,Medium,0.0
41179,0.043,0,Medium,0.0
28153,0.8976,1,Medium,1.0
19569,0.965,1,Medium,1.0
9305,0.043,0,Medium,1.0
49143,0.966,1,Low,1.0
38045,0.1657,0,Medium,0.0
45357,0.9945,1,IMP,1.0
15963,0.0488,0,Medium,0.0
27016,0.0471,0,Medium,0.0
24421,0.99,1,IMP,1.0
20584,0.9823,1,IMP,1.0
23265,0.0524,0,IMP,0.0
12725,0.0422,0,Medium,0.0
38016,0.0452,0,Medium,0.0
24491,0.0784,0,Medium,1.0
40363,0.9918,1,IMP,1.0
13148,0.0418,0,Medium,0.0
31011,0.0818,0,IMP,0.0
37937,0.0434,0,Medium,0.0
13907,0.0677,0,Low,0.0
22813,0.477,0,Low,1.0
31464,0.0482,0,Medium,0.0
29114,0.4378,0,Low,0.0
28809,0.055,0,Low,0.0
17575,0.4437,1,Medium,0.0
15135,0.0403,0,Low,0.0
37852,0.2046,0,Low,0.0
44859,0.5879,1,Low,0.0
24586,0.0476,0,Medium,0.0
3260,0.0318,0,Low,0.0
31540,0.9846,1,High,1.0
27980,0.2561,0,Medium,1.0
38068,0.0881,0,Medium,0.0
30960,0.8838,1,Medium,1.0
49043,0.9717,1,High,1.0
32426,0.0348,0,Low,0.0
47483,0.0426,0,Medium,0.0
33886,0.0515,0,High,0.0
13721,0.0367,0,Low,0.0
11557,0.0691,0,IMP,0.0
41051,0.0672,0,High,0.0
39306,0.0385,0,Low,0.0
47995,0.0501,0,Medium,0.0
12933,0.1716,0,Medium,0.0
8808,0.0572,0,IMP,0.0
30725,0.945,1,Medium,1.0
12794,0.0171,0,Medium,0.0
20103,0.8132,1,Medium,1.0
48080,0.0526,0,IMP,0.0
29155,0.9701,1,Low,1.0
21477,0.0376,0,Medium,0.0
16182,0.0273,0,Low,0.0
20506,0.0416,0,Medium,0.0
33006,0.0331,0,Medium,0.0
26010,0.6298,1,Low,1.0
41104,0.0725,0,Medium,0.0
13492,0.83,1,Medium,0.0
43384,0.889,1,Low,1.0
18742,0.2115,0,Low,0.0
8133,0.0353,0,Medium,0.0
6063,0.0249,0,Medium,0.0
27310,0.0781,0,Medium,0.0
6705,0.1534,0,Low,0.0
26753,0.0468,0,Medium,0.0
38943,0.0357,0,Medium,0.0
39939,0.0328,0,Medium,0.0
30389,0.0839,0,Low,0.0
27945,0.8813,1,Medium,1.0
42098,0.9864,1,Medium,1.0
45803,0.0453,0,High,0.0
25423,0.1166,0,High,0.0
47428,0.0219,0,Low,0.0
30713,0.0502,0,Medium,0.0
13155,0.991,1,IMP,1.0
32264,0.2344,0,Low,0.0
12179,0.0405,0,Medium,0.0
23503,0.1871,0,Low,0.0
49774,0.4857,0,Low,0.0
21269,0.0331,0,Low,0.0
45745,0.9932,1,High,1.0
33619,0.0446,0,Medium,1.0
39997,0.1639,0,Medium,0.0
31422,0.0514,0,IMP,0.0
30926,0.0941,0,Medium,0.0
6999,0.0756,0,High,0.0
29787,0.0537,0,Medium,0.0
21692,0.0446,0,Low,0.0
2945,0.0377,0,High,0.0
17717,0.0601,0,High,0.0
34855,0.9709,1,Low,1.0
27064,0.1575,0,High,0.0
11297,0.0416,0,Medium,0.0
13428,0.9457,1,Medium,0.0
39086,0.1931,0,Low,0.0
20386,0.0407,0,Medium,0.0
30859,0.0854,0,High,0.0
37972,0.0706,0,Low,0.0
47316,0.0469,0,Medium,0.0
45769,0.0625,0,High,0.0
1421,0.1178,0,Medium,0.0
11003,0.0887,0,Medium,0.0
1525,0.0635,0,VIP,0.0
37458,0.0778,0,Low,0.0
2418,0.0698,0,Medium,0.0
15469,0.0706,0,High,0.0
46920,0.0487,0,IMP,0.0
17570,0.0486,0,High,0.0
29431,0.0416,0,Medium,0.0
34998,0.9962,1,Medium,1.0
1290,0.0382,0,Medium,0.0
46694,0.0635,0,Medium,0.0
44560,0.5245,0,Low,0.0
36927,0.1205,0,Low,0.0
25140,0.9445,1,Medium,1.0
38917,0.0845,0,Medium,0.0
21325,0.0633,0,High,0.0
12040,0.0263,0,Medium,0.0
31940,0.0451,0,Medium,0.0
3023,0.9607,1,Low,1.0
23030,0.0523,0,IMP,0.0
1774,0.0377,0,Medium,0.0
27076,0.0681,0,High,0.0
49912,0.882,1,Low,1.0
25299,0.2038,0,Medium,0.0
47910,0.9876,1,High,1.0
9978,0.3595,0,Low,1.0
5317,0.064,0,Medium,0.0
39235,0.2313,0,Low,0.0
4953,0.9923,1,IMP,1.0
15143,0.0622,0,IMP,0.0
12614,0.0354,0,Medium,0.0
30014,0.058,0,Medium,0.0
38833,0.9942,1,IMP,1.0
31370,0.0637,0,Medium,0.0
46845,0.052,0,IMP,0.0
11488,0.5931,1,Low,0.0
28372,0.0518,0,Medium,0.0
9707,0.072,0,IMP,0.0
44839,0.2956,0,Medium,0.0
43652,0.0447,0,Medium,1.0
3881,0.1677,0,Low,0.0
46367,0.0491,0,High,0.0
31563,0.0406,0,Medium,0.0
16170,0.9894,1,Low,1.0
2635,0.0449,0,Medium,0.0
37524,0.0549,0,IMP,0.0
8878,0.0446,0,Medium,0.0
42476,0.2967,0,Medium,0.0
12439,0.8337,1,Low,1.0
31273,0.0664,0,High,0.0
23935,0.9803,1,Low,1.0
43433,0.7655,1,Medium,1.0
30850,0.3366,0,Low,1.0
22949,0.3444,0,Medium,1.0
27888,0.0414,0,Medium,0.0
37873,0.592,1,High,1.0
42063,0.0696,0,IMP,0.0
27382,0.0351,0,Medium,0.0
13639,0.0615,0,Medium,0.0
45003,0.0506,0,High,0.0
5548,0.9842,1,Medium,1.0
16790,0.9927,1,High,1.0
5431,0.0503,0,Medium,1.0
33106,0.341,0,Low,0.0
26610,0.046,0,Medium,0.0
44412,0.0603,0,IMP,0.0
19642,0.9922,1,IMP,1.0
405,0.0292,0,Medium,0.0
47555,0.0383,0,High,0.0
4657,0.0225,0,Low,0.0
34969,0.0616,0,High,0.0
1144,0.0568,0,Medium,0.0
624,0.0748,0,Medium,1.0
8152,0.203,0,Medium,0.0
17557,0.0575,0,IMP,0.0
16772,0.8532,1,High,1.0
49410,0.9696,1,Low,1.0
37456,0.076,0,Medium,0.0
43588,0.0163,0,Medium,0.0
36570,0.2003,0,Medium,0.0
37742,0.5136,0,Low,1.0
23871,0.0477,0,Medium,0.0
27389,0.0491,0,Low,0.0
10409,0.9771,1,High,1.0
4003,0.0318,0,Medium,0.0
23358,0.9997,1,IMP,1.0
26986,0.0632,0,Medium,0.0
10371,0.0475,0,High,0.0
15438,0.0461,0,Medium,0.0
48978,0.4956,0,Low,1.0
14626,0.5731,1,Medium,0.0
15276,0.9889,1,VIP,1.0
2034,0.0827,0,Medium,0.0
804,0.0409,0,Medium,0.0
19836,0.0507,0,Medium,0.0
6380,0.0433,0,Medium,0.0
1737,0.0709,0,Medium,0.0
6694,0.9866,1,High,1.0
24430,0.0585,0,Medium,0.0
33198,0.0368,0,Medium,0.0
1529,0.0328,0,Medium,0.0
32512,0.0636,0,High,0.0
42719,0.0471,0,High,0.0
44967,0.0373,0,IMP,0.0
48741,0.9085,1,Medium,1.0
38600,0.3249,0,Low,0.0
49946,0.4174,0,Low,0.0
24755,0.0335,0,Low,0.0
18803,0.0344,0,Low,0.0
5960,0.0484,0,Medium,0.0
39384,0.0357,0,High,0.0
39933,0.2925,0,Low,1.0
39307,0.9577,1,Medium,1.0
37558,0.988,1,High,1.0
33473,0.9845,1,Medium,1.0
27997,0.0321,0,Low,0.0
43395,0.0496,0,Medium,0.0
21385,0.3204,0,Medium,1.0
30332,0.0707,0,IMP,0.0
23966,0.955,1,Low,1.0
22911,0.0521,0,Medium,0.0
11195,0.0325,0,Medium,0.0
32967,0.9797,1,Medium,1.0
22952,0.1515,0,Medium,0.0
30159,0.0712,0,IMP,0.0
21353,0.0436,0,Medium,0.0
32247,0.1609,0,Medium,0.0
22258,0.0422,0,Medium,0.0
33564,0.0491,0,Medium,0.0
37332,0.0604,0,IMP,0.0
6048,0.0489,0,Medium,0.0
35997,0.0674,0,Medium,0.0
28694,0.1098,0,Low,0.0
18571,0.1749,0,Medium,0.0
17315,0.0414,0,Medium,0.0
12714,0.0539,0,IMP,0.0
46794,0.5243,0,Low,1.0
20099,0.0602,0,Medium,0.0
40587,0.0385,0,Low,0.0
18051,0.6525,1,Low,1.0
3822,0.0545,0,Medium,0.0
3482,0.0601,0,Medium,0.0
40556,0.1479,0,Low,0.0
25651,0.0647,0,High,0.0
14701,0.0669,0,Medium,0.0
21358,0.0353,0,Medium,0.0
22116,0.9603,1,Low,1.0
18262,0.0372,0,Medium,0.0
49449,0.0725,0,High,0.0
35062,0.0267,0,Medium,0.0
40494,0.0471,0,Low,0.0
39081,0.9842,1,Medium,1.0
20857,0.0414,0,Medium,0.0
22953,0.0503,0,Medium,0.0
45015,0.0521,0,Medium,0.0
42493,0.9623,1,Low,1.0
29321,0.0549,0,Medium,0.0
28658,0.0567,0,High,0.0
41364,0.3475,0,Medium,1.0
28175,0.0483,0,Medium,0.0
41885,0.0502,0,High,0.0
28708,0.0648,0,IMP,0.0
18255,0.9945,1,High,1.0
41866,0.0523,0,Medium,0.0
6887,0.0565,0,Medium,0.0
22428,0.2378,0,Medium,1.0
40126,0.0383,0,Medium,0.0
40536,0.9856,1,IMP,1.0
27916,0.0908,0,Medium,0.0
48912,0.0941,0,Medium,0.0
40425,0.7451,1,Low,1.0
17683,0.035,0,Low,0.0
17366,0.0506,0,Medium,0.0
13505,0.0835,0,Medium,0.0
30091,0.6268,1,Medium,0.0
9754,0.0614,0,Medium,0.0
13916,0.9442,1,High,1.0
45847,0.0413,0,Medium,0.0
33388,0.0391,0,Medium,0.0
45525,0.0273,0,Medium,0.0
1609,0.9927,1,IMP,1.0
33772,0.0821,0,Low,0.0
27947,0.0597,0,Medium,0.0
33411,0.0774,0,High,0.0
1485,0.0576,0,Medium,0.0
26600,0.0301,0,Medium,0.0
34771,0.9759,1,IMP,1.0
12767,0.0312,0,Low,0.0
20959,0.4866,0,Low,0.0
21250,0.949,1,Low,1.0
8653,0.0447,0,Medium,0.0
18562,0.0898,0,Medium,1.0
27984,0.0487,0,Medium,0.0
12491,0.0725,0,VIP,0.0
42893,0.0483,0,Medium,0.0
20838,0.6295,1,Low,1.0
10090,0.9021,1,Low,1.0
29971,0.0492,0,Low,0.0
30759,0.0564,0,Medium,0.0
46412,0.6146,1,Low,1.0
10881,0.0584,0,Medium,0.0
30263,0.0549,0,IMP,0.0
40917,0.0411,0,Medium,0.0
16658,0.9335,1,Low,1.0
12477,0.0437,0,Medium,0.0
37505,0.9913,1,High,1.0
42873,0.9889,1,Low,1.0
16004,0.0467,0,Medium,0.0
20493,0.496,1,Medium,1.0
8059,0.989,1,High,1.0
28925,0.126,0,High,0.0
48377,0.0828,0,Medium,0.0
12861,0.0435,0,Medium,0.0
14816,0.0513,0,Medium,0.0
10305,0.9694,1,Low,1.0
15845,0.0217,0,Low,0.0
38246,0.0309,0,Medium,0.0
10834,0.0325,0,Medium,0.0
12863,0.0544,0,Medium,0.0
32022,0.1272,0,Low,0.0
35517,0.0574,0,High,0.0
24389,0.0367,0,Low,0.0
13070,0.0419,0,Medium,0.0
47234,0.9854,1,Medium,1.0
27663,0.0645,0,High,0.0
15678,0.086,0,Medium,0.0
46826,0.8473,1,Medium,1.0
28689,0.4429,0,Low,0.0
49222,0.977,1,High,1.0
42777,0.0734,0,Low,0.0
38464,0.9935,1,IMP,1.0
14113,0.6224,1,Medium,1.0
35772,0.0475,0,Medium,0.0
24918,0.0828,0,High,0.0
27619,0.121,0,Medium,0.0
32164,0.5914,1,Low,0.0
15084,0.9834,1,Low,1.0
11512,0.9936,1,IMP,1.0
29523,0.0251,0,Low,0.0
25542,0.066,0,High,0.0
43829,0.0649,0,High,1.0
44397,0.5302,0,Low,1.0
3671,0.0346,0,Medium,0.0
7485,0.13,0,Low,1.0
42446,0.6837,1,Low,1.0
37992,0.7308,1,Low,0.0
43172,0.9363,1,Medium,1.0
30378,0.0382,0,Medium,0.0
35690,0.6373,1,Medium,1.0
27637,0.2473,0,Medium,0.0
47682,0.9927,1,High,1.0
5013,0.0272,0,Medium,0.0
16393,0.9876,1,High,1.0
36505,0.0459,0,High,0.0
39060,0.0688,0,IMP,0.0
30450,0.0477,0,High,0.0
19046,0.0489,0,High,0.0
27086,0.8252,1,Low,0.0
43808,0.9895,1,Low,1.0
15013,0.0323,0,High,0.0
21974,0.0277,0,Low,1.0
14786,0.1318,0,Low,0.0
42394,0.7068,1,Low,1.0
42322,0.0567,0,Medium,0.0
31462,0.847,1,Medium,1.0
45902,0.0728,0,High,0.0
48246,0.0328,0,Medium,0.0
13664,0.1911,0,Low,0.0
49677,0.0343,0,Medium,0.0
32384,0.0745,0,IMP,0.0
46646,0.4414,0,Low,0.0
17893,0.1093,0,Low,0.0
8075,0.0799,0,Low,0.0
43348,0.0668,0,High,0.0
39015,0.9869,1,High,1.0
30343,0.0429,0,Medium,0.0
37938,0.0767,0,Medium,0.0
1504,0.8876,1,Low,1.0
1335,0.0412,0,Medium,0.0
7187,0.759,1,Medium,1.0
15028,0.4796,1,Medium,1.0
40407,0.1031,0,Low,0.0
39865,0.0629,0,High,0.0
48602,0.0594,0,High,0.0
43728,0.0462,0,IMP,0.0
33801,0.8933,1,High,1.0
33771,0.0447,0,Medium,0.0
3362,0.0661,0,Medium,0.0
19934,0.0435,0,IMP,0.0
1850,0.982,1,Low,1.0
66,0.0399,0,Medium,0.0
9204,0.9483,1,Low,1.0
5360,0.049,0,High,0.0
38361,0.0377,0,Medium,0.0
6888,0.063,0,High,0.0
7797,0.0619,0,VIP,0.0
33811,0.0491,0,Medium,0.0
30599,0.9935,1,High,1.0
2397,0.0696,0,Medium,1.0
30183,0.1986,0,Low,0.0
47506,0.988,1,Low,1.0
19803,0.978,1,Medium,1.0
4705,0.7413,1,Low,1.0
27780,0.0654,0,Medium,0.0
46602,0.1464,0,Medium,0.0
12215,0.0634,0,High,0.0
4682,0.987,1,IMP,1.0
28707,0.0594,0,High,0.0
40753,0.0456,0,Medium,0.0
29605,0.9723,1,Medium,1.0
19568,0.9928,1,High,1.0
20851,0.0733,0,Medium,0.0
39773,0.9778,1,Medium,1.0
18299,0.0311,0,Low,0.0
18711,0.0614,0,Medium,0.0
38307,0.0272,0,Low,0.0
30369,0.2801,0,Medium,0.0
43216,0.9151,1,High,1.0
45808,0.1848,0,Low,0.0
27690,0.0465,0,IMP,0.0
37901,0.2921,0,Medium,0.0
48889,0.0507,0,Medium,0.0
41168,0.0312,0,Medium,0.0
33623,0.0422,0,Medium,0.0
34089,0.0395,0,Medium,0.0
1502,0.0702,0,Medium,0.0
25868,0.0512,0,Medium,0.0
8307,0.0576,0,Medium,0.0
3050,0.0563,0,High,0.0
6466,0.9492,1,Medium,1.0
8414,0.0416,0,Medium,0.0
3013,0.9777,1,High,1.0
25215,0.9211,1,Low,1.0
22834,0.6159,1,Low,1.0
45239,0.251,0,Low,0.0
22218,0.0649,0,Medium,0.0
16085,0.2913,0,Medium,0.0
1129,0.0484,0,Medium,0.0
15094,0.0351,0,Medium,0.0
13669,0.5207,1,Medium,1.0
24951,0.2188,0,Low,0.0
40252,0.0682,0,High,0.0
2871,0.0507,0,Medium,0.0
36285,0.4009,0,Low,0.0
48524,0.0594,0,IMP,0.0
36998,0.0571,0,Low,0.0
28066,0.0476,0,Medium,1.0
31487,0.0625,0,Medium,0.0
49898,0.032,0,Low,0.0
40307,0.0306,0,Low,0.0
2547,0.0414,0,High,0.0
24783,0.1277,0,Low,0.0
17113,0.0417,0,Medium,0.0
11051,0.0376,0,Medium,0.0
11306,0.03,0,Low,0.0
4015,0.1872,0,Low,0.0
38853,0.0408,0,Medium,0.0
6038,0.1752,0,Low,0.0
45825,0.0474,0,IMP,0.0
25335,0.0293,0,Low,0.0
48640,0.0456,0,Medium,0.0
41264,0.8134,1,Low,1.0
1730,0.3632,0,Medium,1.0
36138,0.0498,0,Medium,0.0
12048,0.844,1,Medium,1.0
39304,0.4013,0,Low,0.0
25537,0.0436,0,Medium,0.0
24578,0.0515,0,Medium,0.0
7117,0.8672,1,Medium,1.0
37338,0.0375,0,Medium,0.0
16039,0.0931,0,IMP,0.0
26556,0.0277,0,Medium,0.0
8122,0.0461,0,Medium,0.0
40334,0.9873,1,High,1.0
41593,0.9782,1,Medium,1.0
18430,0.0535,0,VIP,0.0
42195,0.0553,0,Medium,1.0
39197,0.3886,0,Low,1.0
5338,0.1731,0,High,0.0
15813,0.0549,0,Medium,0.0
19988,0.0201,0,Low,0.0
9578,0.0453,0,Medium,0.0
37560,0.0405,0,Medium,0.0
26703,0.0741,0,Medium,0.0
15403,0.0508,0,Medium,0.0
34136,0.045,0,Medium,0.0
26761,0.917,1,Medium,1.0
30549,0.0423,0,High,0.0
26388,0.0453,0,Medium,0.0
33754,0.9605,1,Low,0.0
38972,0.0484,0,Medium,0.0
27614,0.0515,0,Medium,0.0
34701,0.4202,1,Medium,1.0
252,0.0461,0,Medium,0.0
222,0.9745,1,IMP,1.0
46487,0.0369,0,Low,0.0
6098,0.0389,0,Low,0.0
40564,0.6093,1,Medium,1.0
45278,0.9775,1,Low,1.0
9553,0.0367,0,Medium,0.0
14851,0.0462,0,Low,1.0
13218,0.1583,0,Medium,0.0
4318,0.1766,0,Low,0.0
23582,0.1883,0,Medium,1.0
43556,0.0345,0,Low,0.0
32394,0.9928,1,High,1.0
24498,0.8283,1,High,1.0
26808,0.1674,0,Low,0.0
36665,0.9242,1,Low,1.0
7081,0.24,0,Medium,0.0
39325,0.1547,0,High,0.0
25905,0.0659,0,Low,1.0
21536,0.3628,0,Medium,0.0
34164,0.5183,0,Low,1.0
15286,0.0359,0,Low,0.0
6247,0.0518,0,Medium,0.0
47572,0.274,0,Medium,0.0
12696,0.0342,0,IMP,0.0
17564,0.487,0,Low,1.0
26508,0.0357,0,Medium,0.0
8751,0.0519,0,IMP,0.0
32342,0.9026,1,Medium,1.0
26084,0.0558,0,Medium,0.0
28413,0.9787,1,IMP,1.0
4674,0.9561,1,Low,1.0
24630,0.9791,1,Low,1.0
41349,0.0439,0,Medium,0.0
17529,0.131,0,Medium,0.0
14449,0.0236,0,Low,0.0
32485,0.275,0,High,0.0
34036,0.0465,0,Medium,0.0
10392,0.0385,0,Medium,0.0
18887,0.1441,0,Medium,0.0
7928,0.0561,0,Low,0.0
26728,0.1202,0,Medium,0.0
26059,0.106,0,Medium,0.0
15532,0.9872,1,IMP,1.0
8838,0.4127,0,Low,0.0
10033,0.0416,0,Medium,0.0
4183,0.988,1,High,1.0
1864,0.9228,1,Low,1.0
34995,0.0293,0,Medium,0.0
44398,0.0531,0,Medium,0.0
33047,0.0651,0,Low,0.0
18788,0.0514,0,Medium,0.0
32021,0.0711,0,Medium,0.0
15001,0.1596,0,Low,0.0
28311,0.0559,0,Medium,0.0
14221,0.1722,0,Low,0.0
12987,0.0776,0,Medium,0.0
5693,0.0918,0,Medium,0.0
5525,0.428,1,High,0.0
4766,0.0571,0,High,0.0
35110,0.0499,0,Medium,0.0
2007,0.0615,0,Medium,0.0
35753,0.9693,1,High,1.0
9496,0.2888,0,Medium,0.0
8073,0.0706,0,High,0.0
8830,0.0504,0,IMP,0.0
39479,0.0663,0,Low,1.0
41116,0.0505,0,IMP,0.0
33114,0.0769,0,IMP,0.0
10293,0.0609,0,High,1.0
8230,0.0541,0,Medium,0.0
4841,0.0353,0,Medium,0.0
181,0.1276,0,Medium,0.0
37439,0.0356,0,Medium,0.0
1828,0.0536,0,Medium,0.0
37987,0.9754,1,Low,1.0
5241,0.4647,1,Medium,0.0
18194,0.0438,0,Low,0.0
37919,0.1943,0,Low,1.0
24939,0.0984,0,Low,0.0
31721,0.0421,0,Low,0.0
41320,0.984,1,Low,1.0
27348,0.0453,0,Medium,0.0
18630,0.0651,0,Medium,0.0
28589,0.6057,1,Medium,1.0
44142,0.0454,0,High,0.0
43507,0.0433,0,Low,0.0
35357,0.5038,1,Medium,0.0
13456,0.0806,0,Low,0.0
8367,0.038,0,Low,0.0
35058,0.0329,0,Medium,0.0
22219,0.0598,0,Medium,0.0
16178,0.4131,0,Low,1.0
28228,0.9712,1,Medium,1.0
11745,0.9928,1,High,1.0
12658,0.0427,0,Medium,0.0
49279,0.0741,0,Medium,0.0
6797,0.0605,0,Medium,0.0
20354,0.1617,0,Medium,0.0
44403,0.0536,0,Medium,0.0
28846,0.0312,0,Medium,0.0
22391,0.9895,1,Medium,1.0
34154,0.906,1,Low,1.0
9350,0.5001,1,Medium,0.0
39339,0.1716,0,Low,0.0
45176,0.9768,1,Low,0.0
35513,0.8997,1,Low,1.0
45138,0.0568,0,Medium,0.0
31446,0.0528,0,Medium,0.0
17765,0.071,0,High,0.0
21274,0.0575,0,Medium,0.0
37980,0.9153,1,Low,1.0
29776,0.2533,0,Medium,1.0
13424,0.0627,0,Medium,1.0
28561,0.972,1,Low,1.0
7591,0.0589,0,High,1.0
35501,0.0372,0,Medium,0.0
43960,0.0513,0,Medium,0.0
44818,0.0418,0,Medium,0.0
48043,0.019,0,Low,0.0
22129,0.1274,0,Low,0.0
35018,0.0288,0,Low,0.0
14039,0.9752,1,IMP,1.0
18623,0.0558,0,Medium,0.0
22397,0.0393,0,Medium,0.0
46538,0.9902,1,IMP,1.0
15263,0.0382,0,Medium,0.0
12869,0.0205,0,Medium,0.0
33248,0.0475,0,High,1.0
34950,0.0591,0,Medium,0.0
30249,0.9886,1,High,1.0
44143,0.7273,1,Low,0.0
36339,0.981,1,High,1.0
31847,0.2626,0,Medium,0.0
5461,0.8345,1,Low,1.0
47196,0.9999,1,High,1.0
23130,0.06,0,Medium,0.0
176,0.0557,0,High,0.0
36552,0.0565,0,Medium,0.0
19567,0.0431,0,Medium,0.0
6202,0.0505,0,Medium,0.0
14896,0.0463,0,Medium,0.0
41906,0.9881,1,Medium,1.0
40096,0.0431,0,High,0.0
6320,0.05,0,Medium,0.0
17757,0.0224,0,Medium,0.0
16332,0.0509,0,VIP,0.0
556,0.0499,0,Medium,0.0
26933,0.0698,0,Medium,0.0
28279,0.1018,0,Medium,0.0
39986,0.2281,0,Medium,0.0
16171,0.0614,0,High,0.0
46307,0.9953,1,Medium,1.0
18131,0.0648,0,Medium,0.0
49822,0.0454,0,Medium,0.0
40544,0.0433,0,Medium,0.0
23811,0.053,0,Medium,0.0
3269,0.0501,0,Medium,0.0
5348,0.9993,1,High,1.0
23801,0.9881,1,Low,1.0
10821,0.9846,1,Low,1.0
9097,0.9997,1,High,1.0
1027,0.1166,0,Medium,0.0
36877,0.0483,0,High,0.0
37296,0.038,0,Low,0.0
26921,0.95,1,Low,1.0
38888,0.0479,0,High,0.0
297,0.0377,0,Medium,0.0
30194,0.0468,0,High,0.0
42504,0.9955,1,IMP,1.0
43464,0.0584,0,High,0.0
47467,0.2373,0,Low,0.0
47921,0.0555,0,Medium,0.0
17798,0.1769,0,Low,0.0
45573,0.9946,1,High,1.0
23069,0.9851,1,High,1.0
14354,0.1128,0,Low,0.0
46075,0.9884,1,High,1.0
28305,0.137,0,VIP,0.0
14760,0.0514,0,Medium,0.0
18685,0.9786,1,Medium,1.0
24696,0.0281,0,Medium,0.0
28551,0.0549,0,Medium,0.0
28103,0.05,0,Low,0.0
1544,0.0764,0,IMP,0.0
13700,0.0648,0,High,0.0
36658,0.0594,0,IMP,0.0
6428,0.0418,0,Medium,0.0
4169,0.0337,0,Low,0.0
7809,0.7002,1,Low,1.0
3826,0.1559,0,Low,0.0
39895,0.9491,1,Medium,1.0
37203,0.0673,0,Medium,0.0
3053,0.7689,1,Low,1.0
20697,0.0554,0,Medium,0.0
261,0.1882,0,High,0.0
38277,0.0278,0,Medium,0.0
10150,0.0474,0,Medium,0.0
24870,0.9826,1,Low,1.0
47263,0.098,0,Medium,1.0
31736,0.0426,0,Medium,0.0
25068,0.9905,1,High,1.0
20034,0.0534,0,IMP,0.0
37357,0.0638,0,IMP,0.0
28530,0.0639,0,Low,0.0
14525,0.0432,0,Medium,0.0
21802,0.0567,0,High,0.0
1631,0.5286,0,Low,1.0
32186,0.2179,0,Low,0.0
44879,0.9908,1,High,1.0
30607,0.1591,0,Medium,0.0
42315,0.0375,0,Low,0.0
15877,0.0333,0,Low,0.0
15224,0.0439,0,High,0.0
13800,0.052,0,Medium,0.0
48085,0.9927,1,High,1.0
31268,0.5551,1,Low,1.0
23311,0.0676,0,High,0.0
21564,0.979,1,Low,1.0
45531,0.0352,0,Medium,0.0
23720,0.0468,0,Low,0.0
19697,0.4552,0,Low,1.0
26721,0.4215,1,Medium,1.0
436,0.9945,1,IMP,1.0
34404,0.0479,0,Medium,0.0
41799,0.95,1,Medium,1.0
24773,0.0497,0,Medium,0.0
18256,0.7516,1,Low,1.0
41261,0.9934,1,IMP,1.0
17507,0.0402,0,Low,0.0
9272,0.0476,0,Medium,0.0
28514,0.5645,1,Medium,1.0
20751,0.0351,0,Medium,0.0
22783,0.0686,0,Medium,0.0
25519,0.977,1,High,1.0
19087,0.0564,0,Medium,0.0
24540,0.041,0,High,0.0
39770,0.0184,0,Low,0.0
31588,0.7214,1,Medium,1.0
32449,0.1164,0,Medium,1.0
28669,0.0535,0,High,0.0
40643,0.1293,0,Low,0.0
19463,0.0424,0,Medium,0.0
10109,0.4052,0,Low,0.0
43959,0.0572,0,High,1.0
47839,0.0572,0,High,0.0
15615,0.0394,0,High,0.0
1142,0.2062,0,Medium,0.0
19998,0.0417,0,Medium,0.0
2052,0.6065,1,Medium,1.0
34655,0.4628,0,Low,1.0
33547,0.6188,1,Medium,1.0
34109,0.049,0,High,0.0
13929,0.1893,0,Low,1.0
17946,0.0609,0,IMP,0.0
35025,0.0342,0,Medium,0.0
30213,0.9794,1,High,1.0
48824,0.0417,0,High,0.0
22254,0.9874,1,High,1.0
29100,0.2637,0,Medium,1.0
24796,0.0572,0,Medium,0.0
25090,0.0481,0,Medium,0.0
16303,0.0548,0,High,0.0
12709,0.0419,0,Medium,0.0
26497,0.939,1,Low,1.0
29585,0.0523,0,Medium,0.0
12012,0.0403,0,Medium,0.0
46189,0.0318,0,Medium,0.0
16795,0.1825,0,Medium,0.0
40373,0.0644,0,Medium,0.0
45565,0.2509,0,Medium,0.0
43106,0.9103,1,Low,1.0
14864,0.0823,0,Medium,0.0
8879,0.4394,0,Low,1.0
34879,0.0238,0,Medium,0.0
11364,0.0521,0,IMP,0.0
29510,0.9497,1,High,1.0
16407,0.1467,0,Medium,0.0
26081,0.7473,1,Low,1.0
41436,0.0451,0,Medium,0.0
21422,0.0552,0,Medium,0.0
38287,0.2007,0,High,0.0
48953,0.0488,0,Medium,0.0
43208,0.7572,1,Medium,1.0
44782,0.8948,1,Low,1.0
32833,0.0408,0,Medium,0.0
18824,0.3133,0,Low,0.0
41533,0.9883,1,High,1.0
28974,0.0373,0,Medium,0.0
49503,0.0662,0,Medium,1.0
48950,0.0573,0,Medium,0.0
21977,0.0764,0,Medium,0.0
36136,0.9781,1,Low,1.0
17896,0.9787,1,Low,1.0
14516,0.0592,0,Medium,0.0
30873,0.0559,0,Medium,1.0
47834,0.0519,0,High,0.0
41424,0.0578,0,Low,0.0
28184,0.0202,0,Low,0.0
46928,0.2954,0,Medium,0.0
48509,0.066,0,IMP,0.0
3833,0.0866,0,High,0.0
5272,0.0383,0,Low,0.0
35152,0.9959,1,Medium,1.0
48797,0.0614,0,High,0.0
42783,0.0293,0,Medium,0.0
43014,0.0501,0,Low,0.0
26563,0.9818,1,Medium,1.0
34314,0.0423,0,Medium,0.0
39088,0.0509,0,High,0.0
28504,0.1376,0,Medium,0.0
49746,0.0194,0,Medium,0.0
44524,0.5588,1,Medium,1.0
20416,0.058,0,Medium,0.0
45436,0.0373,0,Medium,0.0
44029,0.0662,0,Low,0.0
8347,0.0577,0,High,0.0
33669,0.0647,0,Medium,0.0
8509,0.039,0,Low,0.0
1001,0.0354,0,Medium,0.0
42901,0.0214,0,Low,0.0
24337,0.2307,0,Low,1.0
4909,0.9674,1,High,1.0
11257,0.0463,0,High,0.0
42644,0.177,0,Low,0.0
5197,0.4662,0,Low,1.0
21373,0.0607,0,IMP,0.0
18298,0.058,0,Medium,0.0
28555,0.0273,0,Medium,0.0
29854,0.0172,0,Medium,0.0
736,0.0496,0,Medium,0.0
24410,0.6702,1,Low,1.0
9226,0.0794,0,Medium,0.0
688,0.0434,0,Medium,0.0
5799,0.0492,0,Medium,0.0
1524,0.0313,0,Low,0.0
11442,0.0588,0,IMP,0.0
34020,0.0436,0,Medium,0.0
17622,0.0497,0,IMP,0.0
49240,0.0567,0,Medium,0.0
26478,0.4307,1,Medium,1.0
48644,0.061,0,IMP,0.0
25628,0.1116,0,Medium,0.0
31482,0.0407,0,Medium,0.0
47200,0.0293,0,Medium,0.0
16502,0.2222,0,Low,1.0
27330,0.0312,0,Low,1.0
35209,0.1348,0,Medium,0.0
32891,0.0448,0,Medium,1.0
44266,0.0654,0,Medium,0.0
17684,0.0475,0,Medium,0.0
37890,0.056,0,Medium,0.0
17568,0.9985,1,High,1.0
15722,0.0517,0,IMP,0.0
36686,0.0678,0,High,0.0
49187,0.2958,0,Low,1.0
47362,0.0486,0,Medium,0.0
18088,0.0699,0,IMP,1.0
9085,0.0531,0,Medium,0.0
11909,0.0336,0,Low,0.0
46293,0.1272,0,Medium,0.0
25946,0.8816,1,Medium,1.0
48081,0.1849,0,Low,0.0
19678,0.0594,0,High,0.0
29967,0.0449,0,Medium,0.0
26205,0.0277,0,Medium,1.0
23739,0.1808,0,Low,0.0
41909,0.0592,0,IMP,0.0
36060,0.9975,1,IMP,1.0
39187,0.0397,0,Medium,0.0
30243,0.9881,1,High,1.0
2536,0.0693,0,Low,0.0
31417,0.3259,0,Low,0.0
33590,0.0334,0,Medium,0.0
25521,0.1001,0,Medium,0.0
35182,0.0511,0,High,1.0
39354,0.4045,0,Low,1.0
18853,0.0557,0,IMP,0.0
34770,0.9188,1,Medium,1.0
13274,0.053,0,High,0.0
17559,0.0367,0,Medium,0.0
2758,0.0381,0,Medium,0.0
24934,0.1507,0,Medium,0.0
1105,0.0646,0,Medium,0.0
12273,0.9796,1,High,1.0
31455,0.0529,0,Low,0.0
14932,0.053,0,Low,0.0
29672,0.9919,1,High,1.0
6146,0.3403,0,Low,0.0
36317,0.0353,0,High,0.0
15727,0.9825,1,Low,1.0
20908,0.0441,0,Low,0.0
19754,0.0396,0,Medium,0.0
38090,0.0492,0,Medium,0.0
19729,0.0504,0,Medium,0.0
6725,0.0507,0,High,0.0
10864,0.7342,1,Low,1.0
8615,0.0528,0,Low,0.0
34058,0.0642,0,IMP,0.0
9863,0.0473,0,Medium,0.0
29354,0.0499,0,Medium,0.0
24464,0.0314,0,Medium,0.0
49575,0.6013,1,Low,1.0
46521,0.9645,1,Low,1.0
33189,0.2156,0,Medium,0.0
39039,0.6056,1,Medium,1.0
17525,0.0323,0,Medium,0.0
2915,0.1616,0,Medium,0.0
30908,0.9921,1,High,1.0
35894,0.9865,1,High,1.0
17909,0.0453,0,Medium,0.0
38026,0.0627,0,High,0.0
26943,0.9784,1,Low,1.0
44746,0.054,0,Low,0.0
18827,0.1057,0,Medium,0.0
237,0.5214,1,Medium,0.0
27105,0.0533,0,Medium,0.0
19439,0.0319,0,Medium,0.0
40907,0.9465,1,Medium,1.0
15260,0.6241,1,Medium,1.0
45695,0.0477,0,Medium,0.0
34707,0.0524,0,Medium,0.0
27872,0.0407,0,Medium,0.0
8788,0.0323,0,Medium,0.0
47843,0.9695,1,High,1.0
33759,0.9661,1,Low,1.0
46106,0.9899,1,IMP,1.0
17612,0.0325,0,High,0.0
6960,0.1136,0,Low,0.0
2540,0.0688,0,High,0.0
11865,0.9485,1,Medium,1.0
47701,0.0995,0,Low,0.0
23712,0.0479,0,High,0.0
36829,0.0768,0,High,0.0
35438,0.0527,0,IMP,0.0
37251,0.0638,0,High,0.0
4078,0.9928,1,IMP,1.0
28929,0.0461,0,High,0.0
44158,0.1555,0,Medium,0.0
49860,0.0726,0,High,0.0
45317,0.0216,0,Medium,0.0
16214,0.9849,1,Medium,1.0
21512,0.1335,0,Low,0.0
36731,0.0777,0,Medium,0.0
26119,0.6586,1,Low,1.0
11012,0.9687,1,Medium,0.0
40824,0.0436,0,IMP,0.0
12641,0.0532,0,Medium,1.0
7494,0.0562,0,IMP,0.0
4473,0.0624,0,IMP,0.0
26223,0.065,0,Medium,0.0
12323,0.0436,0,Low,0.0
35806,0.0557,0,Medium,0.0
38773,0.7168,1,Medium,1.0
48740,0.9849,1,IMP,1.0
9395,0.9854,1,High,1.0
16391,0.0536,0,IMP,0.0
20167,0.8811,1,Medium,1.0
32299,0.9539,1,Low,1.0
43964,0.0545,0,IMP,0.0
28376,0.0493,0,Medium,0.0
7111,0.9889,1,Low,1.0
30229,0.0346,0,Medium,0.0
49715,0.0515,0,Medium,0.0
39768,0.095,0,Low,0.0
21209,0.0689,0,Low,0.0
21570,0.0333,0,Low,0.0
43617,0.3374,0,Low,1.0
28436,0.0426,0,Medium,0.0
4182,0.0451,0,IMP,0.0
15101,0.1401,0,Low,0.0
8598,0.0483,0,Medium,0.0
8411,0.0385,0,Medium,0.0
32092,0.1121,0,Low,0.0
28785,0.1504,0,Medium,0.0
22960,0.0468,0,Medium,0.0
46528,0.0253,0,Low,0.0
26315,0.0496,0,Medium,0.0
30081,0.056,0,High,0.0
10442,0.0413,0,Low,0.0
33278,0.0709,0,Medium,0.0
18526,0.9912,1,Medium,1.0
5058,0.0224,0,Low,0.0
45444,0.997,1,Low,1.0
23195,0.7517,1,Medium,0.0
29022,0.9883,1,Medium,1.0
19852,0.5507,1,Low,1.0
49369,0.9891,1,Low,1.0
19701,0.0402,0,Low,0.0
21314,0.0592,0,IMP,0.0
46096,0.0559,0,Medium,0.0
5610,0.0323,0,Medium,0.0
10373,0.0479,0,Medium,0.0
17352,0.0791,0,Medium,0.0
18239,0.1811,0,High,0.0
22820,0.7043,1,Low,1.0
1201,0.0392,0,Low,0.0
48618,0.8625,1,Medium,1.0
28898,0.0394,0,Low,0.0
11058,0.0589,0,High,0.0
6483,0.0496,0,Medium,0.0
18186,0.0629,0,High,0.0
10274,0.9809,1,High,1.0
15045,0.0441,0,Medium,0.0
21068,0.145,0,Medium,0.0
6437,0.2775,0,Low,0.0
34862,0.0456,0,Medium,0.0
863,0.0563,0,High,0.0
2674,0.076,0,Medium,0.0
41693,0.3246,0,Low,0.0
11600,0.9765,1,Medium,1.0
8912,0.0705,0,IMP,0.0
2900,0.9459,1,Low,1.0
27547,0.2689,0,Low,0.0
19648,0.9925,1,High,1.0
22005,0.7991,1,Low,1.0
16470,0.0342,0,Medium,0.0
767,0.1354,0,Medium,0.0
48213,0.1059,0,Low,1.0
37435,0.5432,0,Low,1.0
33316,0.0441,0,Medium,0.0
48869,0.0285,0,Low,0.0
4968,0.0458,0,Medium,0.0
8494,0.0646,0,High,0.0
32638,0.046,0,Medium,0.0
16295,0.0465,0,Medium,0.0
33763,0.1493,0,Medium,0.0
24394,0.9461,1,Low,1.0
11406,0.9867,1,High,1.0
47188,0.0389,0,High,0.0
16487,0.0636,0,IMP,0.0
19617,0.0986,0,IMP,0.0
38227,0.0391,0,High,0.0
12034,0.2657,0,Medium,0.0
40254,0.0434,0,Medium,0.0
40328,0.0262,0,Low,0.0
20394,0.2946,0,Low,0.0
37541,0.0914,0,Medium,0.0
2277,0.9983,1,Low,1.0
45093,0.0249,0,Medium,0.0
44214,0.0638,0,IMP,0.0
4622,0.7108,1,Low,1.0
2362,0.0441,0,High,0.0
34873,0.4657,1,Medium,1.0
23614,0.0496,0,Medium,0.0
43854,0.8066,1,Low,1.0
31300,0.3534,0,Medium,0.0
24089,0.9821,1,High,1.0
38689,0.0608,0,High,0.0
23401,0.2407,0,Medium,0.0
33309,0.0532,0,Low,0.0
47347,0.1996,0,Low,0.0
15976,0.0358,0,Medium,0.0
34469,0.0744,0,Medium,0.0
86,0.0648,0,Medium,0.0
21686,0.0476,0,High,0.0
3496,0.0371,0,Low,0.0
205,0.0805,0,IMP,0.0
46503,0.9816,1,High,1.0
35563,0.9558,1,Medium,1.0
4132,0.9567,1,Low,1.0
46321,0.8009,1,Low,1.0
36660,0.9751,1,Low,1.0
23397,0.978,1,VIP,1.0
7690,0.1271,0,Medium,0.0
14106,0.991,1,IMP,1.0
26950,0.0613,0,Medium,0.0
22012,0.1206,0,Low,0.0
38356,0.9923,1,High,1.0
27795,0.0437,0,Low,0.0
29780,0.2792,0,Medium,0.0
32438,0.9942,1,High,1.0
27822,0.0515,0,High,0.0
49953,0.855,1,Low,1.0
3019,0.0206,0,Low,0.0
49959,0.0628,0,Medium,0.0
22444,0.039,0,Medium,0.0
17957,0.0508,0,Medium,0.0
17131,0.0541,0,Medium,0.0
31768,0.0677,0,High,0.0
25695,0.9822,1,High,1.0
10941,0.9912,1,High,1.0
17920,0.0355,0,Medium,0.0
26239,0.0397,0,Medium,0.0
12821,0.0582,0,High,0.0
28077,0.0564,0,Medium,0.0
5181,0.2324,0,Low,0.0
9580,0.029,0,Low,1.0
21967,0.0594,0,Medium,0.0
13210,0.1976,0,Medium,0.0
25333,0.0255,0,Low,1.0
7510,0.0774,0,Low,0.0
25949,0.0496,0,Medium,0.0
23872,0.0553,0,IMP,0.0
18079,0.4868,1,Medium,1.0
37689,0.0327,0,Medium,0.0
49393,0.0791,0,Medium,0.0
31158,0.9775,1,Low,1.0
28460,0.0417,0,High,0.0
28390,0.1248,0,Low,0.0
15392,0.0461,0,IMP,0.0
3834,0.0596,0,Medium,0.0
33489,0.0399,0,Medium,0.0
15095,0.05,0,Medium,0.0
39579,0.0396,0,Medium,0.0
21552,0.0316,0,Medium,0.0
8465,0.0766,0,Medium,0.0
39031,0.9845,1,Low,1.0
6893,0.0551,0,VIP,0.0
14592,0.0438,0,Medium,0.0
8930,0.0452,0,Medium,1.0
11110,0.9615,1,Low,1.0
11915,0.0422,0,IMP,0.0
43805,0.0541,0,High,0.0
2407,0.0518,0,Medium,0.0
26046,0.2916,0,Medium,0.0
21092,0.1211,0,Medium,0.0
41868,0.0541,0,Medium,0.0
34119,0.0636,0,High,0.0
12536,0.0401,0,Low,1.0
49375,0.0762,0,IMP,0.0
6110,0.0499,0,High,0.0
32166,0.9725,1,High,1.0
28875,0.1445,0,Low,0.0
14990,0.9732,1,Low,1.0
20466,0.0522,0,Medium,0.0
40403,0.1068,0,Medium,0.0
27524,0.0494,0,Medium,0.0
8992,0.0577,0,IMP,0.0
28325,0.044,0,Medium,0.0
3057,0.0657,0,High,0.0
21390,0.0473,0,Medium,0.0
22726,0.0365,0,Medium,0.0
16632,0.0522,0,Medium,0.0
6766,0.0409,0,Medium,0.0
3771,0.072,0,Low,0.0
27750,0.0768,0,Medium,0.0
24897,0.1518,0,Medium,0.0
6012,0.2288,0,Low,0.0
1731,0.97,1,Low,1.0
22566,0.994,1,Medium,1.0
27558,0.1079,0,Low,0.0
22380,0.0634,0,IMP,0.0
2431,0.1245,0,Medium,0.0
27554,0.3217,0,Medium,0.0
41105,0.9845,1,Low,1.0
20507,0.145,0,Low,1.0
17213,0.0374,0,Medium,0.0
47807,0.1041,0,VIP,0.0
11853,0.089,0,Low,0.0
33930,0.8665,1,Low,1.0
19807,0.0264,0,Medium,0.0
39119,0.8256,1,Low,1.0
44315,0.0609,0,IMP,0.0
33909,0.0427,0,IMP,0.0
3388,0.0467,0,Medium,0.0
44585,0.0605,0,IMP,0.0
37380,0.9706,1,Low,1.0
45747,0.2048,0,Medium,0.0
39802,0.9881,1,High,1.0
12727,0.0501,0,IMP,0.0
33702,0.5619,1,Medium,0.0
8159,0.641,1,Low,1.0
41115,0.0585,0,Medium,0.0
421,0.0443,0,High,0.0
29575,0.4952,0,Low,1.0
49192,0.0939,0,Low,0.0
49597,0.3948,0,Medium,0.0
9582,0.0516,0,Medium,1.0
11123,0.8842,1,Low,1.0
33319,0.0413,0,Medium,0.0
3686,0.0902,0,Medium,0.0
44132,0.0672,0,IMP,0.0
13709,0.0498,0,IMP,0.0
29515,0.1246,0,Medium,0.0
17493,0.0748,0,Medium,0.0
11890,0.0359,0,Medium,0.0
20046,0.0608,0,Medium,1.0
41270,0.8526,1,Low,0.0
46118,0.2071,0,Low,0.0
27459,0.0372,0,Medium,0.0
48291,0.2445,0,Medium,0.0
470,0.1549,0,Low,1.0
34631,0.058,0,High,0.0
17275,0.0581,0,Medium,0.0
13317,0.0457,0,Medium,0.0
24412,0.0317,0,Medium,0.0
40793,0.0337,0,Medium,0.0
21311,0.047,0,Medium,0.0
36819,0.0424,0,Low,0.0
47822,0.9829,1,Medium,1.0
41235,0.0512,0,Medium,0.0
7735,0.0495,0,Medium,0.0
7732,0.0706,0,Medium,0.0
25475,0.0642,0,Medium,0.0
13026,0.0438,0,Low,0.0
4821,0.8831,1,Low,1.0
20174,0.0504,0,Medium,0.0
20110,0.0537,0,High,0.0
16854,0.0637,0,Medium,0.0
21923,0.0282,0,Medium,0.0
21636,0.0443,0,Medium,0.0
25391,0.0914,0,High,0.0
22612,0.053,0,Medium,0.0
9364,0.0421,0,Medium,0.0
19684,0.0667,0,Medium,0.0
41692,0.0828,0,IMP,0.0
24999,0.0671,0,IMP,0.0
38232,0.0654,0,High,0.0
15634,0.163,0,Low,0.0
45213,0.0488,0,Medium,0.0
40302,0.0421,0,Medium,0.0
31095,0.9858,1,Low,1.0
14432,0.0799,0,Medium,0.0
24493,0.975,1,Low,1.0
35834,0.9175,1,Low,1.0
23610,0.0385,0,Medium,1.0
39856,0.9864,1,High,1.0
38739,0.9549,1,Low,1.0
5929,0.993,1,IMP,1.0
44250,0.0848,0,VIP,0.0
2837,0.0563,0,Low,0.0
46473,0.9759,1,High,1.0
46799,0.0625,0,Medium,0.0
1796,0.9942,1,IMP,1.0
31117,0.0486,0,High,0.0
48881,0.9829,1,Medium,1.0
49661,0.0589,0,Medium,0.0
36384,0.0655,0,High,0.0
24881,0.9888,1,High,1.0
18202,0.9437,1,High,1.0
35790,0.1499,0,High,0.0
17558,0.872,1,Low,1.0
31819,0.3345,0,Medium,1.0
37033,0.0491,0,Medium,0.0
3375,0.9889,1,Low,1.0
39030,0.0849,0,Medium,0.0
41308,0.0388,0,Medium,0.0
21168,0.9832,1,Low,1.0
21262,0.043,0,Medium,0.0
23993,0.1941,0,Medium,0.0
19699,0.7162,1,Low,1.0
30893,0.9913,1,VIP,1.0
13690,0.9307,1,Medium,1.0
45570,0.0472,0,Medium,0.0
10153,0.9682,1,Low,1.0
18389,0.0634,0,Medium,0.0
29470,0.0495,0,High,0.0
12843,0.0574,0,High,0.0
45495,0.2877,0,Medium,0.0
7914,0.0526,0,Medium,0.0
24148,0.04,0,IMP,0.0
5835,0.9751,1,Low,1.0
14584,0.0932,0,Low,0.0
48946,0.0418,0,Medium,0.0
36597,0.0359,0,Medium,0.0
35760,0.0843,0,Low,0.0
22503,0.9879,1,Low,1.0
3934,0.4209,0,Low,0.0
11321,0.6417,1,Medium,1.0
24358,0.0644,0,High,0.0
12738,0.0467,0,High,0.0
39943,0.1039,0,Medium,0.0
47437,0.939,1,Low,1.0
38032,0.0564,0,High,0.0
9769,0.4436,1,Medium,1.0
40605,0.3083,0,Medium,1.0
38970,0.0314,0,Medium,0.0
21722,0.0434,0,Medium,0.0
44086,0.0904,0,Medium,0.0
3410,0.967,1,Low,1.0
31435,0.0547,0,Medium,0.0
8346,0.9569,1,Medium,1.0
23777,0.6287,1,High,1.0
41207,0.0545,0,Medium,0.0
16771,0.9703,1,Medium,1.0
23782,0.9285,1,Medium,1.0
32573,0.9907,1,IMP,1.0
1490,0.0493,0,High,0.0
22098,0.0426,0,High,0.0
41064,0.1075,0,Medium,0.0
27423,0.062,0,Medium,0.0
19111,0.042,0,Medium,0.0
39066,0.073,0,High,0.0
25485,0.0341,0,Medium,0.0
35146,0.9715,1,Medium,1.0
31950,0.9841,1,Medium,1.0
12888,0.7787,1,Medium,1.0
26918,0.197,0,Low,0.0
21252,0.0677,0,Medium,0.0
2068,0.9058,1,Low,1.0
19682,0.6591,1,Low,0.0
6611,0.0322,0,Medium,0.0
22672,0.9883,1,Medium,1.0
14819,0.0556,0,IMP,0.0
17808,0.0981,0,Medium,0.0
37457,0.7236,1,Medium,1.0
13762,0.0361,0,Medium,0.0
14346,0.0279,0,Medium,1.0
9665,0.0439,0,High,0.0
35893,0.049,0,High,0.0
32397,0.992,1,High,1.0
7076,0.8413,1,Medium,1.0
29740,0.1313,0,Low,0.0
36410,0.036,0,Medium,0.0
46441,0.1509,0,Low,0.0
37572,0.9831,1,Medium,1.0
40664,0.0609,0,Low,0.0
18651,0.0477,0,IMP,0.0
16701,0.9869,1,High,1.0
77,0.0479,0,High,0.0
33883,0.0461,0,Medium,0.0
40401,0.9906,1,IMP,1.0
47365,0.035,0,Medium,0.0
29364,0.9935,1,High,1.0
47213,0.0422,0,Medium,0.0
273,0.9674,1,High,1.0
6372,0.9229,1,Low,1.0
49548,0.9926,1,High,1.0
43780,0.0671,0,Medium,0.0
14324,0.0447,0,Medium,0.0
4260,0.0341,0,Medium,1.0
31079,0.0561,0,Medium,0.0
11703,0.0515,0,Medium,0.0
33514,0.0541,0,Medium,0.0
5127,0.0498,0,High,0.0
29848,0.0375,0,Medium,0.0
46317,0.0416,0,High,0.0
14649,0.4815,1,Medium,1.0
29980,0.9891,1,Low,1.0
33530,0.0442,0,High,0.0
16611,0.04,0,Medium,0.0
5516,0.0427,0,IMP,0.0
44544,0.7132,1,Low,1.0
34553,0.0364,0,Low,0.0
7161,0.1288,0,Medium,0.0
1947,0.0388,0,Low,1.0
39724,0.0278,0,Low,0.0
5231,0.0483,0,Medium,0.0
18015,0.0596,0,IMP,0.0
26536,0.0622,0,High,0.0
1423,0.0224,0,Medium,0.0
18653,0.994,1,High,1.0
36222,0.0302,0,Medium,0.0
47195,0.0502,0,High,0.0
38614,0.5034,0,Low,1.0
34486,0.9754,1,Low,1.0
36304,0.9879,1,Low,1.0
2941,0.0472,0,High,0.0
29496,0.9828,1,IMP,1.0
38731,0.0528,0,VIP,0.0
28458,0.0565,0,High,0.0
48971,0.2597,0,Low,0.0
37170,0.0938,0,High,0.0
6095,0.0488,0,Medium,0.0
45363,0.9997,1,IMP,1.0
24260,0.0699,0,High,0.0
37003,0.0715,0,Medium,0.0
13445,0.0293,0,Medium,0.0
2293,0.0292,0,Medium,0.0
2636,0.1906,0,Medium,0.0
14110,0.1916,0,Low,0.0
18341,0.2614,0,Medium,1.0
11800,0.0266,0,Medium,0.0
25710,0.9934,1,High,1.0
42692,0.0548,0,Medium,0.0
33018,0.9834,1,IMP,1.0
11334,0.0484,0,Medium,0.0
21631,0.0807,0,Medium,0.0
27535,0.0529,0,Medium,0.0
22608,0.886,1,Low,1.0
39364,0.061,0,Medium,0.0
24658,0.9902,1,High,1.0
33783,0.0536,0,Medium,0.0
23124,0.1904,0,Low,0.0
30746,0.0597,0,Low,0.0
2036,0.0328,0,Medium,0.0
41173,0.0816,0,Low,0.0
6962,0.0863,0,IMP,0.0
46372,0.8723,1,Medium,0.0
7970,0.0441,0,Medium,0.0
24920,0.9922,1,High,1.0
25010,0.026,0,Medium,0.0
7944,0.3776,0,Low,0.0
14302,0.1343,0,Medium,0.0
29085,0.915,1,Low,1.0
10082,0.0432,0,Low,0.0
47556,0.667,1,Low,0.0
28654,0.099,0,Low,0.0
44750,0.988,1,IMP,1.0
19459,0.9939,1,IMP,1.0
37824,0.9848,1,IMP,1.0
26071,0.8758,1,Low,0.0
16857,0.0516,0,Medium,0.0
38309,0.0527,0,Medium,0.0
23646,0.0219,0,Low,1.0
42342,0.6487,1,Low,1.0
37827,0.774,1,High,1.0
7912,0.2368,0,Medium,0.0
28740,0.0563,0,Medium,0.0
24668,0.9939,1,IMP,1.0
42275,0.0816,0,Medium,0.0
12056,0.1824,0,Low,0.0
24391,0.0448,0,Low,0.0
10576,0.9425,1,Low,1.0
47032,0.743,1,Low,1.0
10549,0.0634,0,IMP,0.0
35646,0.4741,1,High,0.0
38073,0.0426,0,Medium,0.0
39972,0.2224,0,Medium,0.0
20012,0.1258,0,Low,0.0
20784,0.0466,0,Medium,0.0
18566,0.5957,1,Low,0.0
4680,0.0452,0,High,0.0
48350,0.7773,1,Low,1.0
19962,0.1043,0,Medium,0.0
14410,0.9114,1,Low,1.0
8693,0.0218,0,Low,0.0
36067,0.0354,0,Medium,0.0
42889,0.9479,1,Medium,1.0
14343,0.0345,0,Medium,0.0
13596,0.3657,0,Low,0.0
26909,0.0827,0,Low,0.0
14740,0.9754,1,High,1.0
4900,0.029,0,High,0.0
36695,0.049,0,Medium,0.0
18468,0.0337,0,Medium,0.0
11224,0.0419,0,Low,0.0
7674,0.9605,1,Medium,1.0
31968,0.9086,1,Medium,1.0
38475,0.0668,0,Low,0.0
19101,0.05,0,Medium,0.0
11862,0.8039,1,Low,0.0
4277,0.1065,0,Medium,0.0
25373,0.0406,0,Low,0.0
1289,0.1214,0,Medium,0.0
15250,0.985,1,High,1.0
17143,0.0622,0,Medium,0.0
13888,0.2279,0,Medium,0.0
21394,0.0553,0,IMP,0.0
32153,0.5919,1,Low,0.0
33103,0.0763,0,Low,0.0
49625,0.0557,0,High,0.0
24171,0.0426,0,Medium,0.0
18365,0.0629,0,Medium,0.0
21228,0.9683,1,High,1.0
26592,0.9724,1,High,1.0
11278,0.0412,0,Medium,0.0
49682,0.6896,1,Medium,1.0
48439,0.0602,0,Low,0.0
7882,0.0781,0,Low,0.0
20422,0.0558,0,IMP,0.0
49365,0.1088,0,Low,1.0
2257,0.0405,0,Medium,0.0
43275,0.0385,0,IMP,0.0
7943,0.9149,1,Medium,1.0
317,0.9838,1,High,1.0
40324,0.0366,0,Low,0.0
41043,0.0862,0,Medium,0.0
25214,0.0392,0,Medium,0.0
40752,0.0592,0,High,0.0
40424,0.0403,0,Low,0.0
40997,0.9547,1,Low,1.0
35840,0.4642,1,Medium,0.0
29717,0.1026,0,Medium,0.0
11411,0.9863,1,IMP,1.0
15868,0.0498,0,Medium,0.0
26977,0.0363,0,Medium,0.0
11697,0.9842,1,IMP,1.0
16778,0.0574,0,Medium,0.0
21327,0.3428,0,Low,0.0
36644,0.0614,0,IMP,0.0
24499,0.0882,0,Low,0.0
35238,0.0553,0,Medium,0.0
20645,0.0481,0,IMP,0.0
34074,0.9906,1,Low,1.0
39286,0.0418,0,Medium,0.0
35019,0.8513,1,Low,1.0
20920,0.0522,0,IMP,0.0
4747,0.0996,0,Medium,0.0
6486,0.9462,1,Low,1.0
37320,0.0498,0,High,0.0
43363,0.0416,0,Low,0.0
42410,0.0381,0,Medium,0.0
30359,0.0466,0,Medium,0.0
35414,0.0615,0,Medium,0.0
11209,0.0715,0,Low,0.0
26233,0.0453,0,Medium,0.0
46008,0.0751,0,Low,0.0
4963,0.0298,0,Medium,1.0
1293,0.0821,0,Medium,0.0
35755,0.0598,0,Medium,0.0
45160,0.0602,0,High,0.0
3917,0.1058,0,Medium,0.0
15912,0.0546,0,Medium,0.0
46092,0.054,0,Medium,0.0
38003,0.925,1,Medium,1.0
40498,0.0479,0,Medium,0.0
44926,0.2245,0,Medium,0.0
44727,0.9197,1,Medium,1.0
22775,0.0489,0,Medium,0.0
38303,0.02,0,Low,0.0
16174,0.1107,0,Medium,0.0
8255,0.1503,0,Medium,0.0
25310,0.1841,0,Low,0.0
39992,0.9922,1,IMP,1.0
3235,0.0516,0,Medium,0.0
27003,0.1558,0,High,0.0
28887,0.0549,0,Medium,0.0
9131,0.0432,0,Medium,0.0
33436,0.0654,0,IMP,0.0
34227,0.1645,0,Low,0.0
34231,0.1092,0,Low,0.0
14732,0.0845,0,Medium,0.0
32300,0.9807,1,High,1.0
25723,0.0801,0,High,0.0
11229,0.0716,0,High,0.0
27545,0.0454,0,Medium,0.0
17199,0.0677,0,IMP,0.0
44369,0.0781,0,High,0.0
8950,0.0232,0,Medium,0.0
15484,0.0734,0,Medium,0.0
28884,0.0421,0,Low,0.0
9382,0.9767,1,Medium,1.0
17535,0.0691,0,High,0.0
13000,0.9911,1,High,1.0
2317,0.0901,0,IMP,0.0
1753,0.9998,1,High,1.0
7206,0.0434,0,Medium,0.0
39272,0.0536,0,IMP,0.0
23967,0.9794,1,Low,1.0
7709,0.027,0,Medium,0.0
27229,0.0752,0,Low,0.0
32660,0.9938,1,IMP,1.0
41708,0.9451,1,Medium,1.0
13946,0.9904,1,High,1.0
43441,0.0439,0,Medium,0.0
1434,0.0335,0,Medium,1.0
14943,0.9996,1,High,1.0
30191,0.0438,0,Medium,0.0
29223,0.0668,0,Medium,0.0
26383,0.9914,1,Low,1.0
41205,0.0589,0,Medium,0.0
37304,0.0302,0,Medium,1.0
24677,0.111,0,Low,0.0
12514,0.076,0,Medium,0.0
14336,0.9537,1,High,1.0
31800,0.0815,0,Low,0.0
25893,0.0744,0,IMP,0.0
33587,0.0467,0,Medium,0.0
46662,0.0227,0,Medium,1.0
13622,0.2438,0,High,0.0
34215,0.0915,0,Low,0.0
47651,0.0338,0,Low,0.0
15177,0.0375,0,Medium,0.0
34559,0.9767,1,Low,1.0
29434,0.9883,1,High,1.0
21807,0.2482,0,Medium,0.0
12078,0.0693,0,IMP,0.0
15555,0.0251,0,Low,0.0
47861,0.0265,0,Medium,0.0
8182,0.028,0,Low,0.0
32750,0.0334,0,Medium,0.0
407,0.0327,0,Medium,0.0
20901,0.5701,1,Low,0.0
25503,0.046,0,Medium,0.0
47932,0.0364,0,Medium,0.0
31228,0.6022,1,Medium,1.0
806,0.0398,0,IMP,0.0
22247,0.9202,1,Low,1.0
14252,0.0461,0,Low,0.0
29606,0.9999,1,VIP,1.0
3695,0.0405,0,High,0.0
3484,0.1193,0,High,0.0
15039,0.0454,0,Medium,0.0
20801,0.5904,1,Low,1.0
2982,0.0484,0,IMP,0.0
19302,0.0865,0,High,0.0
48852,0.8823,1,Low,1.0
18491,0.0389,0,Medium,0.0
29819,0.2325,0,Low,1.0
39723,0.0439,0,Medium,0.0
8719,0.6316,1,Low,0.0
7686,0.0417,0,Medium,0.0
38447,0.0662,0,Medium,0.0
36435,0.0504,0,Low,0.0
23718,0.0373,0,Medium,0.0
21555,0.0578,0,Medium,0.0
45857,0.0484,0,Medium,0.0
12455,0.0452,0,Medium,0.0
19936,0.069,0,Medium,0.0
37330,0.3184,0,Medium,1.0
4514,0.0304,0,Medium,0.0
4742,0.0598,0,Medium,0.0
35012,0.0528,0,IMP,0.0
22707,0.7653,1,Medium,1.0
18693,0.8545,1,Medium,0.0
1932,0.0512,0,Medium,0.0
29427,0.0663,0,Medium,0.0
48663,0.1707,0,Medium,1.0
10273,0.4302,0,Low,0.0
36719,0.1242,0,Medium,0.0
7761,0.0537,0,Medium,0.0
45755,0.0724,0,Medium,0.0
42124,0.0686,0,Medium,1.0
40839,0.9827,1,Medium,1.0
15699,0.048,0,Medium,0.0
48192,0.0318,0,Medium,0.0
2289,0.0401,0,Medium,0.0
42897,0.9465,1,Medium,1.0
29526,0.0388,0,Medium,0.0
15533,0.9831,1,High,1.0
15068,0.0629,0,IMP,0.0
34586,0.1326,0,Low,0.0
26063,0.9127,1,Medium,1.0
45846,0.0538,0,High,0.0
30253,0.05,0,Medium,0.0
8378,0.0418,0,Medium,0.0
25175,0.0403,0,Medium,0.0
14713,0.0386,0,Medium,0.0
23607,0.9889,1,High,1.0
35664,0.9925,1,High,1.0
3649,0.0313,0,Medium,0.0
17874,0.0439,0,Medium,0.0
5775,0.0498,0,High,0.0
44192,0.9934,1,IMP,1.0
28793,0.9912,1,IMP,1.0
38197,0.0666,0,IMP,0.0
7118,0.9715,1,Low,1.0
25484,0.038,0,High,0.0
9999,0.0659,0,IMP,0.0
1208,0.9835,1,Medium,1.0
24472,0.9945,1,IMP,1.0
37058,0.1545,0,Medium,0.0
24678,0.7917,1,Medium,1.0
32905,0.2022,0,Medium,0.0
25464,0.0432,0,Medium,0.0
31580,0.0499,0,Medium,0.0
41526,0.8515,1,Medium,1.0
33519,0.0755,0,Low,0.0
27956,0.6391,1,Low,1.0
33990,0.9878,1,High,1.0
1971,0.0354,0,Medium,0.0
22553,0.0772,0,IMP,0.0
30443,0.0358,0,Medium,0.0
29736,0.8146,1,Medium,1.0
26115,0.0665,0,IMP,0.0
47148,0.0534,0,IMP,0.0
18008,0.2302,0,Medium,0.0
40495,0.0533,0,Medium,0.0
17350,0.9796,1,Low,1.0
19997,0.0219,0,Low,0.0
23468,0.0932,0,Medium,0.0
1152,0.0369,0,Medium,0.0
49167,0.0484,0,Medium,0.0
49872,0.0559,0,High,0.0
13818,0.058,0,Medium,0.0
42906,0.0385,0,Medium,0.0
47560,0.1145,0,Low,0.0
38268,0.0871,0,High,0.0
49286,0.0388,0,Medium,0.0
14322,0.5398,0,Low,0.0
23260,0.0589,0,Medium,0.0
8854,0.0654,0,Medium,0.0
11498,0.8403,1,Low,1.0
11617,0.9934,1,High,1.0
32191,0.0713,0,Low,1.0
41431,0.0513,0,High,0.0
33817,0.0255,0,Medium,0.0
18814,0.0295,0,Low,0.0
25532,0.0477,0,Medium,0.0
3877,0.038,0,Medium,0.0
17410,0.1472,0,Medium,0.0
8274,0.0426,0,High,0.0
47591,0.6281,1,Low,1.0
17687,0.9693,1,High,1.0
34053,0.9408,1,Low,1.0
16152,0.1131,0,Low,0.0
18343,0.0619,0,Low,0.0
5027,0.9933,1,IMP,1.0
7942,0.0494,0,High,0.0
46644,0.0683,0,High,0.0
20355,0.2776,0,Medium,0.0
21676,0.0788,0,High,0.0
12851,0.1435,0,Low,0.0
27489,0.0446,0,Medium,0.0
13657,0.0523,0,Medium,0.0
23549,0.0251,0,Medium,0.0
26790,0.9916,1,IMP,1.0
42714,0.0457,0,Medium,0.0
4555,0.0452,0,High,0.0
26880,0.0565,0,High,1.0
1877,0.9916,1,High,1.0
19314,0.0353,0,Medium,0.0
1542,0.0253,0,Low,0.0
32968,0.0399,0,Medium,0.0
30826,0.0401,0,Medium,0.0
3622,0.0742,0,Medium,0.0
47687,0.0426,0,VIP,0.0
49616,0.9786,1,High,1.0
31914,0.1521,0,VIP,0.0
34332,0.0606,0,Medium,0.0
21985,0.0425,0,High,0.0
10516,0.8879,1,Low,1.0
24919,0.0551,0,High,0.0
12158,0.5032,1,Medium,0.0
35340,0.0933,0,Low,0.0
44512,0.0787,0,Low,0.0
16628,0.2683,0,Medium,1.0
13943,0.1867,0,Medium,0.0
47654,0.213,0,Medium,0.0
27952,0.0339,0,Low,0.0
23363,0.04,0,Medium,0.0
28834,0.7748,1,Low,1.0
44262,0.9912,1,IMP,1.0
15961,0.0434,0,Medium,0.0
16908,0.0402,0,Low,0.0
3965,0.0643,0,IMP,0.0
6527,0.0331,0,Low,0.0
40961,0.0374,0,Medium,0.0
4112,0.0497,0,Medium,0.0
39262,0.0442,0,Medium,0.0
47776,0.9177,1,Medium,1.0
23391,0.9904,1,Medium,1.0
3737,0.1478,0,High,0.0
18982,0.0558,0,High,0.0
30550,0.0497,0,Low,0.0
16875,0.0534,0,IMP,0.0
22557,0.0506,0,Medium,0.0
17168,0.05,0,IMP,0.0
9362,0.1151,0,Medium,0.0
3480,0.0564,0,IMP,0.0
37544,0.3101,0,Medium,1.0
34900,0.0594,0,Medium,0.0
26389,0.3614,0,Medium,0.0
33095,0.0447,0,High,0.0
23886,0.0256,0,VIP,0.0
44145,0.0606,0,Medium,0.0
34372,0.893,1,Medium,1.0
37001,0.0541,0,Medium,0.0
4012,0.0541,0,IMP,0.0
2825,0.9805,1,Medium,1.0
22874,0.0425,0,Medium,0.0
20115,0.2261,0,Medium,0.0
46680,0.9272,1,Low,1.0
34552,0.0481,0,High,1.0
25989,0.0968,0,Low,0.0
31336,0.7142,1,Medium,1.0
19861,0.0346,0,Medium,0.0
579,0.9468,1,Medium,1.0
31912,0.0614,0,High,0.0
26840,0.9927,1,High,1.0
44717,0.0422,0,Medium,0.0
6758,0.4939,0,Low,0.0
13982,0.178,0,Low,0.0
37681,0.9906,1,High,1.0
15605,0.1029,0,Low,0.0
32746,0.1056,0,Low,0.0
40083,0.8505,1,Low,0.0
27145,0.0555,0,Medium,0.0
32528,0.0437,0,Medium,0.0
3904,0.0292,0,Medium,0.0
15322,0.0599,0,Medium,0.0
26108,0.8479,1,Low,1.0
6809,0.097,0,Medium,0.0
42935,0.215,0,Low,0.0
18700,0.0473,0,High,0.0
26216,0.9886,1,High,1.0
23384,0.0566,0,Medium,0.0
7352,0.0316,0,Medium,0.0
31409,0.0548,0,Medium,0.0
6051,0.1017,0,Medium,0.0
18375,0.0467,0,Medium,0.0
11799,0.0567,0,Medium,0.0
33004,0.0748,0,IMP,0.0
37450,0.0461,0,Medium,0.0
41584,0.9493,1,Medium,1.0
39510,0.0794,0,Medium,1.0
39696,0.0909,0,Low,0.0
45051,0.0476,0,Medium,0.0
47562,0.0431,0,Medium,0.0
41185,0.0364,0,Medium,0.0
1084,0.9152,1,High,1.0
3879,0.0575,0,Medium,0.0
22360,0.1435,0,Low,0.0
45268,0.0829,0,Medium,0.0
26385,0.9882,1,Low,1.0
36932,0.0555,0,IMP,1.0
36634,0.1694,0,Low,0.0
29204,0.0349,0,Low,0.0
41163,0.2992,0,Medium,0.0
31878,0.0482,0,High,0.0
29004,0.0882,0,Medium,0.0
40663,0.0943,0,Medium,0.0
18013,0.0323,0,Medium,0.0
11715,0.9891,1,Medium,1.0
17903,0.0658,0,Medium,0.0
13705,0.0597,0,IMP,0.0
12189,0.0466,0,High,0.0
18001,0.9917,1,High,1.0
39851,0.0735,0,High,0.0
10559,0.9679,1,High,1.0
27935,0.1536,0,IMP,0.0
36567,0.0524,0,Medium,0.0
23242,0.0746,0,High,1.0
29961,0.1681,0,Medium,1.0
8659,0.045,0,High,0.0
16411,0.0518,0,High,0.0
48211,0.0346,0,Low,1.0
2179,0.0339,0,Medium,0.0
17204,0.9907,1,Medium,1.0
9404,0.0583,0,High,0.0
11606,0.0578,0,High,0.0
44802,0.0547,0,Medium,0.0
4416,0.0454,0,IMP,0.0
39412,0.0605,0,High,0.0
27958,0.0575,0,Medium,0.0
19287,0.0497,0,Medium,0.0
12083,0.6132,1,Medium,1.0
11238,0.0234,0,High,1.0
36346,0.0838,0,Medium,1.0
1192,0.0824,0,Low,0.0
31251,0.0987,0,Low,0.0
1957,0.6836,1,Medium,1.0
47033,0.0397,0,Medium,0.0
30232,0.2907,0,Medium,0.0
39891,0.0456,0,Medium,0.0
4202,0.9902,1,High,1.0
19612,0.0535,0,VIP,0.0
26576,0.0528,0,Medium,0.0
673,0.8159,1,Low,1.0
12131,0.0215,0,Medium,0.0
45481,0.0433,0,High,0.0
1216,0.0653,0,IMP,1.0
49215,0.0605,0,IMP,0.0
40851,0.9878,1,High,1.0
47459,0.0503,0,Medium,0.0
48709,0.0562,0,Medium,0.0
28653,0.9851,1,IMP,1.0
46479,0.1461,0,Medium,0.0
22386,0.0394,0,Low,0.0
9260,0.9705,1,Low,1.0
7110,0.0237,0,Low,0.0
9243,0.0497,0,Medium,0.0
38531,0.0536,0,High,0.0
32008,0.0556,0,Medium,0.0
49729,0.0566,0,High,0.0
16999,0.9844,1,High,1.0
11544,0.1312,0,High,0.0
36182,0.9691,1,Low,1.0
13272,0.0476,0,Medium,0.0
19451,0.0274,0,Medium,0.0
6956,0.0432,0,Medium,0.0
19844,0.9877,1,High,1.0
18529,0.069,0,Medium,0.0
42760,0.0468,0,Medium,0.0
31402,0.775,1,Low,1.0
15332,0.0457,0,Medium,0.0
17721,0.0367,0,Medium,0.0
11205,0.6736,1,Medium,0.0
17230,0.0334,0,Low,0.0
4761,0.152,0,Low,0.0
43177,0.9881,1,High,1.0
8437,0.0684,0,Low,0.0
31481,0.0566,0,Medium,0.0
18661,0.9913,1,Medium,1.0
19175,0.9278,1,Medium,1.0
28500,0.0466,0,High,0.0
44520,0.048,0,Medium,0.0
26392,0.6911,1,Low,1.0
32260,0.0321,0,Medium,0.0
20100,0.9878,1,Medium,1.0
46623,0.0523,0,IMP,0.0
43105,0.1274,0,Medium,0.0
29576,0.9949,1,IMP,1.0
33597,0.039,0,Medium,0.0
46895,0.0686,0,Medium,0.0
7317,0.0541,0,Low,0.0
44983,0.2257,0,Low,0.0
45483,0.9887,1,IMP,1.0
17973,0.9819,1,Medium,1.0
38623,0.06,0,Medium,0.0
35877,0.088,0,Medium,0.0
41281,0.9915,1,IMP,1.0
46622,0.0443,0,High,0.0
48345,0.035,0,Medium,0.0
24395,0.9973,1,Low,1.0
5986,0.0456,0,Medium,0.0
8261,0.0747,0,Low,0.0
2473,0.0562,0,Medium,1.0
36243,0.9632,1,Low,1.0
33617,0.0434,0,Medium,0.0
14293,0.0273,0,Low,0.0
7584,0.9921,1,IMP,1.0
21510,0.9555,1,Medium,1.0
16677,0.041,0,Medium,1.0
11942,0.0603,0,High,0.0
33229,0.0507,0,Low,0.0
24293,0.0371,0,Medium,0.0
6900,0.1299,0,Medium,0.0
47498,0.258,0,Low,1.0
22700,0.8056,1,Medium,1.0
4569,0.0969,0,Medium,0.0
8113,0.0277,0,Medium,0.0
44012,0.0479,0,Low,0.0
30870,0.7813,1,Low,1.0
31266,0.0587,0,IMP,0.0
11183,0.0348,0,Low,0.0
39979,0.831,1,Medium,1.0
23807,0.0522,0,Medium,0.0
11807,0.1216,0,Low,0.0
48786,0.048,0,High,0.0
35461,0.0559,0,High,0.0
23392,0.0641,0,High,0.0
18245,0.0354,0,Medium,0.0
49836,0.9084,1,Low,1.0
33462,0.0578,0,Medium,0.0
22607,0.8428,1,High,1.0
17283,0.178,0,Low,0.0
22475,0.0427,0,Medium,0.0
25323,0.0404,0,Medium,0.0
40975,0.0419,0,Medium,0.0
2614,0.7918,1,Low,1.0
22138,0.042,0,High,0.0
39904,0.0359,0,Medium,0.0
46559,0.0811,0,Medium,0.0
5974,0.1272,0,Low,0.0
43339,0.0401,0,Medium,0.0
20739,0.0311,0,Medium,0.0
24651,0.0452,0,High,0.0
38607,0.9376,1,Low,1.0
30485,0.0407,0,Medium,0.0
31663,0.974,1,Low,1.0
45067,0.051,0,Medium,0.0
22591,0.1152,0,Medium,1.0
34455,0.969,1,Low,1.0
5408,0.7394,1,Low,1.0
21146,0.2417,0,Low,0.0
44813,0.0321,0,Medium,0.0
38678,0.2899,0,Low,0.0
8206,0.7605,1,Medium,0.0
46667,0.022,0,Low,0.0
41240,0.0607,0,Low,0.0
23550,0.0472,0,Medium,0.0
15508,0.0348,0,Medium,0.0
7571,0.3544,0,Low,0.0
30471,0.1445,0,Medium,0.0
19824,0.0567,0,High,0.0
24247,0.0273,0,Medium,0.0
5116,0.0409,0,High,0.0
24286,0.039,0,Medium,0.0
40353,0.0664,0,IMP,0.0
44962,0.9962,1,IMP,1.0
46506,0.0375,0,Low,0.0
3837,0.0332,0,Medium,0.0
7513,0.0554,0,Medium,0.0
16198,0.0398,0,Medium,0.0
39318,0.0455,0,High,0.0
24711,0.928,1,High,1.0
33056,0.4074,1,Medium,1.0
24542,0.0815,0,Low,0.0
27324,0.1344,0,IMP,0.0
48335,0.8366,1,Low,0.0
26902,0.1325,0,Medium,0.0
47954,0.0367,0,Low,0.0
43691,0.8448,1,Medium,1.0
41639,0.0569,0,High,0.0
14540,0.0898,0,Low,0.0
16065,0.0547,0,Medium,1.0
38405,0.0445,0,IMP,0.0
46586,0.0478,0,High,0.0
29628,0.0641,0,High,0.0
18004,0.0538,0,Medium,0.0
27724,0.9593,1,Medium,1.0
3453,0.0563,0,High,0.0
44651,0.4433,1,Medium,1.0
35671,0.0466,0,High,0.0
21291,0.991,1,IMP,1.0
43515,0.9936,1,VIP,1.0
2142,0.0305,0,Low,0.0
21138,0.0381,0,High,0.0
40870,0.0705,0,IMP,0.0
26561,0.5083,0,Low,1.0
39108,0.059,0,Medium,0.0
38961,0.9794,1,High,1.0
16370,0.9548,1,Medium,0.0
43654,0.9869,1,High,1.0
43375,0.0475,0,Medium,0.0
4659,0.8535,1,Low,1.0
14253,0.0597,0,High,0.0
22761,0.036,0,Low,0.0
19905,0.0597,0,Medium,0.0
25504,0.0454,0,Medium,0.0
40872,0.0468,0,High,0.0
35415,0.9929,1,VIP,1.0
887,0.0492,0,Medium,0.0
24759,0.0545,0,Low,0.0
24136,0.0442,0,Medium,0.0
39182,0.0625,0,Medium,0.0
31101,0.0605,0,Low,0.0
4235,0.979,1,Medium,1.0
42569,0.9951,1,IMP,1.0
23501,0.956,1,Medium,1.0
41201,0.0511,0,Medium,0.0
45414,0.1364,0,Medium,0.0
14057,0.0696,0,Low,0.0
19458,0.0545,0,High,0.0
16212,0.2824,0,Medium,0.0
19518,0.1434,0,Medium,0.0
15167,0.3158,0,Low,0.0
18145,0.0498,0,Medium,0.0
49510,0.0481,0,Medium,0.0
45490,0.982,1,Medium,1.0
33097,0.0343,0,Low,0.0
16519,0.059,0,Medium,0.0
12599,0.067,0,High,0.0
772,0.047,0,Medium,0.0
32372,0.0642,0,Medium,0.0
36183,0.7313,1,Low,1.0
49620,0.0512,0,Medium,0.0
30293,0.0371,0,IMP,0.0
13903,0.7998,1,Medium,1.0
40394,0.0683,0,Low,0.0
47504,0.985,1,High,1.0
23764,0.4418,1,Medium,0.0
13628,0.9711,1,Low,1.0
3532,0.0373,0,Medium,0.0
10389,0.0268,0,Medium,0.0
13745,0.0693,0,Medium,0.0
1022,0.0548,0,Medium,0.0
43435,0.3253,0,Medium,0.0
26176,0.4006,0,Low,0.0
20151,0.0412,0,Low,0.0
2873,0.0639,0,Medium,0.0
25352,0.08,0,High,0.0
45740,0.6151,1,Low,1.0
49262,0.2638,0,Low,0.0
48333,0.0566,0,Medium,0.0
23573,0.0603,0,IMP,0.0
37100,0.9233,1,High,1.0
44073,0.8783,1,Low,0.0
26741,0.0377,0,Medium,1.0
12214,0.3152,0,Medium,0.0
33533,0.0355,0,Medium,0.0
14902,0.0591,0,High,0.0
31407,0.0206,0,Medium,0.0
39167,0.0619,0,Medium,0.0
42806,0.0623,0,IMP,0.0
39655,0.0617,0,High,0.0
7836,0.4429,1,Medium,0.0
42076,0.1814,0,Low,0.0
26584,0.2195,0,High,0.0
10646,0.2027,0,Medium,0.0
28215,0.0468,0,High,0.0
23788,0.7163,1,Low,1.0
23647,0.048,0,Medium,0.0
34684,0.0789,0,High,0.0
47284,0.023,0,Low,0.0
43533,0.9882,1,Low,1.0
17108,0.0902,0,Low,0.0
35801,0.0427,0,High,0.0
9790,0.047,0,Medium,0.0
1196,0.0723,0,IMP,0.0
14518,0.0236,0,Low,0.0
37090,0.7127,1,Low,1.0
37498,0.144,0,High,0.0
12578,0.0637,0,Medium,1.0
39474,0.0431,0,Medium,0.0
11070,0.0595,0,Low,0.0
27595,0.0505,0,Medium,0.0
13532,0.0486,0,VIP,0.0
4609,0.9901,1,Low,1.0
32465,0.0866,0,Low,0.0
30202,0.056,0,High,0.0
43442,0.9341,1,Low,1.0
33364,0.0642,0,Medium,0.0
44036,0.9576,1,Low,1.0
7464,0.93,1,Medium,1.0
36773,0.1724,0,Low,0.0
33762,0.8542,1,Low,1.0
7341,0.8208,1,Low,1.0
43081,0.0346,0,Low,0.0
47298,0.24,0,Medium,1.0
40140,0.0638,0,IMP,0.0
14447,0.0453,0,Medium,0.0
35971,0.0449,0,Low,1.0
14296,0.0334,0,Low,1.0
34451,0.0743,0,Medium,0.0
48343,0.0508,0,Low,0.0
31806,0.0501,0,Medium,0.0
25440,0.0222,0,Medium,1.0
34193,0.1519,0,Medium,1.0
23755,0.1687,0,Medium,0.0
3102,0.0683,0,Medium,0.0
33697,0.1662,0,IMP,0.0
43051,0.0514,0,High,0.0
48198,0.0485,0,Medium,0.0
29332,0.0632,0,Low,0.0
20305,0.9873,1,High,1.0
8441,0.9751,1,Low,1.0
3029,0.0939,0,Medium,0.0
49569,0.0448,0,Medium,0.0
6578,0.0486,0,Medium,0.0
17678,0.0526,0,IMP,1.0
33793,0.0847,0,Medium,0.0
44966,0.1247,0,High,0.0
26466,0.038,0,Medium,0.0
27484,0.0538,0,Medium,0.0
13970,0.9893,1,IMP,1.0
18455,0.0368,0,Medium,0.0
44464,0.9528,1,Low,1.0
35375,0.0429,0,Medium,0.0
6778,0.0458,0,Medium,0.0
28533,0.0426,0,High,0.0
49719,0.0234,0,Low,0.0
19856,0.0733,0,High,1.0
31849,0.0443,0,Medium,0.0
15804,0.1093,0,High,0.0
14596,0.0381,0,Low,0.0
8105,0.9897,1,Medium,1.0
41788,0.9928,1,High,1.0
46988,0.0737,0,Medium,0.0
12351,0.0459,0,High,0.0
26806,0.9459,1,High,1.0
17359,0.045,0,Low,1.0
6985,0.9666,1,High,1.0
17239,0.0403,0,Low,0.0
44847,0.0412,0,Medium,0.0
44409,0.0486,0,Medium,0.0
36749,0.7217,1,Low,1.0
24364,0.0851,0,Medium,0.0
28656,0.3711,0,Low,0.0
32453,0.0633,0,Medium,0.0
6844,0.0478,0,High,0.0
38669,0.1415,0,Low,0.0
2063,0.9429,1,Low,1.0
45470,0.8767,1,Low,1.0
4349,0.3356,0,Low,0.0
5690,0.7165,1,Low,1.0
28109,0.051,0,Low,0.0
16822,0.0925,0,Medium,0.0
7763,0.0414,0,Medium,0.0
22923,0.9921,1,VIP,1.0
1755,0.057,0,Medium,0.0
3436,0.0432,0,High,0.0
8277,0.4665,1,Medium,0.0
2894,0.0565,0,IMP,0.0
15853,0.0347,0,Medium,0.0
12941,0.5652,1,Low,1.0
16230,0.6095,1,Low,0.0
47977,0.062,0,IMP,0.0
7506,0.0592,0,High,0.0
16238,0.8965,1,Low,1.0
46045,0.0694,0,High,0.0
23252,0.0485,0,Medium,0.0
8125,0.9027,1,Medium,1.0
19835,0.0792,0,Medium,0.0
44136,0.0502,0,High,0.0
16068,0.9826,1,Medium,1.0
5540,0.0611,0,High,0.0
13260,0.0756,0,High,0.0
35632,0.9889,1,High,1.0
38636,0.0648,0,Medium,0.0
25050,0.0583,0,Medium,0.0
43963,0.8059,1,Medium,1.0
40182,0.9834,1,High,1.0
32231,0.0597,0,Medium,0.0
48985,0.0494,0,Low,0.0
22786,0.2022,0,Low,0.0
3463,0.9931,1,High,1.0
7284,0.421,0,Low,1.0
4186,0.6131,1,Low,0.0
46432,0.044,0,Medium,0.0
13967,0.3555,0,Medium,1.0
30379,0.0288,0,Low,1.0
21533,0.9882,1,Medium,1.0
4033,0.0678,0,High,0.0
3145,0.9759,1,Low,1.0
35763,0.0574,0,Medium,0.0
6977,0.3137,0,Low,0.0
29878,0.049,0,Medium,0.0
13719,0.0582,0,Low,0.0
34225,0.5408,0,Low,0.0
19641,0.0415,0,Low,1.0
14274,0.0879,0,High,0.0
47122,0.1516,0,Medium,0.0
38175,0.0461,0,High,0.0
8625,0.0262,0,Medium,0.0
40784,0.6787,1,Low,1.0
959,0.0467,0,Medium,0.0
25149,0.0417,0,Medium,0.0
27640,0.0329,0,Medium,0.0
2783,0.0686,0,Medium,0.0
44515,0.0457,0,Medium,0.0
44993,0.055,0,High,0.0
22457,0.6249,1,Low,1.0
26019,0.6895,1,Medium,1.0
42128,0.3941,0,Medium,0.0
1560,0.1242,0,Medium,0.0
32944,0.0489,0,Medium,0.0
11273,0.06,0,Medium,0.0
5301,0.0547,0,Medium,0.0
26857,0.055,0,IMP,0.0
43700,0.0524,0,Medium,0.0
42438,0.2249,0,Medium,0.0
39006,0.9903,1,IMP,1.0
44748,0.0544,0,High,0.0
14509,0.9994,1,High,1.0
5164,0.2533,0,Medium,0.0
316,0.0281,0,Low,0.0
2215,0.0384,0,Medium,0.0
43298,0.0485,0,Medium,0.0
47899,0.0508,0,Medium,1.0
11955,0.0353,0,Medium,0.0
79,0.9939,1,Low,1.0
44903,0.0628,0,High,0.0
37818,0.0619,0,Medium,0.0
7043,0.0648,0,High,0.0
45121,0.0377,0,High,1.0
27494,0.0476,0,High,1.0
33230,0.0851,0,Low,0.0
28717,0.0462,0,Medium,0.0
43612,0.8674,1,Medium,1.0
7376,0.8092,1,Medium,1.0
39797,0.0448,0,IMP,0.0
25098,0.9956,1,High,1.0
28033,0.0567,0,IMP,0.0
40654,0.071,0,IMP,0.0
13825,0.052,0,Medium,0.0
4358,0.0777,0,Medium,0.0
8515,0.0636,0,IMP,0.0
30783,0.0669,0,Medium,0.0
33714,0.0641,0,Low,0.0
5428,0.0653,0,Medium,0.0
36365,0.9647,1,Low,1.0
15524,0.0273,0,Low,0.0
20524,0.7093,1,Low,1.0
12644,0.0608,0,IMP,0.0
32370,0.0415,0,Medium,0.0
30525,0.0406,0,Medium,0.0
1451,0.1373,0,VIP,0.0
30465,0.0441,0,Medium,0.0
11708,0.0425,0,High,0.0
12035,0.0435,0,Medium,0.0
47559,0.993,1,High,1.0
2954,0.0895,0,High,0.0
34298,0.9254,1,Medium,1.0
30026,0.0636,0,Medium,0.0
8424,0.0527,0,Low,0.0
2673,0.6304,1,Low,0.0
11840,0.0489,0,Medium,0.0
35450,0.0447,0,Medium,0.0
27894,0.9804,1,High,1.0
34706,0.2329,0,Medium,0.0
42522,0.271,0,Low,0.0
23167,0.0445,0,High,0.0
45561,0.9332,1,Medium,1.0
26693,0.0252,0,Medium,0.0
40713,0.0449,0,Medium,0.0
43495,0.3911,0,Medium,0.0
29728,0.2378,0,Low,0.0
26217,0.983,1,High,1.0
26140,0.053,0,IMP,0.0
13340,0.0624,0,Low,0.0
3796,0.0529,0,Medium,0.0
17119,0.0485,0,Low,0.0
30310,0.0528,0,Medium,0.0
24288,0.0459,0,High,0.0
44981,0.0365,0,Low,0.0
14123,0.0573,0,IMP,0.0
31450,0.0339,0,Medium,0.0
33187,0.1302,0,IMP,0.0
23471,0.029,0,Low,0.0
4189,0.4891,1,High,1.0
38576,0.0487,0,Medium,0.0
6948,0.0432,0,Medium,0.0
8451,0.9366,1,Low,1.0
1611,0.0602,0,Medium,0.0
40634,0.0682,0,High,0.0
37038,0.6241,1,Medium,1.0
28167,0.9735,1,Medium,1.0
687,0.06,0,High,0.0
9301,0.0484,0,Medium,0.0
8477,0.0451,0,Medium,0.0
6418,0.0264,0,Medium,0.0
12026,0.0422,0,Low,0.0
22534,0.4302,0,Low,0.0
21472,0.1237,0,Low,0.0
26957,0.0782,0,Medium,1.0
42258,0.0587,0,Medium,0.0
42942,0.0729,0,High,0.0
6335,0.248,0,Medium,0.0
43817,0.0573,0,Medium,0.0
16177,0.0447,0,Medium,0.0
31816,0.9246,1,Medium,1.0
6731,0.0614,0,Medium,0.0
42868,0.0388,0,Medium,0.0
27844,0.1551,0,Medium,0.0
33231,0.0385,0,Medium,0.0
15906,0.0402,0,Medium,0.0
17261,0.0549,0,Medium,0.0
2364,0.9888,1,High,1.0
26677,0.0441,0,Medium,0.0
32837,0.0482,0,IMP,0.0
18805,0.986,1,Medium,1.0
45976,0.033,0,Medium,1.0
2904,0.9995,1,High,1.0
34734,0.9772,1,Low,1.0
9926,0.0598,0,IMP,0.0
35286,0.0566,0,High,0.0
16584,0.9998,1,IMP,1.0
22845,0.0475,0,Medium,0.0
10266,0.0529,0,Medium,0.0
39659,0.039,0,Medium,0.0
22523,0.0425,0,Medium,0.0
3088,0.9806,1,Medium,1.0
10286,0.9924,1,High,1.0
27867,0.9874,1,IMP,1.0
13031,0.9805,1,High,1.0
24184,0.9978,1,IMP,1.0
20613,0.1485,0,Medium,0.0
47668,0.0429,0,Medium,0.0
5464,0.0441,0,Medium,0.0
26192,0.0701,0,Low,0.0
4181,0.0409,0,Low,0.0
6450,0.07,0,IMP,0.0
16151,0.0452,0,VIP,0.0
34520,0.0508,0,High,0.0
31915,0.1634,0,Medium,0.0
20235,0.294,0,Low,0.0
23931,0.1223,0,Medium,0.0
4617,0.0575,0,Medium,0.0
2079,0.0368,0,Low,0.0
27413,0.8956,1,Medium,1.0
22274,0.0478,0,IMP,0.0
10250,0.1352,0,Low,0.0
27233,0.0615,0,High,0.0
22721,0.0341,0,Medium,0.0
48074,0.2614,0,Low,0.0
27858,0.0426,0,High,0.0
46103,0.9943,1,IMP,1.0
27483,0.9805,1,IMP,1.0
30948,0.0501,0,IMP,0.0
45308,0.0489,0,IMP,0.0
21768,0.0414,0,Low,0.0
30939,0.0326,0,Medium,0.0
16949,0.0331,0,Low,0.0
17194,0.1223,0,Medium,0.0
13718,0.0469,0,Medium,0.0
1366,0.9526,1,Low,1.0
4500,0.1201,0,Low,0.0
23848,0.0391,0,High,0.0
17217,0.0574,0,Low,0.0
13051,0.9868,1,High,1.0
35068,0.8429,1,Low,1.0
42703,0.1991,0,Medium,0.0
37721,0.1027,0,Medium,0.0
40989,0.9306,1,Medium,1.0
9540,0.0736,0,Medium,0.0
48673,0.8961,1,Medium,1.0
48521,0.9473,1,High,1.0
1799,0.0367,0,Medium,0.0
12900,0.0474,0,Medium,0.0
31,0.0543,0,Medium,0.0
29115,0.8299,1,Medium,1.0
33243,0.9899,1,IMP,1.0
3254,0.0398,0,Medium,0.0
715,0.0527,0,Medium,0.0
24147,0.0394,0,Medium,0.0
37202,0.9633,1,High,1.0
45117,0.9809,1,Medium,1.0
7853,0.0531,0,Medium,0.0
17681,0.8851,1,Medium,1.0
19199,0.9783,1,Low,1.0
7623,0.5984,1,Low,1.0
26286,0.0493,0,Medium,0.0
27651,0.9501,1,Low,1.0
15563,0.0619,0,Medium,1.0
23425,0.9925,1,IMP,1.0
40882,0.0935,0,Low,0.0
33273,0.0441,0,Medium,0.0
41927,0.036,0,High,0.0
4854,0.0487,0,Medium,0.0
2940,0.0467,0,Medium,0.0
47198,0.0503,0,Medium,0.0
32196,0.8406,1,Low,1.0
27256,0.075,0,Medium,0.0
5594,0.9896,1,High,1.0
6720,0.0533,0,High,0.0
23742,0.0573,0,Medium,0.0
41178,0.0431,0,Low,0.0
18837,0.0492,0,Medium,0.0
8013,0.234,0,Low,0.0
38420,0.9829,1,Medium,1.0
2422,0.0433,0,Medium,0.0
36413,0.0352,0,Medium,0.0
5426,0.13,0,Medium,0.0
36385,0.3335,0,Medium,0.0
16976,0.0293,0,Medium,0.0
48647,0.9588,1,Low,1.0
49201,0.0407,0,Medium,0.0
5845,0.0365,0,Medium,0.0
27110,0.036,0,Medium,0.0
31012,0.6225,1,Medium,1.0
24338,0.051,0,High,0.0
48297,0.3854,0,Medium,1.0
8012,0.0674,0,High,0.0
37773,0.958,1,Low,1.0
43710,0.0694,0,Medium,0.0
42584,0.4821,0,Low,1.0
24191,0.0355,0,Medium,0.0
43976,0.1142,0,VIP,1.0
25936,0.1031,0,High,0.0
32989,0.0576,0,Low,0.0
31632,0.0532,0,Medium,0.0
30061,0.7812,1,Medium,1.0
8899,0.503,0,Low,1.0
41412,0.9575,1,Low,1.0
13334,0.071,0,Medium,0.0
19169,0.6895,1,Medium,1.0
43053,0.0487,0,Medium,0.0
42739,0.0733,0,Medium,0.0
32311,0.0535,0,Medium,0.0
5261,0.0467,0,Medium,0.0
15255,0.9918,1,IMP,1.0
31617,0.9859,1,High,1.0
41997,0.0489,0,Medium,0.0
19698,0.04,0,Medium,0.0
27497,0.0398,0,Medium,0.0
22293,0.0732,0,High,0.0
42361,0.0606,0,High,0.0
12279,0.0451,0,High,0.0
29289,0.0417,0,Medium,0.0
26080,0.0488,0,Low,0.0
34426,0.0479,0,Medium,0.0
2687,0.3582,0,Low,0.0
36264,0.9959,1,Medium,1.0
34696,0.9999,1,IMP,1.0
5215,0.8341,1,Low,1.0
13350,0.0736,0,Medium,0.0
42189,0.0486,0,IMP,0.0
38492,0.0405,0,Medium,0.0
38138,0.0336,0,Low,0.0
34750,0.0518,0,Medium,0.0
92,0.9538,1,Medium,1.0
22498,0.0441,0,Medium,0.0
3381,0.0606,0,Medium,0.0
15705,0.9418,1,Low,1.0
4927,0.0408,0,Medium,0.0
22105,0.9833,1,Medium,1.0
31372,0.0579,0,IMP,0.0
27360,0.0477,0,Medium,0.0
7135,0.0304,0,Medium,0.0
34319,0.0664,0,IMP,0.0
19621,0.0658,0,Medium,0.0
11042,0.0512,0,Medium,0.0
8029,0.045,0,IMP,0.0
24388,0.1423,0,Medium,0.0
35284,0.3195,0,Medium,0.0
4148,0.0616,0,IMP,0.0
19281,0.8555,1,Medium,1.0
38516,0.9895,1,High,1.0
49244,0.1931,0,Medium,0.0
9246,0.0338,0,Medium,0.0
35541,0.4365,0,Low,0.0
5598,0.1127,0,Low,1.0
22296,0.0411,0,Medium,0.0
38216,0.8429,1,Low,1.0
22720,0.0601,0,IMP,0.0
29176,0.0736,0,Medium,0.0
37419,0.0531,0,High,0.0
49288,0.0411,0,Medium,0.0
19532,0.2516,0,Low,0.0
46203,0.0589,0,Medium,0.0
36796,0.7452,1,Low,1.0
17499,0.3363,0,Low,0.0
37076,0.8578,1,Medium,1.0
10676,0.0332,0,Low,0.0
9470,0.0462,0,High,0.0
24930,0.046,0,Medium,0.0
9139,0.0671,0,Medium,0.0
36345,0.4486,1,Medium,0.0
44507,0.0489,0,IMP,0.0
33051,0.038,0,Medium,0.0
46417,0.0482,0,IMP,0.0
45709,0.0362,0,Low,0.0
23483,0.9268,1,Low,1.0
12814,0.0502,0,Medium,0.0
31628,0.0421,0,Medium,0.0
8687,0.0645,0,Medium,0.0
49691,0.0424,0,Medium,1.0
27451,0.0667,0,High,0.0
31485,0.0321,0,Low,0.0
24656,0.9931,1,High,1.0
38135,0.0357,0,Low,0.0
578,0.964,1,Low,1.0
11068,0.2244,0,Low,0.0
1879,0.9316,1,Low,1.0
12359,0.0507,0,High,0.0
38347,0.0512,0,Medium,0.0
34549,0.0585,0,Medium,0.0
12223,0.6833,1,Low,0.0
49524,0.1319,0,Medium,0.0
5310,0.9943,1,Low,1.0
30918,0.7007,1,Medium,1.0
7969,0.6873,1,High,1.0
22115,0.0342,0,Medium,0.0
14934,0.0508,0,Medium,0.0
2355,0.0532,0,Medium,1.0
18812,0.991,1,IMP,1.0
24224,0.1586,0,High,0.0
2570,0.5981,1,Medium,1.0
47535,0.0774,0,VIP,0.0
3366,0.9515,1,Low,1.0
34703,0.0473,0,Medium,0.0
39378,0.1648,0,Low,0.0
38009,0.9376,1,High,1.0
35035,0.0706,0,Medium,0.0
29447,0.8255,1,Low,1.0
18768,0.0748,0,IMP,0.0
49067,0.5296,0,Low,1.0
29749,0.0386,0,Medium,0.0
18833,0.0513,0,Medium,0.0
29885,0.2224,0,High,0.0
12233,0.0496,0,Medium,0.0
42810,0.05,0,Medium,0.0
21612,0.0475,0,High,0.0
23102,0.6749,1,Low,1.0
38370,0.6388,1,Low,0.0
25703,0.0575,0,Medium,0.0
26235,0.1988,0,Medium,0.0
42845,0.7557,1,Medium,1.0
9646,0.0391,0,Medium,0.0
194,0.0449,0,IMP,0.0
14396,0.9916,1,IMP,1.0
196,0.0551,0,Medium,0.0
20863,0.0657,0,Medium,1.0
45494,0.0608,0,Medium,0.0
24368,0.1005,0,Medium,0.0
11694,0.027,0,Low,0.0
23052,0.9009,1,Low,1.0
20408,0.063,0,IMP,0.0
28332,0.97,1,Low,1.0
48517,0.2942,0,Low,0.0
3747,0.0407,0,High,0.0
42180,0.0415,0,Medium,0.0
11410,0.0751,0,Low,0.0
5384,0.0359,0,Medium,0.0
45612,0.8156,1,Low,1.0
38726,0.0799,0,Medium,0.0
18882,0.1498,0,Medium,0.0
35810,0.0396,0,Medium,0.0
14589,0.0399,0,Medium,1.0
9023,0.0334,0,Low,0.0
19432,0.0516,0,Medium,0.0
10953,0.0513,0,High,0.0
46925,0.0316,0,Low,0.0
20022,0.8498,1,Low,1.0
47344,0.5149,1,Medium,1.0
25210,0.0787,0,Medium,0.0
27596,0.0619,0,IMP,0.0
7696,0.9444,1,Medium,1.0
9129,0.0478,0,Medium,0.0
29831,0.0606,0,Medium,0.0
18066,0.0324,0,Medium,0.0
12194,0.3471,0,Low,1.0
29635,0.0585,0,Medium,0.0
20680,0.2646,0,Low,0.0
15432,0.0454,0,Medium,0.0
14168,0.0372,0,Low,0.0
6258,0.7291,1,Low,0.0
2669,0.9315,1,Medium,1.0
3316,0.2824,0,Low,0.0
6569,0.2666,0,Medium,0.0
1756,0.0475,0,Medium,0.0
14036,0.3409,0,Low,0.0
49132,0.049,0,Medium,0.0
5546,0.1242,0,Low,0.0
5818,0.9648,1,High,1.0
27121,0.0304,0,Medium,0.0
43090,0.0359,0,IMP,0.0
42858,0.1441,0,Low,1.0
12932,0.061,0,High,0.0
44644,0.1117,0,Low,0.0
18892,0.1672,0,IMP,0.0
17066,0.0508,0,High,0.0
36616,0.0423,0,Medium,0.0
4588,0.6345,1,Medium,1.0
47013,0.0517,0,High,0.0
17177,0.0532,0,Medium,0.0
27891,0.0397,0,Medium,0.0
42370,0.046,0,Medium,0.0
47780,0.0358,0,Low,0.0
2229,0.0476,0,IMP,0.0
27443,0.0733,0,IMP,0.0
23090,0.053,0,Medium,0.0
5217,0.9835,1,Low,1.0
32523,0.7086,1,Low,1.0
23375,0.0593,0,Medium,0.0
46020,0.0564,0,Medium,0.0
27673,0.9575,1,High,1.0
16211,0.1989,0,Medium,0.0
6388,0.0255,0,Medium,0.0
16712,0.0948,0,Medium,1.0
31696,0.9833,1,High,1.0
34373,0.6708,1,Low,1.0
31722,0.2359,0,Low,0.0
36495,0.9566,1,Low,1.0
1926,0.0556,0,Medium,0.0
8744,0.29,0,Low,0.0
20157,0.9239,1,Low,1.0
44118,0.6295,1,Medium,1.0
46843,0.055,0,Medium,0.0
24448,0.0798,0,Medium,0.0
40877,0.9953,1,High,1.0
31332,0.1367,0,Medium,0.0
42661,0.994,1,High,1.0
5068,0.0512,0,High,0.0
48009,0.0606,0,High,0.0
6460,0.0272,0,Medium,1.0
32732,0.1856,0,Medium,0.0
193,0.0314,0,Medium,0.0
45010,0.0402,0,Medium,0.0
8460,0.0394,0,Medium,0.0
13462,0.0669,0,IMP,0.0
48657,0.0836,0,Low,0.0
30285,0.1735,0,Medium,0.0
36817,0.6664,1,Low,0.0
45668,0.0391,0,Medium,0.0
44240,0.0593,0,Medium,0.0
30516,0.6353,1,Low,1.0
39465,0.6302,1,Low,1.0
35637,0.0336,0,Medium,0.0
10423,0.038,0,Medium,0.0
38436,0.0882,0,IMP,1.0
20036,0.0659,0,Medium,0.0
1545,0.0307,0,Low,0.0
15783,0.0528,0,IMP,0.0
32687,0.0586,0,Medium,0.0
7983,0.8195,1,Low,1.0
39080,0.8006,1,Low,1.0
29346,0.8768,1,High,1.0
33931,0.0549,0,Medium,0.0
19429,0.9456,1,Medium,1.0
47970,0.0354,0,Medium,0.0
23823,0.2908,0,Medium,1.0
41230,0.4904,0,Low,0.0
26266,0.0618,0,Medium,0.0
41266,0.1102,0,Medium,0.0
15688,0.0476,0,Low,0.0
34799,0.5995,1,Medium,1.0
21513,0.9801,1,High,1.0
11707,0.5443,0,Low,1.0
12054,0.2674,0,High,0.0
10858,0.059,0,IMP,0.0
28131,0.0368,0,Low,0.0
34856,0.9496,1,Low,1.0
9853,0.2904,0,Low,0.0
21440,0.16,0,Medium,0.0
6065,0.342,0,Medium,0.0
49631,0.0323,0,Medium,0.0
10007,0.0538,0,High,0.0
7516,0.0536,0,High,0.0
42283,0.9672,1,Low,1.0
9233,0.1511,0,Low,0.0
33255,0.0612,0,IMP,0.0
23193,0.0899,0,VIP,1.0
35765,0.0331,0,Medium,0.0
21561,0.0373,0,IMP,0.0
30849,0.0446,0,Medium,0.0
27806,0.0311,0,Medium,0.0
45112,0.0375,0,Medium,0.0
19654,0.0436,0,Medium,0.0
591,0.9902,1,IMP,1.0
17745,0.1486,0,Medium,0.0
20515,0.0385,0,Medium,0.0
8676,0.0503,0,Medium,0.0
48981,0.9897,1,Medium,1.0
45346,0.0333,0,Medium,0.0
20275,0.0761,0,Medium,0.0
13279,0.091,0,IMP,0.0
25895,0.0359,0,Low,0.0
7889,0.041,0,Medium,0.0
21158,0.0513,0,Medium,0.0
35826,0.0395,0,Medium,0.0
35857,0.0751,0,Medium,0.0
18891,0.0521,0,Medium,0.0
26116,0.0387,0,Medium,0.0
35746,0.0411,0,Medium,0.0
49984,0.0552,0,Medium,0.0
28879,0.0429,0,Medium,0.0
31084,0.0258,0,Medium,0.0
26660,0.9952,1,High,1.0
35737,0.0582,0,Medium,0.0
2555,0.1264,0,Medium,0.0
49981,0.0472,0,Medium,0.0
32622,0.117,0,Medium,0.0
11237,0.0925,0,Medium,1.0
37188,0.0363,0,Medium,1.0
35468,0.9631,1,Low,1.0
23748,0.3144,0,Medium,1.0
35782,0.0567,0,Low,0.0
23625,0.2388,0,Low,0.0
7718,0.037,0,Medium,0.0
45070,0.0501,0,High,0.0
49612,0.0576,0,High,0.0
7702,0.328,0,Low,1.0
47060,0.1254,0,Low,0.0
20458,0.9572,1,High,1.0
7600,0.5808,1,Medium,1.0
32266,0.0429,0,Medium,0.0
1593,0.0199,0,Medium,0.0
48185,0.8573,1,Low,1.0
4493,0.0655,0,High,0.0
49055,0.045,0,Medium,0.0
48756,0.0499,0,High,0.0
47603,0.9887,1,VIP,1.0
41153,0.0541,0,Medium,1.0
20164,0.0946,0,Medium,0.0
40295,0.0373,0,IMP,0.0
43510,0.5269,0,Low,0.0
12543,0.0412,0,Medium,0.0
33324,0.0483,0,Medium,0.0
24591,0.0523,0,Medium,0.0
27908,0.2227,0,Low,0.0
30924,0.0519,0,Low,0.0
23941,0.0691,0,IMP,0.0
14472,0.6436,1,Low,1.0
5667,0.0429,0,Low,0.0
44021,0.0569,0,Medium,0.0
28465,0.0362,0,Medium,0.0
12298,0.9524,1,Low,1.0
7481,0.0505,0,Medium,0.0
29313,0.241,0,High,0.0
37378,0.9473,1,Low,1.0
32761,0.2281,0,Low,0.0
47095,0.0343,0,Medium,0.0
16982,0.6239,1,Low,0.0
47011,0.036,0,IMP,0.0
41021,0.9878,1,IMP,1.0
19108,0.1482,0,Medium,0.0
28254,0.593,1,Medium,0.0
10499,0.0272,0,Medium,0.0
39752,0.1566,0,High,0.0
38699,0.0866,0,Medium,0.0
40465,0.0461,0,IMP,0.0
32871,0.0499,0,IMP,0.0
45347,0.0256,0,Low,0.0
48257,0.0569,0,High,0.0
1925,0.0369,0,Medium,0.0
3078,0.0283,0,Low,0.0
16525,0.1268,0,Medium,0.0
43263,0.0423,0,Medium,0.0
17484,0.0474,0,Medium,0.0
25620,0.0622,0,Medium,0.0
7457,0.0121,0,Low,0.0
31024,0.0482,0,Medium,1.0
1093,0.0733,0,Medium,0.0
25138,0.4731,0,Low,1.0
17116,0.0555,0,High,0.0
47855,0.0273,0,Medium,0.0
22445,0.2459,0,Low,0.0
33605,0.444,0,Low,1.0
24034,0.9856,1,High,1.0
28538,0.0693,0,Medium,0.0
41970,0.0594,0,Medium,0.0
22358,0.0336,0,Medium,0.0
48666,0.1381,0,Medium,0.0
34328,0.096,0,Medium,1.0
10809,0.326,0,Low,1.0
16277,0.2495,0,Medium,0.0
692,0.0667,0,VIP,0.0
8177,0.0507,0,High,0.0
28920,0.0451,0,Medium,0.0
1137,0.0247,0,Medium,1.0
42090,0.0509,0,Medium,0.0
24332,0.1388,0,Low,0.0
16505,0.0926,0,Low,0.0
42800,0.248,0,Low,0.0
32982,0.0509,0,Low,0.0
2484,0.0524,0,Medium,0.0
37828,0.2398,0,Low,0.0
39945,0.9633,1,Medium,1.0
5463,0.3242,0,Low,0.0
27222,0.0406,0,Low,0.0
37321,0.852,1,Medium,1.0
15418,0.0746,0,IMP,0.0
31997,0.0547,0,High,0.0
10510,0.9888,1,High,1.0
32240,0.1057,0,Medium,0.0
32562,0.0355,0,Medium,0.0
7155,0.9962,1,Medium,1.0
35303,0.0438,0,High,1.0
42990,0.9843,1,High,1.0
26028,0.0512,0,Medium,0.0
37702,0.0567,0,IMP,0.0
36383,0.0479,0,Medium,0.0
31856,0.0358,0,Low,0.0
41343,0.0408,0,Medium,0.0
37734,0.2311,0,Low,1.0
41480,0.9767,1,Medium,1.0
1326,0.0557,0,Low,0.0
2603,0.9918,1,Low,1.0
43958,0.047,0,Medium,0.0
48195,0.6039,1,Low,0.0
45374,0.049,0,High,0.0
44491,0.9933,1,High,1.0
5772,0.8767,1,High,1.0
20866,0.7167,1,Medium,1.0
42473,0.186,0,Low,0.0
35982,0.9579,1,IMP,1.0
24287,0.1189,0,High,0.0
42653,0.8374,1,Low,1.0
974,0.2298,0,Medium,0.0
18640,0.0745,0,Medium,0.0
24666,0.0328,0,Medium,0.0
8501,0.0541,0,High,0.0
46893,0.0356,0,Medium,1.0
37233,0.056,0,High,0.0
6873,0.0388,0,Medium,0.0
24911,0.9656,1,Low,1.0
46359,0.0554,0,Medium,0.0
22838,0.0439,0,Medium,0.0
21309,0.0286,0,Medium,0.0
41351,0.2142,0,Low,0.0
39542,0.0763,0,High,0.0
25662,0.0454,0,High,0.0
25111,0.7528,1,Medium,1.0
24752,0.2737,0,Medium,0.0
30860,0.0477,0,Medium,0.0
43836,0.33,0,Low,0.0
36331,0.5897,1,Low,1.0
7752,0.0432,0,High,0.0
39431,0.056,0,Medium,0.0
16740,0.0438,0,Medium,0.0
24020,0.048,0,Medium,0.0
46874,0.0561,0,Medium,0.0
39552,0.0493,0,High,0.0
9774,0.0681,0,IMP,0.0
28277,0.0224,0,Medium,0.0
10671,0.0469,0,IMP,0.0
16843,0.2745,0,Medium,0.0
35937,0.0579,0,Medium,0.0
8893,0.0687,0,Low,0.0
23954,0.2725,0,Medium,0.0
9822,0.0635,0,High,0.0
31866,0.9749,1,Low,1.0
34953,0.0577,0,High,0.0
33181,0.0399,0,Low,0.0
38002,0.9926,1,Low,1.0
6920,0.0603,0,IMP,0.0
9607,0.4277,1,Medium,0.0
7726,0.8847,1,Low,1.0
15586,0.044,0,High,0.0
742,0.0435,0,Medium,0.0
46655,0.0951,0,Medium,0.0
45153,0.9838,1,High,1.0
40814,0.3588,0,Medium,0.0
41697,0.0469,0,Medium,0.0
30551,0.0686,0,High,0.0
31449,0.0465,0,High,0.0
43786,0.0881,0,Medium,0.0
33961,0.9932,1,IMP,1.0
26163,0.3068,0,Low,0.0
13928,0.0595,0,High,0.0
8046,0.8542,1,Low,1.0
47541,0.1153,0,VIP,0.0
42751,0.0374,0,IMP,0.0
13128,0.9517,1,Low,1.0
26807,0.0552,0,Medium,0.0
31120,0.0564,0,High,0.0
20053,0.1428,0,Medium,0.0
34223,0.0529,0,Low,0.0
24837,0.3064,0,Low,0.0
4773,0.0882,0,Medium,0.0
9465,0.0801,0,Medium,0.0
41549,0.0271,0,Low,0.0
48611,0.0603,0,Medium,0.0
33291,0.9991,1,Medium,1.0
23122,0.0346,0,High,0.0
8635,0.7257,1,Medium,1.0
22587,0.0455,0,Medium,0.0
23887,0.9156,1,Low,0.0
20263,0.0492,0,High,0.0
2716,0.9256,1,Low,1.0
31197,0.0431,0,Medium,0.0
42112,0.9476,1,Medium,1.0
43504,0.0613,0,IMP,0.0
29752,0.3653,0,Low,1.0
31732,0.0697,0,IMP,0.0
2739,0.0497,0,Medium,0.0
14984,0.0282,0,Low,0.0
5615,0.0462,0,Medium,0.0
16609,0.9846,1,Medium,1.0
19043,0.0447,0,Medium,0.0
5209,0.3191,0,Low,0.0
5133,0.0634,0,High,0.0
48209,0.954,1,Low,1.0
48265,0.0501,0,Medium,0.0
14952,0.0466,0,Low,0.0
37109,0.0405,0,Medium,0.0
7020,0.5006,1,Medium,1.0
6254,0.0702,0,Medium,0.0
870,0.971,1,High,1.0
32603,0.0447,0,Medium,0.0
940,0.0663,0,Low,0.0
31092,0.0428,0,Medium,0.0
44773,0.982,1,Medium,1.0
35064,0.9662,1,Medium,1.0
34306,0.99,1,IMP,1.0
9299,0.0551,0,Medium,0.0
40652,0.9943,1,High,1.0
2740,0.9951,1,IMP,1.0
44843,0.0434,0,Medium,0.0
29799,0.6383,1,Medium,1.0
36085,0.0491,0,High,0.0
21032,0.0415,0,Medium,0.0
47384,0.9214,1,Low,1.0
36767,0.1444,0,Medium,0.0
26270,0.5287,0,Low,1.0
49221,0.0426,0,Medium,0.0
5233,0.0392,0,Low,0.0
33905,0.0546,0,High,0.0
47116,0.9326,1,Medium,1.0
43146,0.0662,0,Medium,0.0
7557,0.542,0,Low,0.0
38382,0.0507,0,High,0.0
39539,0.0625,0,Medium,0.0
40290,0.0682,0,Medium,0.0
28559,0.0496,0,Medium,0.0
7902,0.0199,0,Medium,0.0
31664,0.0705,0,Medium,0.0
41214,0.9915,1,High,1.0
27264,0.8078,1,Low,1.0
37473,0.0667,0,VIP,0.0
39154,0.0414,0,IMP,0.0
42785,0.0652,0,IMP,0.0
23905,0.2278,0,Medium,1.0
40827,0.9744,1,IMP,1.0
7351,0.9602,1,High,1.0
8037,0.9849,1,Medium,1.0
46035,0.171,0,IMP,0.0
17335,0.0287,0,Medium,0.0
35245,0.0453,0,Medium,0.0
20038,0.0577,0,Medium,0.0
36214,0.0508,0,IMP,0.0
6958,0.0591,0,IMP,0.0
38869,0.9921,1,High,1.0
46089,0.0336,0,Medium,0.0
18080,0.0242,0,Low,0.0
43413,0.04,0,High,0.0
35364,0.0408,0,Medium,0.0
1806,0.0599,0,High,0.0
17441,0.9933,1,Low,1.0
22618,0.7833,1,Medium,1.0
23173,0.0535,0,Medium,1.0
7977,0.0384,0,Medium,0.0
44330,0.9454,1,Low,1.0
14088,0.9913,1,High,1.0
40628,0.8039,1,Medium,1.0
48564,0.0295,0,Low,0.0
1005,0.0275,0,Low,0.0
44666,0.0866,0,VIP,0.0
7252,0.0352,0,Low,1.0
30149,0.021,0,Medium,0.0
39634,0.0528,0,Medium,0.0
46864,0.041,0,Medium,0.0
31969,0.1915,0,Low,0.0
14978,0.0241,0,Medium,0.0
6386,0.062,0,Low,0.0
19344,0.0387,0,Medium,0.0
4738,0.3506,1,IMP,0.0
21594,0.0996,0,Medium,0.0
9290,0.1622,0,High,0.0
29260,0.0551,0,IMP,0.0
43498,0.1539,0,Medium,0.0
18844,0.0522,0,Medium,0.0
15487,0.0228,0,Medium,0.0
4590,0.0573,0,High,0.0
17996,0.0592,0,High,0.0
25072,0.0222,0,Low,0.0
42297,0.0377,0,Medium,0.0
25971,0.9658,1,High,1.0
36428,0.0432,0,High,0.0
30855,0.2819,0,Medium,0.0
3352,0.9894,1,High,1.0
5848,0.0586,0,IMP,0.0
5407,0.0338,0,Medium,0.0
48196,0.0591,0,IMP,0.0
47523,0.0443,0,Medium,1.0
22225,0.0443,0,High,0.0
44485,0.8707,1,Low,1.0
42728,0.9854,1,Low,1.0
8238,0.9936,1,High,1.0
55,0.9934,1,High,1.0
19450,0.0226,0,Medium,0.0
9332,0.046,0,Medium,0.0
42657,0.0437,0,High,0.0
39601,0.03,0,Low,0.0
28836,0.0638,0,High,1.0
44296,0.0762,0,IMP,0.0
29138,0.0575,0,High,0.0
13993,0.0679,0,High,0.0
38979,0.8363,1,Medium,1.0
23386,0.0447,0,Medium,0.0
36332,0.0679,0,High,0.0
42538,0.0583,0,Medium,0.0
9474,0.1219,0,Medium,0.0
13468,0.9919,1,High,1.0
35879,0.0381,0,Medium,0.0
11632,0.992,1,High,1.0
5034,0.0275,0,Low,0.0
25467,0.0464,0,IMP,0.0
20417,0.0564,0,Medium,0.0
39567,0.043,0,Medium,0.0
43619,0.0523,0,Medium,0.0
49713,0.3844,0,Low,0.0
16043,0.0429,0,Medium,0.0
2295,0.0444,0,Low,0.0
7007,0.0378,0,Low,0.0
34476,0.9884,1,High,1.0
7039,0.0566,0,Medium,0.0
24933,0.0405,0,Medium,0.0
49633,0.9354,1,Low,1.0
5606,0.976,1,Medium,1.0
49385,0.0294,0,Low,1.0
2650,0.0493,0,Medium,0.0
43658,0.0571,0,Medium,0.0
44286,0.1802,0,Low,1.0
22383,0.9729,1,Low,1.0
18910,0.0975,0,Medium,0.0
46076,0.0434,0,Medium,0.0
25407,0.0351,0,Low,0.0
8106,0.9912,1,High,1.0
17498,0.0536,0,IMP,0.0
17272,0.2687,0,Low,0.0
17437,0.0389,0,Medium,0.0
42768,0.9708,1,Low,1.0
34387,0.944,1,Medium,1.0
39536,0.0452,0,High,0.0
35092,0.9793,1,Low,1.0
4849,0.0328,0,Medium,0.0
30807,0.9912,1,IMP,1.0
38635,0.3807,0,Medium,0.0
27465,0.0284,0,Medium,0.0
29186,0.731,1,Low,1.0
6535,0.0544,0,High,0.0
20623,0.9882,1,IMP,1.0
10901,0.985,1,Low,1.0
5259,0.0448,0,Medium,0.0
16409,0.9895,1,Medium,1.0
11616,0.0291,0,Low,0.0
9328,0.3619,0,Medium,0.0
36718,0.0481,0,Medium,0.0
4017,0.0783,0,Low,0.0
29658,0.6977,1,Low,1.0
40371,0.9938,1,IMP,1.0
26602,0.8107,1,Medium,0.0
31373,0.0815,0,Medium,0.0
4190,0.769,1,Low,1.0
38611,0.0418,0,High,0.0
26413,0.0448,0,Medium,0.0
20808,0.0426,0,IMP,0.0
43656,0.0777,0,IMP,0.0
4432,0.0689,0,Medium,0.0
48757,0.0385,0,Medium,0.0
47794,0.0476,0,IMP,0.0
44819,0.0471,0,Low,0.0
29593,0.0563,0,Medium,0.0
23663,0.9835,1,Medium,1.0
13390,0.6491,1,Medium,1.0
26050,0.8409,1,Low,1.0
48730,0.3308,0,Medium,1.0
38494,0.0417,0,Medium,0.0
40285,0.0465,0,Medium,0.0
24589,0.0574,0,IMP,0.0
31897,0.0464,0,Medium,0.0
49025,0.0528,0,Medium,0.0
5121,0.0616,0,Medium,0.0
48543,0.0362,0,Medium,0.0
49645,0.9154,1,Medium,1.0
20011,0.1411,0,Medium,0.0
728,0.0414,0,Medium,0.0
2680,0.2703,0,Low,0.0
15995,0.2555,0,Medium,0.0
18323,0.0553,0,Medium,0.0
10301,0.0711,0,IMP,0.0
44653,0.9891,1,High,1.0
8241,0.0723,0,Low,0.0
3902,0.0547,0,Medium,0.0
41556,0.995,1,High,1.0
35795,0.0248,0,Low,0.0
7891,0.0463,0,High,0.0
39877,0.0536,0,Medium,0.0
17112,0.0562,0,Medium,0.0
12085,0.4706,0,Low,0.0
9636,0.0297,0,Medium,0.0
25339,0.0504,0,IMP,0.0
98,0.9927,1,IMP,1.0
9850,0.1834,0,Medium,0.0
37396,0.0301,0,Low,0.0
37093,0.0627,0,Low,0.0
43193,0.0565,0,IMP,0.0
13297,0.0321,0,Medium,0.0
18885,0.0335,0,Medium,0.0
21408,0.9916,1,VIP,1.0
30254,0.0388,0,Low,0.0
10665,0.2543,0,Low,1.0
441,0.0442,0,Medium,0.0
2769,0.807,1,Low,1.0
41303,0.4491,1,Medium,0.0
25707,0.045,0,Medium,0.0
47848,0.9676,1,Low,1.0
3234,0.2161,0,High,0.0
19740,0.9878,1,IMP,1.0
10278,0.0357,0,Medium,0.0
23617,0.7,1,Medium,1.0
2227,0.2844,0,Medium,0.0
46218,0.2142,0,Medium,0.0
16549,0.9631,1,Low,1.0
22958,0.0738,0,Medium,0.0
31750,0.0602,0,Medium,0.0
43849,0.1353,0,IMP,0.0
35502,0.0341,0,Medium,0.0
33220,0.4449,0,Low,0.0
28191,0.9904,1,High,1.0
375,0.0567,0,IMP,0.0
29568,0.8812,1,Low,1.0
29982,0.6004,1,Low,0.0
48163,0.0447,0,High,0.0
16157,0.8845,1,Medium,1.0
38201,0.063,0,IMP,0.0
35108,0.0513,0,Medium,0.0
43409,0.877,1,Low,1.0
6773,0.914,1,Medium,1.0
19433,0.0326,0,Medium,0.0
15766,0.0571,0,Medium,0.0
12232,0.0641,0,VIP,0.0
24788,0.0486,0,IMP,0.0
31476,0.0516,0,Medium,0.0
1933,0.4233,0,Low,1.0
18303,0.1523,0,High,0.0
8718,0.0487,0,Medium,0.0
12138,0.0177,0,Low,0.0
37756,0.1031,0,Medium,0.0
45102,0.9593,1,High,1.0
351,0.5959,1,Medium,0.0
2846,0.9924,1,IMP,1.0
40854,0.0676,0,Low,0.0
12306,0.034,0,Low,0.0
16919,0.3782,0,Medium,0.0
2778,0.0236,0,Medium,0.0
25834,0.0266,0,Medium,0.0
3909,0.1015,0,Low,1.0
38872,0.0296,0,Medium,0.0
39444,0.0431,0,Medium,0.0
13360,0.0381,0,Medium,0.0
19758,0.0514,0,Medium,0.0
38103,0.0632,0,Medium,0.0
4520,0.8829,1,Medium,1.0
30854,0.109,0,Low,0.0
45266,0.0692,0,Low,0.0
15598,0.2726,0,Low,0.0
19672,0.9884,1,High,1.0
31992,0.061,0,IMP,0.0
13803,0.0329,0,Low,1.0
13937,0.9655,1,Medium,1.0
34085,0.0217,0,Medium,0.0
699,0.0453,0,IMP,0.0
45199,0.906,1,High,1.0
29043,0.041,0,Medium,0.0
28027,0.0651,0,High,0.0
4595,0.0516,0,Medium,0.0
44880,0.0391,0,Low,0.0
12414,0.0661,0,High,0.0
16056,0.7504,1,Low,1.0
38053,0.9726,1,High,1.0
4709,0.0617,0,IMP,0.0
44039,0.7067,1,Medium,0.0
7387,0.8055,1,Low,1.0
15980,0.9392,1,Medium,1.0
47727,0.3185,0,Medium,0.0
43606,0.0455,0,Medium,0.0
10923,0.0578,0,IMP,0.0
25472,0.9101,1,Low,1.0
17114,0.9938,1,IMP,1.0
3221,0.0472,0,Medium,0.0
30235,0.0412,0,Low,0.0
39528,0.0137,0,Medium,0.0
9006,0.0461,0,Medium,0.0
29863,0.9907,1,High,1.0
20484,0.0577,0,High,0.0
23137,0.9836,1,Low,1.0
8091,0.0484,0,Medium,0.0
13783,0.0634,0,Medium,0.0
42591,0.0493,0,IMP,0.0
40271,0.9805,1,Medium,1.0
23475,0.5125,0,Low,1.0
9030,0.1551,0,Medium,0.0
34789,0.0553,0,Medium,0.0
38921,0.0543,0,High,0.0
23322,0.058,0,IMP,0.0
18061,0.7493,1,Low,1.0
27098,0.3182,0,Medium,0.0
27668,0.9841,1,Medium,1.0
29921,0.9933,1,IMP,1.0
31811,0.0385,0,Medium,0.0
3250,0.6535,1,Low,1.0
17118,0.0427,0,Medium,0.0
18260,0.0833,0,Medium,0.0
4597,0.0248,0,Medium,0.0
4446,0.033,0,Medium,0.0
44634,0.0531,0,IMP,1.0
26588,0.0301,0,Medium,0.0
9585,0.0591,0,Low,0.0
45841,0.2122,0,Medium,0.0
15022,0.0409,0,Medium,0.0
42106,0.0552,0,Medium,0.0
35777,0.0454,0,Medium,0.0
11324,0.1691,0,High,0.0
7656,0.0374,0,Low,0.0
195,0.0541,0,Medium,0.0
364,0.144,0,Medium,0.0
8882,0.9636,1,High,1.0
48454,0.025,0,Medium,0.0
7985,0.0277,0,Low,0.0
19337,0.045,0,Low,0.0
25997,0.057,0,Medium,0.0
46660,0.0392,0,Medium,0.0
31723,0.0648,0,Medium,0.0
35347,0.7692,1,Low,1.0
18261,0.0419,0,Medium,0.0
33973,0.4716,0,Low,1.0
21235,0.9593,1,Low,1.0
29220,0.0432,0,IMP,0.0
44626,0.9855,1,Low,1.0
27652,0.0776,0,IMP,0.0
6147,0.4404,0,Low,0.0
41140,0.0352,0,Low,1.0
24098,0.0357,0,Medium,0.0
10341,0.0501,0,Medium,0.0
22109,0.9874,1,High,1.0
30578,0.9928,1,High,1.0
22493,0.0445,0,High,0.0
3409,0.0418,0,Medium,0.0
16722,0.9949,1,IMP,1.0
48814,0.0262,0,Low,0.0
7871,0.0335,0,Medium,0.0
47393,0.0562,0,Medium,0.0
43057,0.0527,0,Medium,0.0
43573,0.0678,0,Medium,0.0
48810,0.0429,0,Medium,0.0
25411,0.991,1,IMP,1.0
6590,0.0477,0,Medium,0.0
29417,0.0577,0,Medium,0.0
37255,0.0314,0,Medium,0.0
25182,0.9909,1,High,1.0
17149,0.0401,0,Medium,0.0
5379,0.9653,1,Low,1.0
49339,0.9843,1,High,1.0
20229,0.9809,1,Low,1.0
31596,0.9816,1,High,1.0
12692,0.0472,0,Medium,1.0
6494,0.0432,0,Medium,0.0
18277,0.9933,1,High,1.0
27321,0.025,0,Low,0.0
31926,0.9144,1,Low,1.0
25061,0.0782,0,Low,0.0
24324,0.0687,0,Low,0.0
10674,0.1564,0,Medium,0.0
21893,0.0857,0,Medium,0.0
4510,0.7081,1,Medium,1.0
9257,0.1403,0,Low,0.0
13656,0.9447,1,Low,1.0
42332,0.0522,0,Medium,0.0
34679,0.0595,0,Low,0.0
28462,0.046,0,Medium,1.0
10136,0.6085,1,Low,0.0
39885,0.6346,1,Medium,1.0
9053,0.0391,0,Medium,0.0
35269,0.0571,0,Medium,0.0
23378,0.0555,0,Medium,0.0
34550,0.9681,1,Low,1.0
31454,0.061,0,Medium,0.0
13005,0.0446,0,Medium,0.0
28683,0.0547,0,Low,0.0
278,0.0928,0,Low,0.0
10652,0.0495,0,Medium,0.0
24972,0.0428,0,Medium,0.0
21483,0.0241,0,Low,0.0
42900,0.051,0,Medium,0.0
43516,0.0516,0,Medium,0.0
46501,0.0605,0,IMP,0.0
10169,0.2371,0,Medium,0.0
24301,0.0474,0,High,0.0
28141,0.9937,1,High,1.0
2865,0.2929,0,Low,1.0
23212,0.0497,0,Medium,0.0
41268,0.0726,0,High,0.0
37835,0.7003,1,High,1.0
46919,0.9958,1,IMP,1.0
9899,0.0825,0,Medium,1.0
14337,0.0379,0,Medium,1.0
9471,0.0559,0,IMP,0.0
5321,0.4871,0,Low,1.0
15437,0.1719,0,Medium,0.0
1305,0.0548,0,Medium,0.0
39864,0.0424,0,Medium,0.0
8228,0.0361,0,IMP,0.0
47811,0.063,0,High,0.0
13125,0.9852,1,High,1.0
1909,0.0359,0,Low,0.0
45252,0.0656,0,Low,0.0
49054,0.0299,0,Low,0.0
10519,0.8234,1,Medium,1.0
5341,0.9869,1,High,1.0
22646,0.029,0,Medium,0.0
48792,0.0362,0,Medium,0.0
20486,0.0665,0,Medium,0.0
6000,0.9611,1,Medium,1.0
34197,0.0517,0,Medium,0.0
45305,0.0429,0,Medium,0.0
41454,0.0514,0,Medium,0.0
21915,0.0441,0,High,0.0
17039,0.9918,1,High,1.0
14604,0.9819,1,Medium,1.0
3447,0.047,0,IMP,0.0
42114,0.0678,0,IMP,0.0
16692,0.0725,0,VIP,0.0
46634,0.0486,0,Medium,0.0
34072,0.0507,0,High,0.0
14271,0.3241,0,Medium,0.0
24281,0.0466,0,Medium,0.0
35716,0.0614,0,Medium,0.0
39626,0.0405,0,Medium,0.0
37375,0.0955,0,Low,1.0
38760,0.0581,0,Medium,0.0
22990,0.0417,0,High,0.0
24380,0.0277,0,Medium,0.0
28212,0.1174,0,Medium,0.0
29381,0.1587,0,Low,0.0
26827,0.3289,0,Medium,0.0
33011,0.2764,0,Medium,1.0
38549,0.9475,1,Medium,1.0
13766,0.0465,0,Medium,0.0
38294,0.0605,0,High,0.0
21829,0.0394,0,Medium,0.0
20788,0.0645,0,Medium,0.0
48346,0.0568,0,Medium,0.0
49970,0.9686,1,High,1.0
46873,0.9712,1,High,1.0
26738,0.0308,0,Medium,0.0
3000,0.0292,0,Medium,0.0
47911,0.991,1,High,1.0
11553,0.3519,0,Medium,0.0
227,0.0834,0,Medium,0.0
47989,0.0463,0,Medium,0.0
4594,0.0544,0,Medium,0.0
22093,0.9543,1,Medium,1.0
21902,0.2471,0,Medium,1.0
6829,0.8702,1,Medium,1.0
42740,0.0856,0,Medium,1.0
47272,0.9923,1,IMP,1.0
12249,0.0763,0,IMP,1.0
19663,0.065,0,Medium,0.0
41126,0.0357,0,High,0.0
13567,0.0506,0,Medium,0.0
9142,0.9519,1,High,1.0
20822,0.055,0,Medium,0.0
5184,0.042,0,Low,1.0
384,0.0564,0,Low,0.0
9061,0.0565,0,Medium,0.0
14401,0.0511,0,Medium,0.0
20913,0.0424,0,Medium,0.0
5242,0.0399,0,Low,0.0
31622,0.0527,0,IMP,0.0
36961,0.0577,0,High,0.0
33682,0.0514,0,Medium,1.0
13213,0.9736,1,IMP,1.0
42588,0.9691,1,Low,1.0
16796,0.0833,0,Low,0.0
32533,0.044,0,Low,0.0
39846,0.052,0,Medium,0.0
41690,0.8291,1,Medium,1.0
29948,0.9084,1,Medium,1.0
33174,0.0609,0,Medium,0.0
47106,0.9813,1,IMP,1.0
41696,0.0504,0,High,0.0
47784,0.0567,0,Low,0.0
27578,0.0758,0,IMP,0.0
28563,0.05,0,High,0.0
3451,0.9832,1,IMP,1.0
18072,0.0391,0,Medium,0.0
22308,0.4851,1,Medium,0.0
26698,0.0562,0,Medium,0.0
5680,0.0435,0,Medium,0.0
30322,0.1011,0,Medium,0.0
48879,0.0542,0,IMP,0.0
17175,0.0659,0,High,0.0
47466,0.05,0,Medium,0.0
43581,0.9912,1,Medium,1.0
47663,0.9096,1,Medium,1.0
10068,0.0308,0,Medium,0.0
10630,0.105,0,Medium,0.0
39421,0.0234,0,Medium,0.0
34864,0.371,0,Low,0.0
49584,0.0466,0,High,0.0
13945,0.0751,0,Medium,0.0
32759,0.0505,0,VIP,0.0
3811,0.9348,1,Medium,1.0
5923,0.0541,0,IMP,1.0
41224,0.0258,0,Medium,0.0
31827,0.9865,1,High,1.0
36420,0.8785,1,Low,1.0
47922,0.9523,1,Low,1.0
18870,0.051,0,Low,0.0
37388,0.9908,1,IMP,1.0
31705,0.9855,1,High,1.0
37040,0.0382,0,Medium,0.0
47996,0.9974,1,Low,1.0
33461,0.0544,0,IMP,0.0
45137,0.9897,1,High,1.0
31861,0.1011,0,Medium,0.0
49457,0.0398,0,Medium,0.0
46712,0.0312,0,Medium,0.0
4706,0.0358,0,Medium,0.0
43628,0.0535,0,VIP,0.0
21078,0.0451,0,IMP,0.0
33573,0.991,1,High,1.0
12660,0.7069,1,Medium,0.0
11296,0.0494,0,IMP,0.0
12550,0.4194,1,Medium,1.0
24898,0.0478,0,Medium,0.0
38414,0.0423,0,Medium,0.0
44255,0.936,1,Low,1.0
39500,0.4659,1,Medium,0.0
35144,0.0454,0,Medium,0.0
18612,0.1967,0,Medium,1.0
33875,0.9442,1,Medium,1.0
5048,0.0417,0,Medium,0.0
44663,0.3732,0,Medium,1.0
468,0.0365,0,Medium,0.0
48928,0.7313,1,Medium,1.0
39788,0.9925,1,High,1.0
10875,0.9897,1,Medium,1.0
44770,0.9928,1,High,1.0
16524,0.9658,1,High,1.0
4151,0.7205,1,Low,1.0
6981,0.062,0,High,0.0
27374,0.041,0,Low,0.0
13153,0.0434,0,Medium,0.0
7938,0.5803,1,Low,0.0
47450,0.103,0,Low,0.0
24161,0.6011,1,Low,1.0
4466,0.0373,0,Low,0.0
31329,0.6017,1,Medium,1.0
21931,0.9884,1,High,1.0
37463,0.271,0,Medium,0.0
40476,0.0505,0,Medium,0.0
18835,0.0387,0,Medium,1.0
38771,0.064,0,IMP,1.0
29647,0.165,0,Low,0.0
26668,0.0265,0,Low,0.0
37794,0.0611,0,High,0.0
12600,0.0372,0,Medium,1.0
12983,0.0467,0,High,0.0
37507,0.0714,0,Medium,0.0
11574,0.0942,0,Medium,0.0
13287,0.8956,1,Medium,1.0
28255,0.9899,1,Medium,1.0
44242,0.9587,1,IMP,1.0
37124,0.0671,0,Medium,0.0
43470,0.0282,0,Medium,0.0
1437,0.0551,0,Medium,0.0
46869,0.0163,0,Low,0.0
24859,0.0501,0,Medium,1.0
39041,0.0292,0,Low,0.0
11592,0.0659,0,Medium,0.0
6601,0.0503,0,Medium,0.0
27705,0.0659,0,Low,0.0
39321,0.0373,0,Low,0.0
24626,0.0481,0,Medium,0.0
34249,0.0576,0,Medium,0.0
41405,0.0724,0,Medium,0.0
49364,0.0298,0,Medium,0.0
20567,0.0617,0,Medium,1.0
10946,0.0928,0,Low,0.0
5582,0.977,1,Low,1.0
28593,0.0459,0,Medium,0.0
3331,0.9892,1,Medium,1.0
74,0.9756,1,Medium,1.0
34428,0.9706,1,High,1.0
32252,0.0648,0,IMP,0.0
19796,0.044,0,IMP,0.0
39133,0.0534,0,High,0.0
32459,0.3033,0,Low,1.0
46777,0.0353,0,Low,1.0
23055,0.9151,1,Low,1.0
18158,0.9924,1,High,1.0
21342,0.0657,0,High,0.0
9467,0.974,1,Medium,1.0
46362,0.489,0,Low,1.0
11088,0.1031,0,High,0.0
33699,0.3888,0,Medium,0.0
7662,0.44,1,Medium,0.0
15962,0.0792,0,VIP,0.0
34744,0.5145,0,Low,0.0
34403,0.1112,0,Medium,0.0
12345,0.0435,0,Medium,0.0
39139,0.0468,0,Medium,0.0
1297,0.9793,1,High,1.0
18501,0.0868,0,Medium,0.0
26269,0.0506,0,Medium,0.0
12513,0.9554,1,Low,1.0
21623,0.9298,1,Low,1.0
14695,0.0311,0,Medium,0.0
35022,0.0492,0,Medium,0.0
9237,0.9883,1,IMP,1.0
7173,0.04,0,Medium,0.0
10355,0.0664,0,Medium,0.0
39127,0.031,0,Medium,0.0
19991,0.6261,1,Medium,1.0
39358,0.0438,0,Medium,0.0
22766,0.9865,1,Low,1.0
9434,0.1297,0,High,0.0
17494,0.048,0,Low,0.0
5917,0.0739,0,IMP,0.0
43392,0.8931,1,Low,1.0
33216,0.0647,0,IMP,0.0
46282,0.0503,0,High,0.0
33821,0.8999,1,Medium,1.0
19570,0.054,0,Medium,0.0
4027,0.9227,1,High,1.0
48503,0.8638,1,Medium,1.0
39898,0.0472,0,Medium,0.0
14792,0.9324,1,Low,1.0
25076,0.0483,0,IMP,0.0
16094,0.0457,0,Medium,0.0
9101,0.0388,0,Low,0.0
40866,0.9431,1,Medium,1.0
35583,0.063,0,IMP,0.0
41289,0.9936,1,IMP,1.0
32521,0.0459,0,IMP,0.0
26026,0.0611,0,Medium,0.0
42440,0.0278,0,Low,0.0
41218,0.0342,0,IMP,0.0
10238,0.0625,0,IMP,0.0
25737,0.0337,0,Medium,0.0
30238,0.0927,0,IMP,0.0
20465,0.8782,1,Low,1.0
8108,0.1871,0,Low,0.0
46757,0.0331,0,Low,0.0
10343,0.0503,0,Medium,0.0
382,0.4835,0,Low,0.0
39680,0.0713,0,Medium,0.0
19546,0.0392,0,Low,0.0
24890,0.0379,0,Medium,0.0
38128,0.0823,0,Low,0.0
7965,0.0764,0,Medium,0.0
288,0.0557,0,Medium,0.0
43465,0.015,0,Medium,0.0
39863,0.0649,0,VIP,0.0
25697,0.9923,1,IMP,1.0
689,0.0514,0,High,0.0
38915,0.0474,0,Medium,0.0
43046,0.7987,1,Low,1.0
39729,0.0649,0,Medium,0.0
24482,0.0544,0,Medium,0.0
14255,0.0271,0,High,0.0
44005,0.0971,0,Low,0.0
32645,0.0702,0,Medium,0.0
39543,0.1411,0,Medium,0.0
43127,0.2188,0,Low,1.0
32754,0.0391,0,Medium,0.0
7430,0.0421,0,Low,0.0
45129,0.3504,0,Low,0.0
26300,0.0756,0,Medium,0.0
48550,0.0612,0,High,0.0
12210,0.0428,0,Medium,0.0
3420,0.1626,0,Medium,0.0
6536,0.0655,0,Medium,0.0
31452,0.0509,0,Medium,0.0
28354,0.7205,1,Low,1.0
26860,0.0336,0,Low,0.0
13304,0.9914,1,High,1.0
10192,0.0229,0,Low,0.0
8309,0.9387,1,High,1.0
8669,0.0658,0,Medium,0.0
38777,0.0564,0,IMP,0.0
34515,0.0997,0,Medium,0.0
15198,0.0412,0,Medium,0.0
12841,0.9797,1,Low,1.0
41231,0.2963,0,Low,0.0
37912,0.0321,0,Medium,0.0
12757,0.0574,0,IMP,0.0
11752,0.8363,1,Low,1.0
12884,0.0353,0,Low,0.0
33900,0.0413,0,Medium,0.0
19706,0.4199,0,Low,0.0
28962,0.051,0,High,0.0
19687,0.9786,1,Medium,1.0
40335,0.0373,0,Medium,0.0
35590,0.0323,0,Low,0.0
11730,0.0745,0,Medium,0.0
39352,0.054,0,Medium,0.0
6615,0.0569,0,Low,0.0
44997,0.4175,0,Low,0.0
16986,0.9977,1,Low,1.0
13057,0.9681,1,IMP,1.0
2156,0.0449,0,Medium,0.0
23947,0.0661,0,Medium,0.0
7303,0.9718,1,Low,1.0
47304,0.1697,0,Low,0.0
33132,0.0562,0,High,0.0
25109,0.0516,0,Medium,0.0
21210,0.05,0,High,0.0
40874,0.4728,0,Low,1.0
975,0.0471,0,Medium,0.0
9635,0.9934,1,Medium,1.0
17877,0.0976,0,Medium,0.0
47242,0.0144,0,Low,0.0
5207,0.9665,1,Low,1.0
27531,0.0614,0,IMP,0.0
21567,0.0577,0,High,0.0
38052,0.0451,0,High,0.0
37085,0.8693,1,Low,1.0
17008,0.0495,0,Medium,0.0
1179,0.141,0,Medium,1.0
7587,0.0431,0,IMP,0.0
18233,0.0382,0,Medium,0.0
26853,0.986,1,IMP,1.0
39423,0.0977,0,Low,0.0
34575,0.3088,0,Low,0.0
30711,0.9963,1,IMP,1.0
8400,0.7309,1,Low,1.0
18275,0.5957,1,Medium,0.0
21703,0.0539,0,Medium,0.0
39738,0.4831,1,Medium,1.0
43881,0.0444,0,Medium,0.0
10453,0.9864,1,High,1.0
13173,0.0408,0,Medium,0.0
2891,0.0283,0,Medium,0.0
32958,0.0702,0,VIP,0.0
5061,0.1899,0,Low,0.0
40927,0.961,1,Low,1.0
28190,0.9935,1,Medium,1.0
18334,0.2669,0,Medium,0.0
6727,0.2818,0,Low,0.0
48957,0.0365,0,Medium,0.0
2154,0.0552,0,IMP,0.0
46703,0.0589,0,IMP,0.0
39586,0.0526,0,Medium,0.0
9262,0.0216,0,Medium,0.0
30767,0.0517,0,Medium,0.0
40106,0.9148,1,Medium,1.0
12846,0.0603,0,IMP,0.0
14874,0.1346,0,Low,0.0
37082,0.2805,0,Low,1.0
39014,0.0253,0,Medium,0.0
28398,0.052,0,Medium,0.0
7335,0.2576,0,Medium,0.0
41100,0.9817,1,Low,1.0
19162,0.041,0,High,0.0
25795,0.0412,0,Medium,0.0
16626,0.0433,0,Medium,0.0
368,0.0581,0,High,0.0
22273,0.0215,0,Low,0.0
28073,0.9941,1,IMP,1.0
1390,0.9936,1,High,1.0
47793,0.0238,0,Medium,0.0
26390,0.9903,1,Low,1.0
31427,0.0549,0,High,0.0
43475,0.9965,1,High,1.0
15439,0.0355,0,Medium,0.0
910,0.0205,0,Low,0.0
16605,0.0468,0,High,0.0
24928,0.9929,1,High,1.0
25760,0.1338,0,High,0.0
8661,0.988,1,IMP,1.0
43452,0.0535,0,Medium,0.0
26719,0.2987,0,Low,0.0
25459,0.0526,0,Medium,0.0
34013,0.2106,0,Medium,0.0
29586,0.058,0,Medium,1.0
835,0.6408,1,Low,1.0
11877,0.0371,0,Medium,0.0
16359,0.4241,1,Medium,1.0
40376,0.0878,0,IMP,0.0
49152,0.6931,1,Low,1.0
15433,0.0347,0,Medium,0.0
31317,0.9083,1,Medium,1.0
20826,0.0518,0,Medium,0.0
12490,0.0609,0,Medium,0.0
44689,0.0505,0,IMP,0.0
25652,0.0398,0,Low,0.0
35255,0.055,0,High,0.0
26942,0.0533,0,Medium,0.0
45368,0.993,1,IMP,1.0
43174,0.0497,0,High,0.0
26261,0.0258,0,Low,0.0
21072,0.9021,1,Medium,1.0
12444,0.9798,1,Medium,1.0
1530,0.0398,0,Low,0.0
26364,0.0444,0,Medium,0.0
36725,0.053,0,IMP,0.0
19021,0.0374,0,Medium,0.0
31554,0.4927,1,Medium,1.0
38662,0.0461,0,Medium,0.0
2679,0.0538,0,Medium,0.0
33830,0.8738,1,Medium,1.0
20258,0.9801,1,High,1.0
13523,0.055,0,VIP,0.0
1204,0.9322,1,Low,1.0
24964,0.0666,0,Medium,0.0
21261,0.0601,0,IMP,0.0
38718,0.1097,0,Medium,0.0
43199,0.0433,0,Medium,0.0
41457,0.06,0,Medium,0.0
49084,0.0451,0,Medium,0.0
7841,0.1428,0,Low,1.0
18274,0.0476,0,Medium,0.0
34459,0.0476,0,Medium,1.0
28202,0.0649,0,High,0.0
3637,0.9881,1,High,1.0
16081,0.9077,1,Low,1.0
48139,0.0429,0,Medium,0.0
45256,0.0339,0,Medium,0.0
49598,0.0508,0,High,0.0
16573,0.9498,1,High,1.0
11864,0.0572,0,Medium,0.0
49762,0.0597,0,High,0.0
12302,0.1165,0,Low,0.0
8680,0.9689,1,Medium,1.0
32723,0.838,1,Low,1.0
39259,0.9553,1,Low,0.0
16770,0.9781,1,Medium,1.0
37219,0.057,0,VIP,0.0
1916,0.057,0,Medium,0.0
23076,0.0642,0,Medium,0.0
47640,0.0389,0,Medium,0.0
49210,0.0531,0,Medium,0.0
46431,0.0527,0,High,0.0
45245,0.886,1,Medium,1.0
33444,0.0468,0,Medium,0.0
35065,0.9922,1,IMP,1.0
43644,0.0693,0,High,0.0
36307,0.968,1,Low,1.0
49022,0.4682,0,Low,1.0
12080,0.0834,0,Medium,0.0
20594,0.0275,0,Medium,0.0
12222,0.0905,0,Medium,0.0
24274,0.9943,1,High,1.0
16392,0.0508,0,Medium,0.0
47582,0.8765,1,Medium,1.0
27512,0.1565,0,Medium,0.0
18092,0.1805,0,High,0.0
26596,0.0491,0,Medium,0.0
14355,0.0517,0,Medium,0.0
48216,0.0691,0,Medium,0.0
28199,0.0375,0,Low,0.0
3559,0.9806,1,Low,1.0
37312,0.674,1,Low,1.0
4688,0.0337,0,Medium,0.0
34173,0.0573,0,IMP,0.0
4495,0.0632,0,High,0.0
7087,0.9815,1,Medium,1.0
40332,0.9534,1,High,1.0
34990,0.3204,0,Low,0.0
32541,0.9986,1,Low,1.0
1566,0.0318,0,Medium,0.0
46554,0.9894,1,IMP,1.0
1577,0.2402,0,High,0.0
25221,0.2505,0,Low,0.0
40128,0.9858,1,Medium,1.0
46736,0.0468,0,Low,0.0
22938,0.0395,0,Low,0.0
3820,0.0664,0,IMP,0.0
37579,0.9733,1,High,1.0
16839,0.0419,0,Medium,0.0
41093,0.0509,0,Medium,0.0
33386,0.0463,0,Medium,0.0
28659,0.042,0,Medium,0.0
19448,0.0491,0,Medium,0.0
42323,0.2412,0,Low,0.0
22842,0.044,0,Medium,0.0
22513,0.108,0,Low,0.0
49512,0.0349,0,Medium,0.0
37720,0.0633,0,High,0.0
8782,0.0524,0,Medium,0.0
38541,0.9834,1,High,1.0
39011,0.0627,0,Medium,0.0
6290,0.0468,0,Medium,0.0
43277,0.0313,0,Medium,0.0
21747,0.0522,0,Medium,0.0
17905,0.1296,0,Medium,0.0
36408,0.9857,1,IMP,1.0
47159,0.9933,1,Medium,1.0
7865,0.0784,0,Medium,0.0
16484,0.9938,1,IMP,1.0
3320,0.3449,0,Low,0.0
37417,0.0501,0,Medium,0.0
43318,0.0423,0,IMP,1.0
2140,0.0595,0,Medium,0.0
18561,0.2496,0,Low,1.0
39641,0.0678,0,IMP,0.0
41377,0.0776,0,Medium,0.0
27618,0.9879,1,High,1.0
7388,0.7139,1,Low,1.0
23222,0.5653,1,Medium,1.0
41891,0.9872,1,Medium,1.0
38536,0.855,1,Low,1.0
44932,0.0378,0,Medium,0.0
23091,0.0724,0,Low,0.0
3364,0.1699,0,Medium,0.0
11634,0.0732,0,Low,0.0
40027,0.0602,0,Medium,0.0
18550,0.0244,0,Medium,0.0
1234,0.4449,1,Medium,0.0
32615,0.9886,1,Low,1.0
7894,0.2671,0,Low,0.0
34307,0.0332,0,Low,0.0
11813,0.5097,1,Medium,1.0
13358,0.0957,0,Medium,0.0
12774,0.0484,0,Medium,0.0
10552,0.9608,1,Medium,1.0
35113,0.3053,0,Low,0.0
49823,0.0745,0,IMP,0.0
12373,0.0708,0,VIP,0.0
2961,0.9878,1,IMP,1.0
8042,0.0561,0,IMP,0.0
30597,0.9123,1,Low,1.0
7189,0.8625,1,Medium,1.0
4847,0.9838,1,Medium,1.0
35927,0.9952,1,IMP,1.0
45328,0.0491,0,IMP,0.0
6210,0.0562,0,Medium,1.0
46514,0.0407,0,High,0.0
27709,0.0453,0,Medium,0.0
28152,0.9785,1,High,1.0
25136,0.5584,1,Medium,1.0
49550,0.9858,1,Medium,1.0
15330,0.9861,1,High,1.0
6003,0.339,0,Medium,0.0
23635,0.0742,0,Medium,0.0
46245,0.0617,0,High,0.0
5281,0.0365,0,IMP,0.0
17074,0.0329,0,Low,0.0
42605,0.6838,1,Medium,1.0
39622,0.0865,0,Medium,0.0
3745,0.9887,1,Low,1.0
25193,0.0604,0,Medium,0.0
40382,0.9998,1,IMP,1.0
31757,0.6968,1,Medium,1.0
44649,0.5656,1,Low,0.0
40292,0.6279,1,Medium,1.0
26029,0.0337,0,Low,0.0
19478,0.0859,0,Medium,0.0
31295,0.0495,0,Medium,0.0
7687,0.0477,0,Medium,0.0
44169,0.9657,1,Low,1.0
34901,0.0317,0,Medium,0.0
19890,0.048,0,Medium,0.0
32856,0.9213,1,High,1.0
21127,0.0457,0,IMP,0.0
6647,0.0451,0,Medium,0.0
43194,0.8947,1,High,1.0
25799,0.0637,0,High,0.0
14085,0.0477,0,Medium,0.0
9610,0.0406,0,Low,0.0
15200,0.064,0,High,0.0
31212,0.0552,0,VIP,0.0
24827,0.0434,0,Medium,0.0
31368,0.0993,0,Low,0.0
13112,0.1241,0,Medium,0.0
32056,0.043,0,Medium,0.0
35703,0.0448,0,IMP,0.0
11490,0.0817,0,Medium,0.0
21730,0.0646,0,IMP,0.0
38540,0.0347,0,Low,0.0
16221,0.1529,0,High,0.0
44441,0.0263,0,Low,0.0
12764,0.0233,0,Low,0.0
35394,0.0879,0,Medium,0.0
16684,0.0403,0,Medium,0.0
14809,0.2109,0,Low,0.0
35272,0.2421,0,Medium,1.0
41342,0.1746,0,Low,0.0
27761,0.0595,0,Medium,0.0
28899,0.0377,0,Low,0.0
42723,0.0405,0,Medium,0.0
20887,0.0576,0,Medium,0.0
19647,0.8191,1,Low,1.0
44869,0.9358,1,High,1.0
10025,0.0446,0,Low,0.0
1398,0.0714,0,Low,0.0
21004,0.989,1,Low,1.0
45904,0.9248,1,High,1.0
46986,0.1402,0,Medium,0.0
9898,0.0566,0,High,0.0
12755,0.9812,1,Low,1.0
41009,0.0391,0,Medium,0.0
28383,0.0355,0,Medium,0.0
6570,0.0609,0,High,0.0
29387,0.436,0,Low,0.0
26034,0.9637,1,Low,1.0
19644,0.0483,0,Medium,0.0
1202,0.0748,0,High,0.0
25205,0.9519,1,High,1.0
14338,0.0897,0,Medium,0.0
32859,0.0885,0,Medium,0.0
20536,0.0573,0,IMP,0.0
16480,0.0585,0,Medium,0.0
26930,0.039,0,Medium,0.0
14456,0.1036,0,IMP,0.0
42969,0.0757,0,Medium,0.0
308,0.0639,0,Medium,0.0
42364,0.1182,0,Medium,0.0
22153,0.0288,0,Medium,0.0
11943,0.8,1,Low,1.0
14973,0.9951,1,High,1.0
37470,0.7379,1,Low,1.0
29413,0.0487,0,Medium,0.0
9819,0.0466,0,Medium,0.0
3419,0.9939,1,IMP,1.0
12629,0.0473,0,Medium,0.0
32359,0.8363,1,Medium,1.0
26454,0.1024,0,Low,0.0
1885,0.0392,0,Medium,0.0
7722,0.1264,0,Low,1.0
34753,0.9904,1,IMP,1.0
30179,0.0444,0,Medium,0.0
40277,0.0408,0,Medium,0.0
26869,0.5191,0,Low,1.0
28427,0.3817,0,Low,0.0
41785,0.0818,0,Low,0.0
15895,0.0729,0,Medium,0.0
19849,0.0269,0,Low,1.0
9657,0.0661,0,IMP,0.0
22217,0.0425,0,Medium,0.0
28711,0.0877,0,Low,0.0
10877,0.0662,0,Medium,0.0
32499,0.0359,0,IMP,0.0
29656,0.033,0,Medium,0.0
5414,0.0319,0,Low,0.0
8120,0.8628,1,Medium,1.0
26733,0.4921,1,Medium,1.0
1595,0.0801,0,Medium,0.0
18815,0.0463,0,Medium,0.0
15794,0.9781,0,No_VALUE,1.0
38809,0.994,1,High,1.0
28290,0.0621,0,Medium,0.0
40734,0.0166,0,Low,0.0
39054,0.0414,0,Low,0.0
29705,0.0671,0,High,0.0
40552,0.0685,0,High,0.0
10437,0.048,0,Medium,1.0
39918,0.0398,0,Low,0.0
37694,0.9451,1,Medium,1.0
787,0.0481,0,Medium,0.0
5311,0.8634,1,High,1.0
6490,0.0484,0,Medium,0.0
44101,0.0421,0,Medium,0.0
11412,0.0575,0,High,0.0
485,0.8297,1,Low,1.0
18801,0.0285,0,Medium,0.0
37247,0.1267,0,Medium,0.0
42529,0.0574,0,Medium,0.0
46385,0.1068,0,Low,0.0
22992,0.0439,0,Medium,0.0
36795,0.8425,1,Low,1.0
2178,0.0494,0,Medium,0.0
20641,0.1127,0,Medium,0.0
33760,0.0527,0,Medium,0.0
19349,0.0819,0,Medium,0.0
38483,0.9806,1,Low,1.0
41929,0.1012,0,Medium,0.0
24675,0.9925,1,IMP,1.0
39900,0.1925,0,Low,0.0
34916,0.0353,0,Low,0.0
38036,0.0446,0,Low,0.0
29617,0.0435,0,VIP,1.0
30098,0.5699,1,Medium,1.0
49610,0.0983,0,VIP,0.0
355,0.0651,0,Low,0.0
35328,0.0334,0,Medium,0.0
16514,0.0428,0,Medium,0.0
24554,0.059,0,IMP,0.0
17803,0.591,1,Medium,1.0
21737,0.1033,0,Low,0.0
31756,0.1479,0,Medium,0.0
40849,0.0573,0,Medium,0.0
43674,0.0384,0,Medium,0.0
24424,0.6016,1,Medium,1.0
39264,0.0288,0,Medium,0.0
4238,0.0607,0,Medium,1.0
49838,0.9009,1,Low,1.0
36013,0.3556,0,Medium,1.0
35891,0.9928,1,IMP,1.0
33809,0.0265,0,Low,0.0
8450,0.9552,1,Medium,1.0
6306,0.0354,0,Medium,0.0
44753,0.0556,0,Medium,0.0
24505,0.3435,0,Low,0.0
9285,0.0597,0,Low,0.0
22446,0.0514,0,Medium,0.0
46013,0.0806,0,Medium,0.0
29993,0.982,1,High,1.0
13281,0.048,0,Medium,0.0
20736,0.0434,0,Medium,0.0
12193,0.0447,0,Medium,0.0
26858,0.9935,1,High,1.0
38648,0.0545,0,Medium,0.0
11135,0.0852,0,IMP,0.0
4054,0.0455,0,Medium,0.0
24428,0.9999,1,High,1.0
37989,0.6599,1,Low,1.0
24963,0.0407,0,High,0.0
20471,0.1543,0,Low,0.0
15190,0.0685,0,Medium,0.0
20162,0.0423,0,Medium,0.0
11966,0.032,0,Medium,0.0
34780,0.9927,1,IMP,1.0
43685,0.9861,1,Medium,1.0
42938,0.0543,0,IMP,0.0
44007,0.991,1,IMP,1.0
39448,0.1362,0,Medium,0.0
12773,0.0389,0,Low,0.0
9616,0.0527,0,High,0.0
34558,0.994,1,Medium,1.0
34866,0.032,0,Medium,0.0
48128,0.9303,1,Low,0.0
42734,0.0499,0,High,0.0
33353,0.0716,0,High,0.0
49667,0.0512,0,IMP,0.0
45777,0.097,0,Low,0.0
41477,0.9875,1,IMP,1.0
10751,0.0766,0,High,0.0
41273,0.0217,0,Medium,0.0
43754,0.2249,0,Medium,0.0
32838,0.2565,0,Low,0.0
9120,0.9768,1,Low,1.0
30736,0.2067,0,Medium,0.0
17516,0.069,0,Medium,0.0
2779,0.0271,0,Medium,0.0
14003,0.0901,0,Medium,0.0
11529,0.8965,1,Low,1.0
21897,0.0395,0,Medium,0.0
23056,0.0444,0,Medium,0.0
13787,0.105,0,Low,0.0
49563,0.5484,0,Low,0.0
18906,0.9996,1,High,1.0
28098,0.05,0,High,0.0
49295,0.0445,0,Medium,0.0
22629,0.0504,0,Medium,0.0
29842,0.3152,0,Medium,1.0
2168,0.0445,0,High,0.0
33791,0.0652,0,Medium,0.0
35381,0.0634,0,Medium,0.0
31708,0.9743,1,Low,1.0
9731,0.0517,0,Medium,0.0
49979,0.0607,0,IMP,0.0
44987,0.0462,0,Low,0.0
28698,0.0524,0,High,0.0
44247,0.2404,0,Medium,0.0
47191,0.8326,1,Medium,1.0
46459,0.0411,0,Medium,0.0
11983,0.0494,0,High,0.0
29031,0.9829,1,Low,1.0
8673,0.0731,0,Medium,0.0
49841,0.1951,0,Low,0.0
49432,0.0526,0,Medium,0.0
13934,0.0413,0,Medium,0.0
22837,0.1126,0,Medium,0.0
47256,0.0678,0,Medium,0.0
1681,0.0755,0,Medium,0.0
928,0.8389,1,Low,1.0
1166,0.061,0,Medium,1.0
12498,0.0402,0,Medium,0.0
2771,0.0295,0,Medium,0.0
6564,0.0506,0,Medium,0.0
49070,0.0531,0,High,0.0
40116,0.0436,0,High,0.0
7041,0.0481,0,Medium,0.0
18040,0.0637,0,Medium,0.0
5926,0.0746,0,IMP,0.0
493,0.056,0,IMP,0.0
24246,0.0482,0,IMP,0.0
25157,0.9798,1,High,1.0
38050,0.9656,1,Medium,1.0
19218,0.038,0,Medium,0.0
43898,0.0521,0,Medium,0.0
11975,0.9591,1,Low,1.0
2558,0.927,1,High,1.0
15081,0.0318,0,Low,0.0
10752,0.0428,0,Medium,0.0
23205,0.0425,0,High,1.0
13244,0.8197,1,Medium,1.0
23959,0.2084,0,Medium,0.0
28926,0.9908,1,Low,1.0
8564,0.066,0,Medium,0.0
23010,0.0348,0,Low,0.0
5727,0.0513,0,Medium,0.0
13840,0.0352,0,High,0.0
142,0.7908,1,Low,1.0
34800,0.0183,0,Medium,0.0
45966,0.0467,0,IMP,0.0
8702,0.036,0,Medium,0.0
43207,0.0558,0,Medium,0.0
25598,0.0787,0,Medium,0.0
11307,0.256,0,Medium,1.0
3055,0.9795,1,IMP,1.0
40633,0.902,1,Medium,1.0
48436,0.0588,0,IMP,0.0
10764,0.0279,0,Medium,0.0
49172,0.9787,1,Medium,1.0
28302,0.0609,0,IMP,0.0
16015,0.0541,0,IMP,0.0
38964,0.0369,0,Medium,0.0
49854,0.024,0,Medium,0.0
11609,0.0679,0,High,0.0
43697,0.4727,0,Low,1.0
9370,0.0542,0,High,0.0
7306,0.0194,0,Medium,0.0
42663,0.0323,0,Medium,0.0
21746,0.0642,0,Low,0.0
46915,0.719,1,Medium,1.0
45926,0.0511,0,High,0.0
42257,0.9523,1,Low,1.0
35805,0.0594,0,IMP,0.0
42225,0.1258,0,Low,1.0
5897,0.0498,0,Medium,0.0
31903,0.0924,0,Medium,0.0
32677,0.0509,0,Medium,0.0
15904,0.0609,0,High,0.0
40526,0.0362,0,Medium,0.0
18268,0.0633,0,Low,0.0
19963,0.2452,0,Low,0.0
11170,0.0329,0,Medium,0.0
30358,0.9958,1,High,1.0
18796,0.1988,0,Low,0.0
39575,0.6824,1,Medium,1.0
13235,0.991,1,High,1.0
43634,0.9924,1,IMP,1.0
42686,0.0477,0,Medium,0.0
34034,0.9554,1,Low,1.0
34368,0.0218,0,Medium,0.0
14425,0.1789,0,Medium,0.0
29718,0.037,0,Medium,0.0
11362,0.0462,0,Low,0.0
19994,0.057,0,High,0.0
43280,0.0407,0,Medium,0.0
27646,0.9851,1,Medium,1.0
45141,0.9798,1,Medium,1.0
30489,0.0553,0,Medium,0.0
593,0.9909,1,IMP,1.0
5984,0.3025,0,Medium,0.0
18391,0.0592,0,High,0.0
6193,0.9191,1,Low,1.0
49013,0.9877,1,High,1.0
24369,0.0547,0,Medium,0.0
45178,0.6867,1,Low,0.0
3271,0.6914,1,Low,1.0
35832,0.0918,0,Medium,0.0
5893,0.9895,1,Medium,1.0
13242,0.0574,0,Low,0.0
21847,0.9927,1,IMP,1.0
46402,0.087,0,Medium,0.0
19494,0.6511,1,Low,1.0
33920,0.9566,1,Low,1.0
45011,0.9999,1,IMP,1.0
19305,0.0691,0,IMP,0.0
9583,0.0545,0,Medium,0.0
13801,0.1492,0,Medium,0.0
45131,0.0266,0,Low,0.0
17580,0.1231,0,High,0.0
42292,0.0336,0,Medium,0.0
3688,0.1372,0,Low,0.0
892,0.2809,0,Low,0.0
44549,0.0514,0,Medium,0.0
39148,0.0491,0,Medium,0.0
10226,0.0515,0,Medium,0.0
433,0.0473,0,Medium,0.0
41657,0.9869,1,High,1.0
39580,0.4117,0,Low,0.0
18797,0.0434,0,Low,0.0
13377,0.0749,0,Medium,0.0
4991,0.0305,0,Medium,1.0
36723,0.9739,1,High,1.0
2164,0.9602,1,High,1.0
44841,0.0507,0,High,0.0
13158,0.9781,1,Medium,1.0
37617,0.0353,0,Medium,0.0
716,0.0404,0,Medium,0.0
32107,0.0646,0,Medium,1.0
26830,0.9508,1,Medium,1.0
31643,0.0539,0,Medium,0.0
4007,0.9933,1,High,1.0
36267,0.3795,0,Medium,0.0
13370,0.0575,0,High,0.0
5120,0.0668,0,High,0.0
2022,0.991,1,IMP,1.0
30772,0.0484,0,Low,0.0
15504,0.0499,0,Medium,0.0
10345,0.0621,0,High,0.0
17796,0.0543,0,Medium,0.0
21632,0.9781,1,Low,1.0
32830,0.0746,0,Low,0.0
12055,0.2643,0,Low,0.0
27672,0.094,0,IMP,0.0
13826,0.0521,0,High,0.0
42345,0.0339,0,Low,0.0
6206,0.0525,0,Medium,0.0
26651,0.0559,0,Low,0.0
24261,0.993,1,High,1.0
32009,0.0958,0,Medium,0.0
2284,0.0661,0,IMP,0.0
24932,0.0508,0,IMP,0.0
18059,0.0423,0,Medium,0.0
27499,0.0334,0,Medium,0.0
27176,0.115,0,Medium,0.0
2014,0.0818,0,Low,0.0
39370,0.0395,0,Medium,0.0
26915,0.2209,0,Medium,1.0
9130,0.7168,1,Medium,0.0
43155,0.1616,0,Medium,0.0
33432,0.1591,0,Low,0.0
6160,0.0335,0,Low,0.0
14276,0.991,1,IMP,1.0
40427,0.5596,1,Low,1.0
19860,0.034,0,Medium,0.0
19244,0.057,0,Low,0.0
5849,0.044,0,High,0.0
31511,0.3429,0,Low,0.0
47126,0.9488,1,Low,1.0
16019,0.99,1,High,1.0
16783,0.5696,1,Medium,1.0
46966,0.0514,0,Medium,0.0
28893,0.9876,1,IMP,1.0
37116,0.0631,0,Medium,0.0
11328,0.7988,1,Low,1.0
47334,0.0557,0,Medium,0.0
24055,0.0396,0,IMP,0.0
3279,0.0548,0,IMP,0.0
6925,0.0521,0,Medium,0.0
9163,0.9798,1,Low,1.0
27407,0.053,0,Medium,0.0
7141,0.0466,0,Medium,0.0
38142,0.9815,1,Low,1.0
26168,0.993,1,IMP,1.0
25833,0.0381,0,Medium,1.0
8395,0.0381,0,Medium,0.0
16077,0.8715,1,Medium,1.0
32845,0.0671,0,High,0.0
15972,0.0499,0,Medium,0.0
44431,0.151,0,Low,0.0
29952,0.0472,0,Medium,0.0
7013,0.3037,0,Low,1.0
15217,0.0249,0,Low,0.0
4875,0.1186,0,Medium,0.0
16084,0.0368,0,Medium,0.0
1640,0.0139,0,Medium,0.0
14236,0.9707,1,Low,1.0
827,0.0591,0,Medium,0.0
36553,0.0763,0,Low,0.0
45333,0.1014,0,Medium,0.0
28180,0.0462,0,Low,0.0
36359,0.0609,0,High,0.0
8614,0.0685,0,High,0.0
11851,0.4379,0,Low,0.0
13137,0.0826,0,Medium,0.0
10360,0.0571,0,Medium,0.0
16365,0.2915,0,Medium,0.0
18738,0.05,0,Medium,0.0
23171,0.1229,0,Medium,0.0
16425,0.0728,0,Medium,0.0
7061,0.9007,1,Medium,1.0
15121,0.6586,1,Medium,1.0
25876,0.0467,0,IMP,0.0
8977,0.9206,1,Low,1.0
25903,0.0537,0,Medium,0.0
5481,0.8815,1,Low,1.0
25684,0.03,0,Medium,0.0
47296,0.1084,0,Medium,0.0
42033,0.0473,0,Medium,0.0
24297,0.075,0,High,0.0
12740,0.9895,1,IMP,1.0
31796,0.0372,0,IMP,0.0
28456,0.0341,0,Medium,0.0
40443,0.0603,0,Medium,0.0
2974,0.062,0,Medium,0.0
26343,0.113,0,Medium,0.0
856,0.0686,0,Medium,0.0
20130,0.0545,0,High,0.0
44710,0.7669,1,Medium,0.0
31480,0.9697,1,High,1.0
41821,0.05,0,High,0.0
512,0.1729,0,Low,0.0
32959,0.5384,0,Low,0.0
21034,0.0796,0,Medium,0.0
37265,0.0531,0,IMP,0.0
3346,0.0879,0,High,0.0
4614,0.7955,1,Low,1.0
16107,0.1474,0,Low,0.0
25514,0.7362,1,Medium,1.0
25376,0.1011,0,Low,0.0
33645,0.844,1,Medium,1.0
31222,0.0663,0,Medium,1.0
8866,0.7902,1,Low,1.0
30903,0.0406,0,Low,0.0
28602,0.0394,0,High,0.0
3998,0.0558,0,Low,0.0
34131,0.2949,0,Medium,0.0
44414,0.0464,0,Medium,0.0
37839,0.7252,1,Low,1.0
39381,0.0469,0,High,0.0
47170,0.0408,0,Medium,0.0
13838,0.8791,1,Low,1.0
34547,0.9632,1,Medium,1.0
29429,0.1992,0,High,0.0
33952,0.064,0,Medium,0.0
23093,0.0341,0,Low,0.0
46564,0.0416,0,Medium,0.0
36075,0.9283,1,Medium,1.0
47963,0.993,1,IMP,1.0
40956,0.0354,0,Medium,0.0
45702,0.0458,0,IMP,0.0
28819,0.0487,0,Medium,0.0
47886,0.1513,0,Medium,0.0
40162,0.9866,1,Medium,1.0
5026,0.0913,0,Medium,0.0
41516,0.0389,0,Medium,0.0
7986,0.0502,0,IMP,0.0
45275,0.061,0,Medium,0.0
9834,0.158,0,Low,0.0
6987,0.6915,1,Low,1.0
13119,0.829,1,Low,1.0
32313,0.0592,0,Medium,0.0
5900,0.0211,0,Low,0.0
12741,0.4693,0,Low,0.0
32824,0.0703,0,IMP,0.0
11793,0.0533,0,Medium,1.0
34091,0.0392,0,Medium,0.0
5373,0.4952,0,Low,1.0
11431,0.0564,0,Medium,0.0
12349,0.9567,1,High,1.0
39414,0.0573,0,Low,0.0
16878,0.0235,0,Low,0.0
10740,0.0575,0,High,0.0
1939,0.0396,0,Medium,0.0
4051,0.065,0,Medium,0.0
43608,0.9623,1,High,1.0
2867,0.9796,1,Low,1.0
25053,0.0603,0,Medium,0.0
30910,0.3715,0,Low,0.0
40091,0.0717,0,Low,0.0
8973,0.0459,0,High,0.0
18423,0.2815,0,Low,0.0
41560,0.045,0,Medium,1.0
18541,0.0715,0,Low,0.0
49135,0.9717,1,Low,1.0
38868,0.0422,0,Medium,0.0
26639,0.055,0,High,0.0
18723,0.986,1,IMP,1.0
2382,0.0264,0,Medium,0.0
17147,0.0373,0,Medium,0.0
32414,0.0313,0,Medium,0.0
14093,0.061,0,Medium,0.0
32492,0.0386,0,Medium,0.0
37148,0.0834,0,High,0.0
25600,0.3395,0,Medium,0.0
1649,0.055,0,Medium,0.0
41506,0.9581,1,Medium,0.0
22414,0.0326,0,Medium,0.0
5933,0.9513,1,Medium,1.0
21104,0.0295,0,Medium,0.0
2323,0.0374,0,Medium,0.0
234,0.8801,1,Low,1.0
47119,0.0567,0,Medium,0.0
26713,0.0535,0,IMP,0.0
18225,0.9997,1,High,1.0
2952,0.0579,0,IMP,0.0
19533,0.0337,0,Medium,0.0
32748,0.0579,0,Medium,0.0
30690,0.0529,0,Medium,0.0
38784,0.9873,1,High,1.0
36150,0.0429,0,Medium,0.0
14165,0.063,0,Low,0.0
3593,0.5597,1,Medium,0.0
27805,0.7818,1,Low,1.0
47202,0.9843,1,Medium,1.0
45295,0.0746,0,High,1.0
46348,0.1557,0,Medium,0.0
41564,0.0404,0,Low,0.0
3032,0.1099,0,Medium,0.0
33567,0.9911,1,Medium,1.0
10410,0.0243,0,Low,0.0
32176,0.0485,0,Medium,0.0
19228,0.9537,1,Low,1.0
20062,0.0537,0,Medium,0.0
35636,0.0436,0,IMP,0.0
30104,0.0246,0,Low,0.0
21458,0.0514,0,Medium,0.0
35342,0.0405,0,Medium,0.0
40931,0.1512,0,Low,0.0
27575,0.0452,0,Medium,0.0
27134,0.1289,0,Medium,1.0
39961,0.0451,0,IMP,0.0
49568,0.9921,1,High,1.0
31255,0.0562,0,Medium,0.0
18536,0.9903,1,IMP,1.0
6722,0.0601,0,Medium,0.0
30430,0.6782,1,Low,1.0
8534,0.0375,0,High,0.0
32857,0.7249,1,Low,1.0
11985,0.5202,0,Low,0.0
12090,0.9278,1,Medium,1.0
31442,0.297,0,Medium,0.0
12911,0.0618,0,Medium,0.0
38655,0.0391,0,Medium,0.0
14848,0.0383,0,Medium,0.0
4848,0.9916,1,High,1.0
2155,0.8521,1,Low,1.0
20111,0.9679,1,Medium,0.0
34882,0.8236,1,Low,1.0
2202,0.0417,0,Medium,0.0
27197,0.0385,0,Medium,0.0
40217,0.047,0,Medium,0.0
37657,0.0524,0,Low,0.0
6739,0.084,0,Low,0.0
11136,0.0908,0,Medium,0.0
39409,0.0206,0,Low,0.0
47618,0.0609,0,Medium,0.0
39524,0.0479,0,Medium,0.0
37399,0.0613,0,Medium,0.0
10298,0.6101,1,Medium,1.0
5620,0.9948,1,Medium,1.0
47578,0.0422,0,Medium,0.0
6845,0.1166,0,Low,0.0
11127,0.9786,1,Low,1.0
35595,0.0465,0,Medium,0.0
33581,0.0436,0,IMP,0.0
29330,0.1684,0,Low,0.0
17262,0.9755,1,Low,1.0
14045,0.0324,0,Medium,0.0
26575,0.992,1,High,1.0
10224,0.9864,1,Low,1.0
29680,0.0405,0,Medium,0.0
46408,0.0945,0,Medium,0.0
13780,0.0422,0,Medium,0.0
35925,0.0405,0,Medium,0.0
42252,0.9943,1,IMP,1.0
2602,0.0505,0,High,0.0
47241,0.0481,0,High,0.0
37197,0.0881,0,Low,0.0
4729,0.0692,0,Medium,0.0
30024,0.217,0,Medium,0.0
40743,0.0429,0,Low,0.0
26663,0.995,1,High,1.0
19665,0.7513,1,Medium,1.0
35034,0.1928,0,Low,0.0
49494,0.0374,0,Medium,0.0
17930,0.0597,0,IMP,0.0
15086,0.1914,0,Medium,0.0
5126,0.0342,0,Medium,0.0
39999,0.8407,1,Low,1.0
22047,0.0446,0,IMP,0.0
14593,0.3115,0,Medium,0.0
24374,0.9868,1,Medium,1.0
36093,0.9876,1,IMP,1.0
31020,0.4948,0,Low,1.0
23366,0.0414,0,Medium,0.0
43858,0.0623,0,IMP,0.0
35700,0.1088,0,Low,0.0
18117,0.9944,1,IMP,1.0
36787,0.4199,0,Low,0.0
20936,0.0654,0,Medium,0.0
42780,0.0462,0,Low,0.0
15055,0.9412,1,Low,0.0
29029,0.1507,0,Medium,0.0
34634,0.0318,0,Medium,0.0
39582,0.0223,0,Medium,0.0
2013,0.0605,0,High,0.0
16763,0.0319,0,Medium,0.0
44494,0.116,0,Medium,0.0
45467,0.8921,1,Medium,1.0
24748,0.2026,0,Low,0.0
49138,0.1576,0,Low,0.0
7743,0.6804,1,Medium,1.0
44789,0.3127,0,Low,1.0
8329,0.026,0,Medium,0.0
42023,0.055,0,High,0.0
48782,0.0824,0,Medium,0.0
23683,0.0401,0,Medium,0.0
46184,0.3687,0,Low,1.0
49015,0.038,0,Low,0.0
33741,0.1886,0,Medium,0.0
2875,0.7839,1,VIP,1.0
46005,0.9996,1,High,1.0
2613,0.0481,0,High,0.0
31465,0.0315,0,Medium,0.0
35190,0.0516,0,Medium,0.0
42381,0.7508,1,Medium,1.0
29131,0.9945,1,Low,1.0
28304,0.0417,0,High,0.0
48986,0.0575,0,IMP,0.0
44548,0.0674,0,Low,1.0
9873,0.0479,0,Medium,0.0
13972,0.6991,1,Low,1.0
49106,0.0263,0,Medium,1.0
35455,0.0389,0,Medium,0.0
34992,0.0376,0,Low,0.0
5382,0.0723,0,Medium,0.0
26552,0.042,0,Low,0.0
41769,0.4247,1,Medium,0.0
39484,0.05,0,High,0.0
40918,0.0427,0,Medium,0.0
34381,0.9713,1,Low,1.0
29486,0.9913,1,IMP,1.0
1789,0.0685,0,IMP,0.0
31675,0.0537,0,Medium,0.0
8005,0.0544,0,Medium,0.0
43912,0.0249,0,Medium,0.0
24115,0.0458,0,Medium,0.0
23962,0.9101,1,Low,1.0
49017,0.2768,0,Low,0.0
8247,0.0699,0,Medium,0.0
17312,0.2934,0,Low,0.0
24067,0.2696,0,Medium,0.0
8544,0.0451,0,Medium,0.0
5041,0.9737,1,Medium,1.0
12013,0.06,0,Medium,0.0
42589,0.0594,0,Medium,0.0
47276,0.3701,0,Low,0.0
9923,0.0425,0,High,0.0
37367,0.7445,1,Low,1.0
11664,0.043,0,Medium,0.0
37595,0.0521,0,Medium,0.0
23600,0.126,0,Medium,0.0
4058,0.0491,0,High,0.0
46886,0.0497,0,Medium,0.0
8966,0.0423,0,High,0.0
37352,0.0767,0,High,0.0
20253,0.1827,0,Medium,0.0
22673,0.0303,0,Low,0.0
13549,0.1452,0,Low,0.0
11594,0.029,0,Medium,0.0
4119,0.0615,0,Medium,0.0
27816,0.0462,0,Medium,0.0
1574,0.0263,0,Low,0.0
9941,0.0669,0,Medium,0.0
27026,0.8969,1,Low,1.0
473,0.0469,0,Medium,0.0
11171,0.4302,0,Low,0.0
10041,0.0663,0,Medium,0.0
42859,0.1249,0,High,0.0
18677,0.0317,0,Low,0.0
41438,0.065,0,Medium,0.0
6001,0.0291,0,Low,0.0
35663,0.0321,0,Medium,0.0
47900,0.9929,1,High,1.0
30709,0.074,0,Medium,0.0
4826,0.0455,0,Medium,0.0
48938,0.0534,0,High,0.0
44056,0.0756,0,IMP,0.0
32699,0.0541,0,Medium,0.0
42151,0.1683,0,Low,0.0
5308,0.0558,0,IMP,0.0
7876,0.0839,0,Medium,0.0
21080,0.9178,1,Low,1.0
37638,0.0226,0,Medium,0.0
33939,0.9517,0,No_VALUE,1.0
48096,0.0759,0,VIP,0.0
33348,0.0662,0,VIP,0.0
17062,0.0662,0,High,0.0
44988,0.9813,1,Low,1.0
37561,0.0795,0,High,0.0
45583,0.9821,1,Medium,1.0
14603,0.0572,0,Low,0.0
11212,0.0488,0,IMP,0.0
1823,0.0522,0,IMP,0.0
42326,0.0387,0,Low,0.0
43862,0.0288,0,Medium,0.0
9371,0.0577,0,Medium,0.0
42408,0.0332,0,Medium,0.0
47235,0.0487,0,Medium,0.0
43647,0.5482,1,Medium,0.0
185,0.0451,0,Medium,0.0
46296,0.0295,0,Low,0.0
40203,0.0542,0,High,0.0
36893,0.0351,0,Medium,0.0
23914,0.0609,0,Medium,0.0
41781,0.0428,0,Medium,0.0
19572,0.0648,0,Low,0.0
9361,0.0785,0,VIP,0.0
48059,0.0511,0,High,0.0
18564,0.8426,1,Low,1.0
33442,0.9935,1,IMP,1.0
15220,0.0446,0,Medium,0.0
23521,0.0333,0,High,0.0
16624,0.0564,0,High,0.0
20798,0.9785,1,High,1.0
34320,0.0337,0,Medium,0.0
45905,0.9902,1,Low,1.0
11087,0.1044,0,Medium,0.0
12511,0.3559,0,Medium,1.0
46781,0.0629,0,IMP,0.0
37863,0.9988,1,High,1.0
25409,0.0445,0,Medium,0.0
17244,0.0482,0,Medium,0.0
1854,0.1844,0,Low,0.0
23365,0.1324,0,Low,0.0
15679,0.036,0,Low,0.0
49119,0.974,1,Medium,1.0
12283,0.0517,0,Medium,0.0
27140,0.9709,1,Medium,1.0
19222,0.0328,0,Low,0.0
32239,0.0506,0,High,0.0
40473,0.9914,1,High,1.0
20141,0.033,0,Low,0.0
45610,0.7366,1,Medium,1.0
18810,0.0586,0,High,0.0
10148,0.9865,1,Medium,1.0
27803,0.9617,1,VIP,1.0
8487,0.0528,0,Medium,0.0
560,0.1167,0,High,0.0
17357,0.9964,1,High,1.0
10014,0.8279,1,Low,1.0
15594,0.0468,0,Low,0.0
19060,0.0361,0,IMP,0.0
28352,0.6047,1,Low,1.0
3805,0.2368,0,Low,0.0
961,0.9782,1,High,1.0
39025,0.2783,0,Medium,0.0
38391,0.979,1,High,1.0
4470,0.0224,0,Low,0.0
871,0.0394,0,Low,0.0
46932,0.0918,0,High,0.0
34752,0.0471,0,Low,0.0
7054,0.0413,0,Medium,0.0
39657,0.0634,0,Low,0.0
48561,0.0353,0,Low,0.0
10147,0.047,0,Low,1.0
5214,0.0417,0,Medium,0.0
3677,0.3021,0,Low,0.0
7207,0.0562,0,Medium,0.0
12167,0.0648,0,IMP,0.0
42006,0.0356,0,High,0.0
31794,0.9754,1,High,1.0
36757,0.052,0,Medium,0.0
18936,0.9528,1,High,1.0
39954,0.8317,1,Medium,1.0
41220,0.147,0,Low,0.0
23103,0.0374,0,High,1.0
2735,0.0524,0,Low,0.0
38553,0.3148,0,Medium,0.0
23353,0.054,0,VIP,0.0
5761,0.0429,0,High,0.0
11317,0.4846,1,High,0.0
36583,0.0525,0,Medium,0.0
4630,0.1115,0,Medium,0.0
27002,0.057,0,High,0.0
40337,0.9357,1,Low,1.0
390,0.4191,0,Low,0.0
8648,0.1021,0,Low,0.0
339,0.033,0,Medium,0.0
7478,0.0567,0,Low,0.0
5862,0.048,0,Medium,0.0
39590,0.1511,0,Low,0.0
31531,0.0692,0,High,0.0
22238,0.5947,1,Medium,1.0
14493,0.2687,0,Medium,0.0
1670,0.1293,0,Medium,0.0
30341,0.0703,0,Medium,0.0
13105,0.0492,0,IMP,0.0
41578,0.0644,0,Low,0.0
22932,0.0513,0,High,0.0
15235,0.0465,0,Medium,0.0
19639,0.9924,1,High,1.0
40000,0.0421,0,IMP,0.0
23509,0.8059,1,Low,1.0
10261,0.0496,0,High,0.0
18580,0.1573,0,Medium,0.0
2568,0.944,1,Low,1.0
17132,0.4519,0,Low,1.0
16993,0.0298,0,Medium,0.0
42682,0.0422,0,Medium,0.0
22164,0.6246,1,Medium,0.0
7930,0.1113,0,Medium,0.0
34622,0.831,1,Low,1.0
16898,0.0405,0,High,0.0
16561,0.203,0,Medium,1.0
5302,0.9795,1,High,1.0
38649,0.1306,0,Medium,0.0
23031,0.7625,1,Low,1.0
269,0.0506,0,High,0.0
46074,0.0396,0,Medium,0.0
2816,0.1164,0,Low,0.0
35713,0.0465,0,High,0.0
2854,0.0613,0,Medium,0.0
34204,0.9864,1,Medium,1.0
22560,0.1042,0,Medium,0.0
22854,0.056,0,IMP,1.0
35377,0.0347,0,Low,0.0
28404,0.0465,0,Medium,1.0
12255,0.0567,0,Medium,0.0
18470,0.6556,1,Low,1.0
33452,0.1228,0,Low,0.0
28994,0.9859,1,Medium,1.0
7025,0.9778,1,High,1.0
35647,0.0467,0,Medium,0.0
11928,0.1098,0,Low,0.0
24241,0.9649,1,Low,1.0
9029,0.0569,0,Medium,0.0
29225,0.4483,1,Medium,0.0
12261,0.0664,0,High,0.0
26206,0.0533,0,Medium,0.0
16420,0.0313,0,Medium,0.0
38271,0.0492,0,High,0.0
34115,0.2973,0,Low,0.0
412,0.057,0,Medium,0.0
6029,0.0489,0,High,0.0
15958,0.0495,0,Medium,0.0
34790,0.6865,1,Medium,1.0
24878,0.3505,0,Medium,0.0
4024,0.068,0,Medium,0.0
27719,0.0352,0,High,1.0
16479,0.9052,1,Low,1.0
32050,0.0836,0,High,0.0
32682,0.0571,0,IMP,0.0
4133,0.0626,0,High,0.0
132,0.0624,0,Medium,0.0
43411,0.9879,1,High,1.0
16804,0.0443,0,Medium,0.0
41655,0.9807,1,High,1.0
24367,0.9898,1,High,1.0
6738,0.0255,0,Low,0.0
13016,0.1006,0,Low,0.0
14464,0.0347,0,Medium,0.0
8780,0.0469,0,Low,0.0
6528,0.0543,0,Medium,0.0
19371,0.0793,0,Low,0.0
39930,0.997,1,Medium,1.0
47260,0.0582,0,IMP,0.0
18179,0.0798,0,Low,0.0
35822,0.0293,0,Medium,0.0
30070,0.952,1,Medium,0.0
36259,0.0599,0,High,0.0
5,0.9894,1,High,1.0
39255,0.0846,0,IMP,0.0
22772,0.19,0,Low,0.0
42455,0.022,0,Low,0.0
29030,0.0363,0,Medium,0.0
23520,0.0842,0,High,0.0
19795,0.0512,0,Medium,0.0
39964,0.0369,0,Low,0.0
27048,0.0399,0,Medium,0.0
40873,0.8059,1,Low,0.0
21658,0.1323,0,Low,0.0
1535,0.084,0,Medium,0.0
45751,0.0317,0,Medium,0.0
49426,0.9241,1,Low,1.0
18570,0.0441,0,Medium,0.0
414,0.2652,0,Low,0.0
34749,0.0567,0,Low,1.0
904,0.0257,0,Medium,0.0
20481,0.7904,1,Low,1.0
17751,0.0533,0,Low,0.0
26842,0.0635,0,IMP,0.0
44660,0.9861,1,High,1.0
34754,0.0644,0,Low,0.0
8348,0.7682,1,Medium,1.0
12271,0.0453,0,High,0.0
35623,0.0539,0,IMP,0.0
11029,0.0473,0,Medium,0.0
25675,0.0539,0,Medium,0.0
37099,0.417,0,Low,1.0
33468,0.0385,0,Medium,0.0
26769,0.0513,0,Medium,0.0
6093,0.754,1,Low,0.0
46809,0.9878,1,Medium,1.0
20924,0.0376,0,High,0.0
33290,0.5016,1,Medium,1.0
40802,0.0349,0,Medium,0.0
12406,0.0703,0,Medium,0.0
6964,0.0523,0,VIP,0.0
37356,0.0373,0,Medium,0.0
10633,0.1046,0,Medium,0.0
7727,0.9754,1,Medium,1.0
21920,0.0339,0,Low,0.0
36341,0.8866,1,Low,1.0
15566,0.0272,0,Low,0.0
35410,0.0804,0,IMP,0.0
47182,0.4962,0,Low,0.0
1102,0.4503,1,Medium,0.0
15535,0.0222,0,Medium,0.0
12162,0.0774,0,Medium,0.0
42979,0.4993,0,Low,0.0
6173,0.0893,0,Low,0.0
6126,0.7257,1,Low,1.0
42260,0.0512,0,High,0.0
14843,0.0492,0,IMP,0.0
36107,0.0969,0,IMP,0.0
19267,0.0458,0,High,0.0
22287,0.057,0,High,0.0
42007,0.9889,1,High,1.0
35372,0.6932,1,Low,1.0
22427,0.958,1,Medium,1.0
47736,0.0392,0,Medium,1.0
3406,0.0452,0,Medium,0.0
41518,0.0369,0,Low,0.0
37014,0.0477,0,High,0.0
25981,0.0704,0,VIP,0.0
15117,0.9942,1,IMP,1.0
43705,0.2071,0,Low,1.0
34369,0.0592,0,Low,0.0
11225,0.9641,1,Medium,1.0
46907,0.0392,0,Medium,0.0
32105,0.9626,1,Low,1.0
18056,0.0687,0,High,0.0
24222,0.1914,0,Medium,0.0
27408,0.9875,1,High,1.0
36941,0.0321,0,Medium,0.0
12510,0.8697,1,Low,1.0
36454,0.0788,0,Medium,1.0
24737,0.1246,0,Low,0.0
33105,0.0419,0,IMP,0.0
46149,0.0379,0,High,0.0
45956,0.0998,0,Medium,0.0
16934,0.0525,0,Medium,0.0
26319,0.0471,0,Medium,0.0
45030,0.0489,0,Medium,0.0
6422,0.0634,0,Medium,0.0
7771,0.0635,0,IMP,0.0
28451,0.0429,0,Medium,0.0
44624,0.0521,0,IMP,0.0
28406,0.0158,0,Low,0.0
15618,0.0295,0,Medium,0.0
19552,0.9847,1,High,1.0
11421,0.0396,0,Medium,0.0
41841,0.0577,0,High,0.0
28950,0.2926,0,Medium,1.0
47975,0.5244,0,Low,1.0
45807,0.0507,0,Medium,0.0
48478,0.0785,0,Low,0.0
34401,0.0849,0,High,0.0
7854,0.0712,0,High,0.0
36146,0.9865,1,Low,1.0
6957,0.381,0,Low,0.0
38691,0.1821,0,Low,0.0
19261,0.037,0,Medium,0.0
2781,0.8623,1,Medium,1.0
27966,0.9626,1,Medium,1.0
34168,0.0278,0,Medium,0.0
23376,0.0545,0,High,0.0
22040,0.969,1,Low,1.0
9494,0.0809,0,IMP,0.0
14319,0.0721,0,High,0.0
16824,0.0428,0,Medium,0.0
15153,0.0516,0,High,0.0
26739,0.0874,0,Low,0.0
3565,0.7476,1,Medium,1.0
21958,0.0198,0,Medium,0.0
39178,0.9798,1,Medium,1.0
883,0.1134,0,High,0.0
33634,0.0258,0,Medium,0.0
35557,0.9899,1,IMP,1.0
14945,0.4488,0,Low,0.0
42116,0.0628,0,IMP,0.0
2847,0.0257,0,Medium,0.0
47343,0.0547,0,Medium,0.0
428,0.0461,0,Medium,0.0
1636,0.1044,0,Medium,0.0
16452,0.0505,0,High,0.0
16096,0.4645,0,Low,0.0
10369,0.0327,0,Medium,0.0
48126,0.3073,0,Low,0.0
18330,0.0394,0,High,0.0
19501,0.2033,0,Low,0.0
46760,0.9267,1,Medium,1.0
19943,0.6969,1,Medium,1.0
33249,0.9034,1,Low,1.0
36631,0.0492,0,Medium,0.0
15784,0.9846,1,High,1.0
37425,0.9327,1,Low,0.0
22000,0.0596,0,Medium,0.0
41490,0.977,1,Low,1.0
37114,0.0294,0,Medium,0.0
19089,0.064,0,High,0.0
15938,0.9547,1,High,1.0
38021,0.0246,0,Medium,0.0
11182,0.8929,1,Low,1.0
4669,0.3029,0,Medium,0.0
5138,0.056,0,Medium,0.0
36910,0.071,0,Medium,0.0
20184,0.0468,0,High,0.0
11814,0.0344,0,Medium,0.0
49852,0.0375,0,Medium,0.0
6452,0.9543,1,High,1.0
30425,0.0488,0,Medium,0.0
13001,0.0592,0,Medium,0.0
27187,0.3033,0,Medium,0.0
39029,0.0379,0,High,0.0
26356,0.2422,0,Medium,0.0
35852,0.9369,1,Low,1.0
48067,0.9902,1,High,1.0
3030,0.0366,0,Medium,0.0
41796,0.0404,0,High,0.0
4735,0.1548,0,Low,0.0
30128,0.8272,1,Medium,1.0
4326,0.7615,1,Low,1.0
31932,0.067,0,Medium,0.0
22014,0.0339,0,Low,0.0
25902,0.0316,0,Medium,0.0
14115,0.2569,0,High,0.0
21901,0.0329,0,Medium,0.0
7918,0.9275,1,Low,1.0
14607,0.5275,1,Medium,0.0
10597,0.0655,0,Low,0.0
46081,0.0283,0,Medium,0.0
32854,0.0322,0,Medium,0.0
32415,0.0556,0,IMP,0.0
7998,0.0642,0,Medium,0.0
15208,0.1736,0,Medium,0.0
30197,0.992,1,High,1.0
11268,0.0382,0,Low,0.0
39700,0.073,0,Low,1.0
2124,0.1006,0,Low,0.0
34529,0.0421,0,High,0.0
11346,0.0312,0,Medium,0.0
33800,0.0496,0,High,0.0
45659,0.0595,0,High,0.0
6555,0.9828,1,Medium,1.0
13226,0.0504,0,Medium,1.0
8154,0.044,0,Medium,0.0
29707,0.0445,0,High,0.0
26654,0.0466,0,Medium,0.0
29778,0.0308,0,Medium,0.0
8986,0.0737,0,IMP,0.0
25040,0.2986,0,Medium,1.0
29694,0.0315,0,Medium,0.0
23226,0.4009,0,Low,0.0
32973,0.9952,1,IMP,1.0
2541,0.0536,0,High,0.0
23096,0.0373,0,Medium,0.0
25172,0.0671,0,IMP,0.0
9520,0.0664,0,Low,0.0
21249,0.06,0,High,0.0
24813,0.2162,0,Medium,0.0
7218,0.1072,0,Medium,0.0
32304,0.0489,0,Medium,0.0
19924,0.0461,0,Medium,0.0
34188,0.0588,0,High,0.0
8272,0.0399,0,Medium,0.0
17223,0.0796,0,Medium,0.0
3871,0.0496,0,Medium,0.0
4731,0.4089,1,Medium,1.0
26877,0.0448,0,Low,1.0
2269,0.0574,0,IMP,0.0
8975,0.9931,1,IMP,1.0
3282,0.2198,0,Low,0.0
22328,0.0393,0,Low,0.0
35015,0.1245,0,Low,0.0
993,0.986,1,IMP,1.0
41148,0.0462,0,Medium,0.0
12499,0.9986,1,High,1.0
7415,0.1661,0,Medium,1.0
44883,0.0942,0,Medium,0.0
34185,0.0365,0,Medium,0.0
15672,0.0739,0,Medium,0.0
32160,0.258,0,Low,0.0
45592,0.3886,0,Low,1.0
15862,0.4604,1,Medium,1.0
33693,0.7056,1,Low,1.0
23356,0.8868,1,Low,1.0
45337,0.0402,0,Medium,0.0
36931,0.9906,1,IMP,1.0
34379,0.0519,0,Medium,0.0
1860,0.3085,0,Low,0.0
13516,0.0392,0,Medium,0.0
47706,0.6602,1,Medium,1.0
42335,0.0334,0,Medium,0.0
39553,0.3046,0,Medium,1.0
9342,0.0379,0,Low,0.0
37180,0.067,0,Medium,0.0
46701,0.0472,0,VIP,0.0
22500,0.0745,0,Medium,0.0
27404,0.0486,0,Medium,0.0
41502,0.0507,0,Medium,0.0
35076,0.0703,0,Medium,0.0
12857,0.0435,0,VIP,0.0
9818,0.083,0,Medium,0.0
6954,0.2869,0,Low,0.0
46905,0.2991,0,Low,0.0
31488,0.9706,1,Medium,1.0
41939,0.9018,1,Medium,1.0
44401,0.0493,0,Medium,0.0
23593,0.0591,0,High,0.0
18549,0.9885,1,High,1.0
29108,0.9768,1,High,1.0
10384,0.9389,1,Medium,1.0
31416,0.0453,0,Medium,0.0
34437,0.7652,1,Low,1.0
4691,0.0528,0,Medium,0.0
20143,0.0611,0,Low,0.0
6356,0.0453,0,Medium,0.0
46714,0.0458,0,IMP,0.0
8833,0.0281,0,Low,0.0
38139,0.9921,1,High,1.0
38057,0.6176,1,Low,1.0
45134,0.9306,1,High,1.0
5851,0.0544,0,Medium,0.0
37162,0.0471,0,High,0.0
23693,0.0451,0,Medium,0.0
27040,0.0635,0,High,0.0
7933,0.8992,1,Low,1.0
31883,0.0542,0,IMP,0.0
17286,0.0396,0,Medium,1.0
31495,0.9776,1,Medium,1.0
42888,0.2259,0,Low,0.0
7405,0.0499,0,Medium,0.0
19810,0.0572,0,Medium,0.0
20170,0.0344,0,Medium,0.0
40179,0.0566,0,High,0.0
45559,0.0495,0,Medium,0.0
1214,0.0557,0,IMP,0.0
192,0.0398,0,High,0.0
9017,0.0549,0,Medium,1.0
4556,0.0709,0,Medium,0.0
39693,0.0551,0,Medium,0.0
25043,0.1335,0,Low,0.0
48753,0.1919,0,Medium,1.0
31829,0.362,0,Medium,0.0
24899,0.2217,0,Medium,1.0
1839,0.0308,0,Medium,0.0
33144,0.0355,0,Medium,0.0
8063,0.9739,1,Low,1.0
29439,0.9926,1,High,1.0
15405,0.0483,0,Medium,0.0
124,0.0553,0,VIP,0.0
24764,0.0651,0,High,0.0
29405,0.0549,0,High,0.0
47341,0.9879,1,High,1.0
16503,0.069,0,High,0.0
17868,0.058,0,High,0.0
40084,0.0624,0,Medium,0.0
34654,0.9884,1,IMP,1.0
42943,0.0925,0,Low,0.0
9797,0.0463,0,Medium,0.0
43119,0.0661,0,IMP,0.0
28801,0.0472,0,Medium,0.0
44636,0.0559,0,Medium,0.0
8806,0.0335,0,Medium,0.0
25187,0.0776,0,Low,1.0
14114,0.2431,0,Low,0.0
39021,0.0673,0,IMP,0.0
4135,0.9921,1,IMP,1.0
13371,0.0205,0,Low,0.0
1936,0.02,0,Low,0.0
17569,0.9839,1,High,1.0
15934,0.0462,0,Medium,0.0
48258,0.3555,0,Low,0.0
33358,0.0503,0,IMP,0.0
39131,0.8664,1,Low,1.0
5344,0.0409,0,Medium,0.0
44335,0.0527,0,Medium,0.0
47683,0.0676,0,Medium,1.0
36028,0.0587,0,Medium,0.0
41899,0.0504,0,Medium,1.0
49359,0.029,0,Medium,0.0
6025,0.045,0,Low,0.0
9475,0.0468,0,IMP,0.0
10047,0.8859,1,Medium,1.0
4258,0.0267,0,Low,0.0
8312,0.9458,1,Low,1.0
31116,0.0714,0,IMP,0.0
5074,0.0539,0,High,0.0
24133,0.0343,0,Medium,0.0
23818,0.0444,0,Medium,1.0
19629,0.0344,0,Low,0.0
24891,0.0544,0,Medium,0.0
16594,0.9228,1,Low,1.0
11741,0.0676,0,High,0.0
695,0.068,0,High,0.0
46067,0.3471,0,Low,0.0
19586,0.6958,1,Medium,1.0
40973,0.0557,0,High,0.0
6745,0.0712,0,Medium,0.0
7849,0.0844,0,Medium,0.0
42388,0.0761,0,Medium,0.0
22070,0.0569,0,Medium,0.0
15607,0.786,1,Low,0.0
12771,0.0465,0,Medium,0.0
3035,0.1356,0,Medium,0.0
46285,0.0239,0,Low,0.0
255,0.0392,0,Medium,0.0
46342,0.6185,1,Medium,1.0
41942,0.9879,1,Medium,1.0
10101,0.0249,0,Medium,0.0
14716,0.0329,0,Medium,0.0
45150,0.8631,1,Low,1.0
21655,0.0522,0,Medium,0.0
40666,0.8534,1,Medium,1.0
40516,0.0361,0,Low,0.0
31863,0.0321,0,Medium,0.0
22374,0.5017,0,Low,0.0
8190,0.0924,0,Medium,0.0
37895,0.4699,0,Low,0.0
3895,0.6651,1,Low,0.0
13900,0.858,1,Low,1.0
20611,0.0466,0,High,0.0
24347,0.0517,0,High,0.0
32041,0.75,1,Low,0.0
44367,0.0614,0,High,0.0
48337,0.063,0,Medium,0.0
36187,0.1219,0,Medium,0.0
47336,0.0549,0,Medium,0.0
24423,0.0479,0,Medium,0.0
25054,0.9945,1,High,1.0
32884,0.0366,0,High,0.0
46038,0.1105,0,Low,0.0
17692,0.8658,1,Low,1.0
27051,0.0551,0,High,0.0
49882,0.0406,0,Low,0.0
31955,0.556,1,Low,1.0
9809,0.0512,0,High,0.0
49185,0.9945,1,IMP,1.0
40111,0.0547,0,IMP,0.0
44388,0.0426,0,Medium,0.0
21528,0.0679,0,Medium,1.0
33959,0.9912,1,Medium,1.0
19133,0.2054,0,Low,0.0
11929,0.0556,0,Medium,0.0
25561,0.9838,1,IMP,1.0
37542,0.038,0,High,0.0
18433,0.0499,0,High,0.0
42123,0.0649,0,Medium,0.0
1658,0.0333,0,Low,0.0
45982,0.054,0,High,0.0
14873,0.047,0,High,0.0
26995,0.0499,0,IMP,0.0
27906,0.9623,1,Medium,1.0
10543,0.0409,0,Medium,0.0
8940,0.0552,0,Medium,0.0
13948,0.0252,0,Medium,0.0
17495,0.5589,1,Low,1.0
30237,0.0763,0,Medium,0.0
26295,0.3525,0,Low,0.0
5533,0.0538,0,Medium,0.0
172,0.991,1,High,1.0
25588,0.0495,0,Medium,0.0
23053,0.0325,0,Medium,0.0
7402,0.0618,0,IMP,0.0
25051,0.0434,0,Medium,0.0
12367,0.9765,1,IMP,1.0
41353,0.047,0,High,0.0
42525,0.059,0,Medium,0.0
1606,0.9267,1,Low,1.0
21748,0.0664,0,High,0.0
37071,0.9718,1,Medium,1.0
14621,0.987,1,High,1.0
30990,0.0379,0,Medium,0.0
48699,0.0717,0,Medium,0.0
13757,0.0433,0,High,0.0
12328,0.0551,0,Medium,0.0
48044,0.6791,1,Low,1.0
32755,0.0542,0,Medium,0.0
27925,0.6996,1,Low,1.0
34525,0.053,0,High,0.0
8409,0.0248,0,Medium,0.0
24664,0.0299,0,Low,0.0
10505,0.0471,0,IMP,1.0
47382,0.0422,0,High,0.0
966,0.0533,0,Medium,0.0
44207,0.2946,0,Low,0.0
3086,0.0525,0,Medium,0.0
39184,0.9185,1,Low,1.0
44433,0.0486,0,Low,0.0
14879,0.0192,0,Medium,1.0
30188,0.0502,0,Medium,0.0
32975,0.0539,0,Medium,0.0
40835,0.1588,0,Low,0.0
25052,0.991,1,IMP,1.0
19318,0.1166,0,Medium,0.0
17034,0.9352,1,Medium,1.0
24715,0.303,0,Low,0.0
15795,0.029,0,Medium,1.0
29853,0.0283,0,Medium,0.0
29143,0.0557,0,Medium,0.0
19932,0.859,1,Low,1.0
9631,0.0771,0,High,0.0
11184,0.9915,1,IMP,1.0
4195,0.5076,0,Low,0.0
25713,0.0365,0,Medium,1.0
28650,0.0425,0,Medium,0.0
13807,0.3018,0,Medium,0.0
13294,0.259,0,Low,0.0
11525,0.7446,1,Low,1.0
2419,0.0707,0,Medium,0.0
42622,0.0588,0,Low,0.0
32369,0.0327,0,Medium,0.0
44820,0.0549,0,IMP,0.0
22501,0.0399,0,Low,0.0
43546,0.3123,0,Low,0.0
37273,0.1693,0,Low,0.0
4227,0.0465,0,VIP,0.0
18962,0.1347,0,Low,0.0
9708,0.9923,1,Low,1.0
1320,0.0284,0,Medium,0.0
7602,0.9771,1,Low,1.0
1339,0.0682,0,Medium,1.0
28450,0.0396,0,IMP,0.0
6259,0.0257,0,Medium,0.0
49341,0.989,1,IMP,1.0
40045,0.0588,0,Medium,0.0
19543,0.1489,0,Medium,0.0
9738,0.0784,0,Low,0.0
29742,0.0386,0,Medium,0.0
37144,0.9916,1,IMP,1.0
43577,0.8277,1,Low,1.0
49646,0.0681,0,High,0.0
43158,0.0594,0,High,0.0
11704,0.0322,0,Medium,0.0
538,0.0454,0,Low,0.0
26640,0.0477,0,Medium,0.0
6115,0.0369,0,Medium,0.0
18977,0.0323,0,Medium,0.0
19871,0.0611,0,IMP,0.0
33385,0.924,1,Low,1.0
7282,0.0843,0,Low,0.0
15595,0.1639,0,Medium,0.0
32685,0.0477,0,High,0.0
41728,0.1858,0,Medium,0.0
39162,0.0476,0,Medium,0.0
258,0.04,0,Medium,0.0
46492,0.1577,0,Medium,0.0
38684,0.0373,0,Low,0.0
3573,0.059,0,Low,0.0
42549,0.0362,0,IMP,0.0
35218,0.0563,0,Medium,0.0
34678,0.0595,0,Medium,0.0
39988,0.9913,1,High,1.0
32960,0.0493,0,High,0.0
18941,0.071,0,Medium,0.0
47008,0.0488,0,High,1.0
19937,0.108,0,Medium,0.0
9715,0.1179,0,Medium,1.0
48471,0.0347,0,Low,0.0
41352,0.9898,1,High,1.0
39517,0.054,0,Low,0.0
17976,0.1936,0,Medium,1.0
3382,0.0369,0,Medium,0.0
12831,0.0587,0,High,1.0
48098,0.0482,0,High,0.0
5304,0.0603,0,Medium,0.0
15324,0.6799,1,Low,1.0
18467,0.0187,0,Medium,0.0
8362,0.3162,0,Low,0.0
9550,0.0544,0,Medium,0.0
46183,0.0523,0,Medium,0.0
16493,0.9712,1,Low,1.0
12216,0.229,0,Medium,0.0
162,0.0584,0,Medium,0.0
5611,0.0601,0,Low,0.0
40208,0.0517,0,High,0.0
10418,0.0626,0,Low,0.0
1215,0.3122,0,Low,0.0
37150,0.8997,1,Low,1.0
21403,0.8726,1,Low,0.0
23805,0.1403,0,Medium,0.0
17140,0.059,0,Medium,0.0
25121,0.0181,0,Medium,0.0
26380,0.0763,0,Medium,0.0
44620,0.0439,0,Medium,0.0
46489,0.9138,1,Low,1.0
22773,0.9412,1,Low,1.0
25826,0.0658,0,High,0.0
28635,0.7235,1,Low,1.0
37387,0.9936,1,IMP,1.0
26619,0.0519,0,IMP,0.0
30615,0.0542,0,Medium,0.0
3734,0.0325,0,Medium,0.0
22406,0.037,0,Medium,0.0
39761,0.0448,0,High,0.0
28953,0.9952,1,Low,1.0
22885,0.9873,1,High,1.0
7497,0.0278,0,Medium,0.0
32500,0.0226,0,Medium,0.0
21988,0.0562,0,Medium,0.0
17670,0.0881,0,High,1.0
44862,0.7757,1,Low,0.0
27682,0.061,0,High,0.0
2627,0.6618,1,Low,0.0
48190,0.0614,0,IMP,1.0
4475,0.0813,0,High,0.0
21113,0.9762,1,Low,1.0
31682,0.0696,0,Low,0.0
16203,0.962,1,IMP,1.0
49154,0.4129,0,Low,0.0
11367,0.042,0,Medium,0.0
5762,0.1481,0,Low,0.0
28917,0.0709,0,Low,0.0
44043,0.0549,0,Low,0.0
28433,0.8053,1,Low,1.0
38991,0.0909,0,Low,0.0
30840,0.0532,0,Medium,0.0
10796,0.7976,1,Low,1.0
32061,0.1503,0,Low,0.0
24454,0.0415,0,High,0.0
17444,0.9923,1,High,1.0
10983,0.0481,0,Medium,0.0
32325,0.0453,0,Medium,0.0
16309,0.988,1,Medium,1.0
34267,0.0417,0,Medium,0.0
33188,0.0516,0,High,1.0
49495,0.0631,0,IMP,1.0
39588,0.0391,0,Medium,0.0
39769,0.0498,0,High,0.0
42718,0.0408,0,Medium,0.0
48045,0.0465,0,High,0.0
112,0.1625,0,Medium,0.0
22049,0.9946,1,IMP,1.0
537,0.0741,0,High,0.0
17328,0.0721,0,IMP,0.0
5352,0.138,0,Medium,0.0
45316,0.0536,0,Medium,1.0
19957,0.4064,0,Low,0.0
7706,0.0358,0,Low,0.0
35947,0.0545,0,Medium,0.0
45264,0.0365,0,Medium,0.0
1995,0.9926,1,High,1.0
44053,0.0378,0,Low,0.0
42626,0.0579,0,Medium,1.0
466,0.0331,0,Medium,0.0
15470,0.6855,1,Medium,1.0
3356,0.0493,0,Medium,0.0
20978,0.0239,0,High,0.0
45587,0.0373,0,Medium,0.0
9511,0.0811,0,High,0.0
7522,0.0192,0,High,0.0
13593,0.0595,0,High,0.0
15343,0.818,1,Low,1.0
33531,0.056,0,High,0.0
35429,0.0661,0,IMP,0.0
32887,0.0728,0,Low,0.0
21735,0.0875,0,Medium,0.0
6434,0.0578,0,Medium,0.0
35969,0.048,0,IMP,0.0
19039,0.9872,1,High,1.0
14586,0.0634,0,Medium,0.0
46484,0.0535,0,Medium,0.0
7287,0.63,1,Medium,1.0
11858,0.031,0,Medium,0.0
26917,0.0737,0,Medium,0.0
46624,0.0978,0,Low,0.0
4777,0.8896,1,Low,1.0
43403,0.0939,0,Medium,0.0
861,0.992,1,Medium,1.0
48151,0.1419,0,Medium,0.0
13328,0.0339,0,Medium,0.0
13798,0.5415,1,High,1.0
29179,0.0583,0,Medium,0.0
31192,0.0781,0,Medium,0.0
49941,0.962,1,Low,1.0
23218,0.051,0,IMP,0.0
11988,0.0644,0,High,0.0
20364,0.0421,0,High,0.0
31205,0.0242,0,Medium,0.0
26820,0.9709,1,High,1.0
5235,0.033,0,Medium,0.0
19468,0.0279,0,Medium,0.0
3766,0.1057,0,Low,0.0
40716,0.0358,0,Medium,1.0
46326,0.987,1,IMP,1.0
24052,0.0437,0,Medium,0.0
9208,0.9924,1,IMP,1.0
3993,0.0422,0,Medium,0.0
25033,0.8726,1,Low,1.0
40288,0.4439,1,Medium,0.0
44031,0.1527,0,Medium,1.0
9314,0.9795,1,Low,1.0
4960,0.6515,1,Medium,0.0
14878,0.9638,1,Low,1.0
35435,0.6253,1,Low,0.0
35615,0.1341,0,Medium,0.0
2376,0.043,0,IMP,0.0
9565,0.0835,0,Low,0.0
40214,0.0551,0,High,0.0
22665,0.4699,0,Low,0.0
35330,0.8497,1,Low,1.0
22822,0.2579,0,Medium,0.0
30442,0.9934,1,IMP,1.0
12124,0.0552,0,Low,0.0
19981,0.0479,0,High,0.0
28686,0.0471,0,VIP,0.0
30672,0.2566,0,Low,1.0
21679,0.2935,0,Medium,0.0
7848,0.0431,0,Low,0.0
33029,0.9994,1,High,1.0
10501,0.3656,0,Medium,1.0
45596,0.0455,0,High,0.0
9958,0.1032,0,Medium,0.0
6822,0.0527,0,Medium,0.0
31304,0.9946,1,Medium,1.0
35769,0.9879,1,Low,1.0
36424,0.045,0,Medium,0.0
2651,0.062,0,Medium,0.0
47410,0.0545,0,High,0.0
39461,0.3259,0,Medium,0.0
26456,0.0606,0,Medium,0.0
41195,0.9512,1,Low,1.0
23985,0.5418,0,Low,1.0
44175,0.8878,1,Medium,1.0
44718,0.9657,1,Low,1.0
23049,0.0671,0,High,0.0
27402,0.9669,1,Low,1.0
26447,0.0525,0,Low,0.0
10454,0.0415,0,High,0.0
32984,0.8318,1,Low,1.0
49425,0.3352,0,Medium,0.0
35607,0.0522,0,IMP,0.0
2057,0.1511,0,Medium,0.0
27835,0.0653,0,High,0.0
43844,0.6114,1,Low,1.0
32461,0.1069,0,IMP,0.0
5664,0.0646,0,VIP,0.0
34213,0.0686,0,Medium,0.0
15110,0.6241,1,Low,1.0
18447,0.0251,0,Medium,0.0
39375,0.0681,0,High,0.0
22132,0.0436,0,Medium,0.0
30075,0.055,0,Medium,0.0
3486,0.988,1,Medium,1.0
18947,0.041,0,Medium,0.0
12955,0.5817,1,Low,1.0
8698,0.9922,1,High,1.0
852,0.0893,0,Low,1.0
608,0.9449,1,Low,1.0
16246,0.0545,0,Medium,0.0
43443,0.0407,0,Medium,0.0
42313,0.98,1,Low,1.0
23536,0.4749,1,High,1.0
14269,0.0299,0,Medium,0.0
10077,0.0369,0,Medium,0.0
24895,0.0441,0,Low,0.0
49298,0.0544,0,Medium,0.0
19193,0.0251,0,Medium,0.0
21247,0.2646,0,Medium,0.0
37660,0.075,0,Low,1.0
16469,0.0787,0,Low,0.0
18956,0.1045,0,Low,0.0
2390,0.0411,0,High,0.0
6392,0.9764,1,Medium,1.0
41971,0.0638,0,IMP,0.0
48727,0.7731,1,Low,0.0
32245,0.0288,0,Low,0.0
42457,0.0474,0,Low,0.0
951,0.3462,0,Low,0.0
11720,0.0407,0,Medium,0.0
43675,0.0379,0,High,0.0
44738,0.0647,0,Low,0.0
2531,0.0617,0,IMP,0.0
41164,0.0499,0,Medium,0.0
163,0.3028,0,Medium,0.0
27915,0.0514,0,High,0.0
33664,0.06,0,High,0.0
42788,0.0471,0,IMP,0.0
36576,0.8676,1,Medium,1.0
48033,0.9589,1,Low,1.0
2286,0.0374,0,Low,0.0
42284,0.0627,0,Low,0.0
16915,0.0859,0,High,0.0
49376,0.9923,1,IMP,1.0
30625,0.0394,0,IMP,0.0
16021,0.0409,0,Medium,0.0
26903,0.0319,0,Medium,0.0
44752,0.0446,0,Low,0.0
911,0.9873,1,High,1.0
8458,0.0272,0,Medium,0.0
25824,0.5084,1,Medium,1.0
20129,0.0595,0,Medium,0.0
33134,0.332,0,Medium,0.0
49,0.9877,1,IMP,1.0
30083,0.7711,1,Low,1.0
11631,0.9631,1,Low,1.0
3290,0.0459,0,Low,0.0
17310,0.0386,0,Medium,0.0
143,0.2225,0,Low,0.0
211,0.0449,0,Low,0.0
14280,0.9464,1,Low,1.0
40372,0.9904,1,High,1.0
43783,0.9936,1,IMP,1.0
15719,0.9973,1,High,1.0
29061,0.2527,0,Low,0.0
45251,0.0274,0,Medium,0.0
33638,0.0644,0,Medium,0.0
40463,0.0342,0,Medium,0.0
44149,0.4168,1,Medium,1.0
23819,0.9579,1,Medium,0.0
49220,0.9872,1,Medium,1.0
42029,0.9805,1,High,1.0
41701,0.5103,0,Low,1.0
36106,0.109,0,IMP,0.0
5670,0.0991,0,Medium,0.0
3861,0.1945,0,Medium,0.0
41629,0.4455,0,Low,0.0
34107,0.3039,0,Low,0.0
13679,0.9321,1,Medium,1.0
20480,0.0462,0,Low,0.0
28338,0.0345,0,Low,0.0
207,0.056,0,IMP,0.0
23912,0.8059,1,Medium,0.0
36233,0.9891,1,High,1.0
14372,0.9332,1,Low,1.0
29201,0.0341,0,Low,0.0
15149,0.9938,1,IMP,1.0
24390,0.0442,0,Medium,0.0
47246,0.0308,0,Medium,0.0
30464,0.0155,0,Medium,0.0
14508,0.0482,0,High,0.0
40797,0.0528,0,Medium,0.0
20568,0.2149,0,Medium,0.0
15077,0.05,0,Medium,0.0
23709,0.7324,1,Medium,1.0
32073,0.0512,0,Medium,0.0
7860,0.0728,0,Medium,1.0
44812,0.0777,0,High,0.0
21193,0.058,0,Medium,0.0
5521,0.8377,1,Low,1.0
26324,0.0504,0,Medium,0.0
44618,0.068,0,Medium,0.0
3033,0.4041,0,Low,1.0
17696,0.0636,0,High,0.0
33315,0.0473,0,Low,0.0
1837,0.0709,0,Low,0.0
13230,0.1206,0,Medium,0.0
46023,0.171,0,Medium,0.0
25572,0.0382,0,Low,0.0
9573,0.1956,0,Medium,0.0
24742,0.0488,0,Medium,0.0
30929,0.1924,0,Medium,0.0
27829,0.1535,0,Low,0.0
32491,0.9996,1,High,1.0
12113,0.983,1,High,1.0
41432,0.9106,1,Low,1.0
19124,0.0475,0,Medium,0.0
39308,0.0535,0,Medium,0.0
18020,0.3258,0,Low,1.0
20442,0.0448,0,VIP,0.0
12597,0.0418,0,Medium,0.0
1781,0.0281,0,Medium,0.0
29580,0.5729,1,Low,1.0
13742,0.9827,1,IMP,1.0
11284,0.0649,0,IMP,0.0
29359,0.0623,0,Low,0.0
1426,0.979,1,Medium,1.0
4420,0.073,0,Medium,0.0
36189,0.6625,1,Medium,1.0
12410,0.0235,0,Low,0.0
42170,0.0442,0,Medium,0.0
15348,0.966,1,Low,1.0
37415,0.0521,0,High,0.0
34632,0.9999,1,IMP,1.0
36192,0.1388,0,Medium,0.0
5374,0.2003,0,Low,0.0
26911,0.9888,1,High,1.0
20087,0.0141,0,Medium,1.0
43848,0.9794,1,High,1.0
40892,0.818,1,Low,1.0
45226,0.7669,1,Low,1.0
21278,0.9871,1,High,1.0
45331,0.0369,0,Medium,0.0
18969,0.0493,0,Medium,0.0
25241,0.0432,0,Medium,0.0
25015,0.984,1,IMP,1.0
35880,0.9682,1,Low,1.0
7231,0.0384,0,Medium,0.0
34924,0.938,1,Medium,1.0
24719,0.0549,0,Low,0.0
3946,0.0693,0,High,0.0
19017,0.2858,0,Medium,0.0
43085,0.0536,0,High,0.0
16638,0.1805,0,Medium,1.0
32075,0.0609,0,High,0.0
582,0.0469,0,IMP,0.0
30000,0.0692,0,Medium,0.0
27019,0.058,0,High,0.0
46793,0.0487,0,Medium,0.0
6245,0.2565,0,Medium,0.0
29358,0.0582,0,Low,0.0
21254,0.0328,0,Medium,0.0
16788,0.9932,1,IMP,1.0
34388,0.0451,0,Medium,0.0
39064,0.0435,0,Medium,0.0
30886,0.0663,0,Medium,0.0
4030,0.0664,0,High,0.0
33469,0.9502,1,Low,1.0
41733,0.9886,1,Medium,1.0
34987,0.0421,0,High,1.0
9896,0.0706,0,IMP,0.0
528,0.1518,0,Low,0.0
38785,0.0671,0,High,0.0
39896,0.0854,0,Low,0.0
10059,0.2823,0,Low,0.0
23321,0.0432,0,Medium,0.0
5334,0.0438,0,Medium,0.0
32987,0.047,0,Medium,0.0
47465,0.1233,0,Medium,0.0
33601,0.0514,0,Medium,0.0
23006,0.0458,0,High,0.0
7512,0.2864,0,Medium,1.0
7227,0.0416,0,Low,0.0
38311,0.9845,1,High,1.0
9730,0.9791,1,IMP,1.0
4624,0.0217,0,Low,0.0
49256,0.4037,1,Medium,1.0
46797,0.0448,0,High,0.0
17469,0.0367,0,Medium,0.0
23728,0.0364,0,Low,0.0
13834,0.2152,0,Low,0.0
20035,0.059,0,VIP,0.0
41598,0.0483,0,Medium,0.0
18057,0.0705,0,Medium,0.0
4300,0.0495,0,Medium,1.0
49864,0.0525,0,Medium,0.0
2335,0.1208,0,Low,0.0
9625,0.0291,0,Low,0.0
333,0.0379,0,Medium,0.0
39132,0.0374,0,Medium,0.0
18994,0.0695,0,Medium,0.0
1866,0.5641,1,Medium,1.0
5290,0.9892,1,IMP,1.0
31729,0.018,0,Low,0.0
7446,0.1592,0,Medium,0.0
27782,0.0461,0,High,0.0
2659,0.0329,0,Medium,0.0
25293,0.0358,0,Medium,0.0
4156,0.0973,0,Medium,0.0
3630,0.062,0,IMP,0.0
35101,0.0676,0,IMP,0.0
48775,0.0386,0,Medium,0.0
17496,0.0501,0,Medium,0.0
39079,0.0517,0,High,0.0
8562,0.8839,1,Low,1.0
6672,0.9807,1,Low,1.0
7489,0.9873,1,High,1.0
29792,0.0377,0,Medium,0.0
1406,0.0202,0,Low,0.0
38381,0.9797,1,Medium,1.0
15379,0.0433,0,Medium,0.0
7823,0.0328,0,High,0.0
17092,0.0581,0,Low,0.0
29398,0.0788,0,Medium,0.0
10870,0.0755,0,Medium,0.0
28609,0.0405,0,Medium,0.0
41174,0.0358,0,Medium,0.0
40775,0.928,1,IMP,1.0
14662,0.0792,0,High,0.0
39365,0.0471,0,Medium,0.0
41077,0.1633,0,Low,0.0
31281,0.0578,0,Medium,0.0
13305,0.9909,1,High,1.0
36822,0.0544,0,Medium,0.0
35906,0.0511,0,Medium,0.0
6769,0.9369,1,Medium,1.0
11198,0.6717,1,Medium,1.0
34945,0.0398,0,Medium,0.0
33618,0.0666,0,Medium,0.0
22574,0.2406,0,Medium,0.0
40577,0.977,1,Low,1.0
6119,0.995,1,High,1.0
1941,0.0386,0,Medium,0.0
27472,0.0421,0,Medium,0.0
16846,0.0506,0,High,0.0
16718,0.0455,0,Medium,0.0
28047,0.0239,0,Low,0.0
22478,0.0576,0,High,0.0
42392,0.0686,0,Medium,0.0
18744,0.0613,0,Medium,1.0
42373,0.0973,0,High,0.0
45110,0.0595,0,IMP,0.0
2585,0.0502,0,High,0.0
45614,0.0566,0,Medium,0.0
15593,0.0294,0,High,0.0
14987,0.1502,0,Medium,0.0
19034,0.0316,0,Low,0.0
34242,0.0483,0,Medium,0.0
3218,0.0359,0,High,0.0
23060,0.9932,1,High,1.0
17639,0.98,1,Medium,1.0
22655,0.0264,0,Low,0.0
3306,0.746,1,Low,1.0
12788,0.048,0,High,0.0
3588,0.9782,1,High,1.0
8883,0.0528,0,Medium,0.0
4524,0.0752,0,Medium,0.0
11269,0.9602,1,Low,1.0
43383,0.0417,0,Medium,0.0
46040,0.0338,0,Medium,0.0
37080,0.3771,0,Low,0.0
35859,0.0423,0,Medium,0.0
12805,0.0549,0,Medium,0.0
22162,0.189,0,High,0.0
21320,0.0487,0,Medium,0.0
26992,0.091,0,Low,0.0
44516,0.0479,0,Medium,0.0
41847,0.0499,0,Medium,0.0
36879,0.058,0,IMP,0.0
38683,0.0482,0,Medium,0.0
41439,0.1938,0,Low,0.0
16412,0.0414,0,Low,0.0
35669,0.6654,1,Low,0.0
14787,0.7255,1,Low,1.0
43750,0.992,1,Low,1.0
36949,0.2815,0,Low,1.0
9455,0.0443,0,Medium,0.0
15792,0.0599,0,Medium,0.0
839,0.4759,0,Low,1.0
42645,0.0402,0,Medium,0.0
24497,0.0585,0,IMP,0.0
15772,0.9155,1,Low,1.0
42654,0.0203,0,Low,0.0
21547,0.0465,0,IMP,0.0
41959,0.2624,0,Low,0.0
28455,0.7446,1,Medium,1.0
40317,0.3499,0,Low,0.0
38120,0.0597,0,High,0.0
47981,0.9927,1,High,1.0
25188,0.4871,0,Low,0.0
16000,0.3001,0,Medium,0.0
43451,0.0466,0,Medium,0.0
1090,0.9916,1,High,1.0
29142,0.0374,0,Medium,0.0
47275,0.0543,0,Low,0.0
24456,0.9448,1,Low,1.0
33076,0.2817,0,Low,0.0
20379,0.054,0,IMP,0.0
34042,0.037,0,Medium,0.0
18324,0.1998,0,Low,0.0
17933,0.9969,1,Medium,1.0
49245,0.0353,0,Medium,0.0
49227,0.9899,1,High,1.0
19875,0.0357,0,Medium,0.0
46505,0.9625,1,Low,0.0
34765,0.0457,0,Medium,0.0
19640,0.0423,0,Medium,1.0
45626,0.0348,0,Medium,0.0
46028,0.0356,0,Medium,0.0
19263,0.0485,0,Medium,0.0
46084,0.9809,1,Low,1.0
22755,0.0442,0,Medium,0.0
37536,0.6676,1,Low,1.0
35224,0.9889,1,Medium,1.0
5899,0.0422,0,IMP,0.0
8714,0.0326,0,Low,1.0
6481,0.9828,1,Medium,1.0
10817,0.0586,0,High,0.0
41300,0.9886,1,Low,1.0
30641,0.151,0,Medium,0.0
12038,0.9882,1,High,1.0
21396,0.8013,1,Medium,1.0
48464,0.0553,0,High,0.0
32156,0.0386,0,Medium,0.0
43994,0.99,1,Low,1.0
40651,0.0364,0,High,0.0
40678,0.4679,1,Medium,1.0
39062,0.8219,1,Medium,1.0
8333,0.042,0,Medium,0.0
24300,0.0514,0,Medium,0.0
33750,0.1518,0,Low,0.0
42960,0.0475,0,Low,0.0
8200,0.03,0,Medium,0.0
41101,0.0455,0,Medium,0.0
8993,0.1301,0,Medium,1.0
15824,0.4983,0,Low,0.0
33706,0.8557,1,Medium,1.0
18657,0.0541,0,Medium,0.0
12893,0.0431,0,Medium,0.0
15969,0.4309,1,Medium,1.0
19208,0.0655,0,Medium,0.0
25230,0.0453,0,Medium,0.0
25784,0.0542,0,Medium,0.0
6269,0.0596,0,Medium,0.0
44861,0.906,1,High,1.0
41410,0.0373,0,Medium,0.0
14877,0.9783,1,IMP,1.0
38074,0.0604,0,Medium,1.0
10348,0.0364,0,Medium,0.0
3813,0.9878,1,Low,1.0
26264,0.0452,0,Medium,0.0
25368,0.0579,0,Low,0.0
31135,0.0592,0,Medium,0.0
23187,0.0653,0,Medium,0.0
22033,0.9316,1,Low,1.0
36313,0.0334,0,Medium,0.0
42796,0.9921,1,IMP,1.0
41089,0.993,1,IMP,1.0
34137,0.097,0,Low,0.0
16946,0.2776,0,Medium,1.0
3518,0.0418,0,Medium,0.0
42089,0.991,1,Low,1.0
13696,0.0502,0,Medium,0.0
30498,0.0445,0,IMP,0.0
17075,0.8199,1,Low,1.0
25663,0.5815,1,High,1.0
30774,0.0336,0,Medium,0.0
49026,0.7792,1,Medium,1.0
6336,0.0547,0,Medium,0.0
29226,0.9736,1,VIP,1.0
18579,0.0355,0,Medium,0.0
22194,0.0475,0,Medium,0.0
26865,0.8708,1,Medium,1.0
14246,0.0351,0,Medium,0.0
42854,0.0578,0,High,0.0
5227,0.1097,0,Medium,0.0
23949,0.0554,0,Medium,0.0
4373,0.0406,0,Medium,0.0
25885,0.1252,0,Medium,0.0
7031,0.0448,0,High,0.0
11509,0.5599,1,Medium,1.0
28972,0.9944,1,High,1.0
21824,0.0386,0,Low,0.0
49291,0.0457,0,Medium,0.0
25128,0.0758,0,Medium,0.0
15137,0.0974,0,Low,0.0
24606,0.0389,0,Medium,1.0
19564,0.9558,1,Medium,1.0
26720,0.9684,1,High,1.0
6472,0.4217,1,Medium,0.0
40482,0.0396,0,Low,0.0
37941,0.1599,0,Medium,1.0
965,0.058,0,Medium,0.0
46457,0.9193,1,Low,1.0
48826,0.9683,1,Low,1.0
3582,0.9593,1,Low,1.0
20026,0.0695,0,Medium,0.0
1118,0.0358,0,Medium,0.0
43037,0.0386,0,Medium,0.0
41073,0.9992,1,High,1.0
5879,0.0557,0,High,0.0
8339,0.087,0,Medium,0.0
2863,0.0623,0,High,0.0
8131,0.0569,0,High,0.0
47490,0.0469,0,Medium,0.0
27047,0.0318,0,Low,0.0
16440,0.9307,1,Low,1.0
17988,0.3783,0,Low,1.0
7608,0.8746,1,Low,1.0
15199,0.0863,0,High,0.0
41015,0.0516,0,Medium,0.0
26043,0.0507,0,IMP,0.0
35378,0.0517,0,High,0.0
42779,0.1116,0,Low,1.0
48691,0.0346,0,High,0.0
42117,0.0502,0,Medium,0.0
44791,0.0829,0,Medium,0.0
37183,0.9839,1,High,1.0
33253,0.0832,0,Medium,0.0
25041,0.0308,0,Medium,0.0
20518,0.0459,0,Medium,0.0
8597,0.0339,0,Low,0.0
14270,0.0788,0,VIP,0.0
18942,0.1061,0,Medium,0.0
2587,0.0524,0,IMP,1.0
36980,0.0791,0,Medium,0.0
1358,0.0742,0,IMP,0.0
29134,0.9982,1,Medium,1.0
19341,0.8361,1,Low,1.0
26171,0.0464,0,Low,0.0
49866,0.0522,0,High,0.0
37474,0.0419,0,High,0.0
2819,0.0449,0,IMP,0.0
9001,0.994,1,IMP,1.0
22741,0.0614,0,Medium,0.0
48802,0.1069,0,Low,0.0
1312,0.0534,0,Medium,0.0
12770,0.0142,0,Low,0.0
39338,0.0777,0,High,1.0
22437,0.1066,0,Low,0.0
48716,0.9042,1,Low,1.0
36414,0.6428,1,Low,0.0
10859,0.9409,1,High,1.0
209,0.051,0,Low,0.0
24967,0.0578,0,Medium,0.0
19908,0.2682,0,Low,0.0
30864,0.0778,0,IMP,0.0
45168,0.5349,1,Medium,0.0
30805,0.033,0,Medium,0.0
31334,0.0441,0,Medium,0.0
20232,0.0508,0,Medium,0.0
6229,0.9894,1,High,1.0
37864,0.0366,0,High,0.0
34396,0.0264,0,Medium,1.0
4214,0.0389,0,Medium,0.0
38473,0.3079,0,Low,0.0
44815,0.0777,0,Medium,0.0
14475,0.0718,0,High,0.0
29370,0.0564,0,Medium,0.0
6961,0.0772,0,Low,0.0
33517,0.0535,0,IMP,0.0
18418,0.3401,0,Low,0.0
43453,0.0484,0,Medium,0.0
20783,0.0459,0,Low,0.0
17986,0.9769,1,Low,1.0
17585,0.0408,0,Medium,0.0
1911,0.0567,0,High,0.0
43113,0.0486,0,Medium,0.0
8715,0.0433,0,High,0.0
1586,0.0342,0,Medium,0.0
23014,0.0335,0,Medium,0.0
31021,0.6488,1,Medium,1.0
44557,0.066,0,Medium,0.0
25630,0.1211,0,Medium,0.0
3979,0.834,1,Medium,1.0
27518,0.1489,0,Low,0.0
16002,0.6127,1,Low,0.0
3315,0.0501,0,Medium,0.0
14261,0.0553,0,Low,0.0
15499,0.0681,0,Medium,1.0
5295,0.9258,1,Low,1.0
7834,0.0427,0,Medium,0.0
21904,0.0733,0,Medium,0.0
39433,0.2056,0,Medium,0.0
24869,0.0696,0,High,0.0
26913,0.0589,0,Medium,0.0
32540,0.0377,0,Medium,0.0
31615,0.1933,0,Low,0.0
19091,0.9882,1,High,1.0
15356,0.0663,0,Low,0.0
43052,0.9926,1,IMP,1.0
27130,0.9537,1,High,1.0
49765,0.9626,1,Low,1.0
3733,0.1187,0,High,0.0
9545,0.466,1,Medium,0.0
9368,0.0753,0,Low,0.0
47873,0.0293,0,Medium,0.0
6504,0.0571,0,Medium,0.0
45062,0.0594,0,IMP,0.0
36351,0.8463,1,Low,1.0
11062,0.0387,0,Low,0.0
49370,0.9995,1,High,1.0
5853,0.9875,1,High,1.0
8976,0.0635,0,IMP,0.0
12587,0.0608,0,IMP,0.0
12099,0.7711,1,Low,1.0
31837,0.0695,0,IMP,0.0
12548,0.0441,0,Medium,0.0
10578,0.9943,1,IMP,1.0
34208,0.0495,0,Medium,0.0
23960,0.7315,1,Low,1.0
3828,0.0394,0,Medium,1.0
11549,0.993,1,High,1.0
17566,0.0526,0,Medium,0.0
42333,0.0423,0,Low,0.0
32420,0.0581,0,IMP,0.0
45466,0.0494,0,Medium,0.0
48476,0.0473,0,Medium,0.0
28149,0.0833,0,Low,0.0
25674,0.9862,1,High,1.0
8732,0.0361,0,Medium,0.0
15424,0.0678,0,High,0.0
3954,0.054,0,Low,0.0
44355,0.0268,0,Low,0.0
28814,0.0568,0,IMP,0.0
5530,0.0382,0,Medium,0.0
9087,0.1109,0,Low,0.0
29899,0.977,1,High,1.0
42405,0.5111,0,Low,1.0
35010,0.9772,1,High,1.0
11475,0.0742,0,Medium,0.0
35616,0.0838,0,VIP,1.0
46720,0.0633,0,High,0.0
34796,0.0439,0,Low,0.0
45076,0.0714,0,IMP,0.0
47779,0.0378,0,Low,0.0
48702,0.8545,1,Low,1.0
40486,0.0566,0,Medium,0.0
15054,0.0391,0,Medium,0.0
1235,0.0859,0,Medium,0.0
1517,0.0491,0,IMP,0.0
12529,0.0268,0,Medium,0.0
19837,0.0367,0,Medium,0.0
9281,0.9944,1,VIP,1.0
22714,0.9909,1,High,1.0
25888,0.0378,0,Medium,0.0
3628,0.6596,1,Low,0.0
10512,0.6263,1,Low,1.0
5141,0.0801,0,IMP,0.0
42429,0.0456,0,Medium,0.0
44936,0.0628,0,Low,0.0
7803,0.0404,0,Medium,0.0
9175,0.713,1,Low,1.0
6253,0.0426,0,Medium,0.0
32559,0.0463,0,Medium,0.0
23172,0.0283,0,Low,0.0
12649,0.0412,0,IMP,0.0
40606,0.1354,0,Low,0.0
30299,0.0606,0,High,0.0
39916,0.0614,0,Medium,0.0
7162,0.0701,0,Medium,0.0
46785,0.039,0,Medium,0.0
19683,0.0313,0,Low,0.0
45706,0.2769,0,Medium,0.0
32877,0.0224,0,Medium,0.0
43408,0.047,0,Medium,0.0
30011,0.0505,0,Medium,0.0
29374,0.0513,0,Low,0.0
23041,0.0567,0,Medium,0.0
32788,0.0362,0,Low,0.0
29750,0.0525,0,High,0.0
32446,0.0472,0,Medium,0.0
21091,0.0553,0,Medium,0.0
46573,0.0359,0,Medium,0.0
7114,0.0592,0,Medium,0.0
41358,0.0555,0,Medium,0.0
33301,0.9928,1,Medium,1.0
5867,0.9953,1,High,1.0
36579,0.9861,1,Medium,1.0
1256,0.0548,0,IMP,0.0
48563,0.0971,0,High,0.0
16259,0.0463,0,Low,0.0
6282,0.9411,1,Low,1.0
28075,0.0742,0,IMP,0.0
23007,0.9741,1,High,1.0
29981,0.045,0,Low,0.0
32237,0.9505,1,Low,1.0
7773,0.0605,0,Medium,0.0
43305,0.9773,1,Low,1.0
29941,0.409,1,Medium,0.0
38682,0.0428,0,Medium,0.0
17411,0.0463,0,Medium,0.0
44313,0.9927,1,High,1.0
33149,0.0799,0,Medium,0.0
42375,0.0358,0,High,0.0
19631,0.1496,0,Medium,1.0
13925,0.9306,1,Medium,0.0
1689,0.0455,0,High,0.0
4083,0.039,0,Medium,0.0
13329,0.0674,0,High,0.0
3097,0.0602,0,High,0.0
24824,0.0324,0,Medium,0.0
13874,0.0476,0,IMP,0.0
24350,0.0614,0,Medium,0.0
23677,0.0281,0,Medium,0.0
16823,0.0449,0,Medium,0.0
517,0.2593,0,Medium,0.0
31701,0.0536,0,High,0.0
18672,0.0446,0,Medium,0.0
49888,0.0521,0,Medium,1.0
11024,0.047,0,Medium,0.0
8216,0.9895,1,High,1.0
42882,0.0364,0,High,0.0
46039,0.2043,0,Low,0.0
27193,0.0452,0,High,0.0
9292,0.0585,0,Medium,0.0
8908,0.0836,0,Medium,0.0
12281,0.0454,0,Medium,0.0
19536,0.0659,0,IMP,0.0
3178,0.7765,1,Low,1.0
14025,0.1184,0,Medium,1.0
25349,0.0557,0,Medium,0.0
33559,0.0296,0,Low,0.0
11700,0.0485,0,High,0.0
13770,0.0575,0,Medium,0.0
18743,0.9942,1,High,1.0
13314,0.0309,0,Medium,0.0
24699,0.0309,0,Low,0.0
17037,0.119,0,Medium,0.0
815,0.8905,1,Medium,1.0
28367,0.0453,0,Medium,0.0
15457,0.9759,1,Low,1.0
47639,0.2072,0,Medium,0.0
41877,0.0447,0,Low,0.0
40389,0.442,0,Low,0.0
36354,0.0153,0,Medium,0.0
28741,0.9877,1,High,1.0
3804,0.0573,0,Medium,0.0
44501,0.0458,0,Medium,0.0
14925,0.0472,0,Medium,0.0
34086,0.0475,0,Medium,0.0
9961,0.0835,0,Low,0.0
17457,0.0854,0,VIP,0.0
36174,0.0308,0,Medium,0.0
31601,0.0608,0,Medium,0.0
5370,0.9699,1,High,1.0
49771,0.7434,1,Medium,1.0
38816,0.0455,0,Medium,0.0
68,0.0528,0,Medium,0.0
4413,0.8742,1,Low,1.0
14907,0.0383,0,Low,0.0
16614,0.0338,0,Medium,0.0
10534,0.9767,1,VIP,1.0
49212,0.9964,1,IMP,1.0
33797,0.9417,1,Low,1.0
34741,0.9945,1,IMP,1.0
48369,0.0584,0,IMP,1.0
30414,0.0555,0,High,0.0
27173,0.0517,0,Medium,0.0
39826,0.1226,0,Medium,0.0
22968,0.0544,0,Medium,0.0
2358,0.9898,1,High,1.0
14647,0.046,0,Medium,0.0
35023,0.0863,0,Medium,0.0
11753,0.0389,0,Medium,0.0
33475,0.0438,0,Medium,0.0
20378,0.0365,0,Medium,0.0
21006,0.0433,0,IMP,0.0
4803,0.5129,0,Low,0.0
28844,0.8367,1,Medium,1.0
38657,0.7055,1,Medium,1.0
1951,0.0439,0,Medium,0.0
6719,0.0549,0,IMP,0.0
5843,0.0548,0,Medium,0.0
3724,0.9943,1,High,1.0
7612,0.9924,1,High,1.0
45657,0.0485,0,Medium,0.0
12666,0.0225,0,Medium,0.0
14500,0.208,0,High,0.0
34120,0.0478,0,Medium,0.0
11441,0.9685,1,Low,1.0
9918,0.0325,0,Medium,0.0
31473,0.9785,1,IMP,1.0
21074,0.9924,1,IMP,1.0
43340,0.0502,0,Medium,0.0
32740,0.9495,1,Medium,1.0
40910,0.0486,0,Medium,0.0
3158,0.9765,1,High,1.0
11457,0.0435,0,IMP,0.0
43332,0.0389,0,Medium,0.0
27884,0.0378,0,High,0.0
45379,0.0527,0,Medium,0.0
4579,0.0507,0,Medium,1.0
32584,0.994,1,High,1.0
28000,0.0309,0,Medium,0.0
41726,0.0462,0,Medium,0.0
28599,0.0568,0,High,0.0
7948,0.0462,0,High,0.0
4795,0.9852,1,IMP,1.0
22552,0.9497,1,High,1.0
6781,0.0418,0,Low,0.0
31790,0.1226,0,Medium,0.0
35507,0.0543,0,High,0.0
18456,0.051,0,Medium,0.0
22739,0.0637,0,IMP,0.0
30491,0.027,0,Medium,0.0
23575,0.993,1,IMP,1.0
39683,0.0294,0,Medium,0.0
39685,0.7851,1,Medium,1.0
24825,0.0302,0,Low,0.0
32128,0.0802,0,High,0.0
7789,0.0328,0,High,0.0
29636,0.1611,0,Low,0.0
49958,0.0349,0,Medium,0.0
5815,0.0319,0,Medium,0.0
43254,0.9363,1,Medium,1.0
12127,0.3704,0,High,0.0
2350,0.2425,0,High,0.0
33829,0.5888,1,Medium,1.0
46077,0.0614,0,High,0.0
7316,0.092,0,Medium,0.0
8187,0.0579,0,Medium,0.0
23538,0.0347,0,Medium,0.0
19456,0.1752,0,Medium,0.0
49217,0.0624,0,Medium,0.0
24336,0.9905,1,High,1.0
49928,0.0422,0,Medium,0.0
4306,0.0327,0,Low,0.0
37529,0.048,0,Medium,0.0
6930,0.0293,0,Low,0.0
37212,0.0464,0,Medium,0.0
23531,0.0423,0,Medium,0.0
41393,0.9899,1,IMP,1.0
37062,0.0397,0,Medium,0.0
20727,0.3116,0,Medium,1.0
38957,0.0398,0,Medium,0.0
38186,0.0475,0,High,0.0
26022,0.0587,0,Medium,0.0
47419,0.5411,0,Low,0.0
15559,0.0258,0,Medium,0.0
39309,0.0509,0,Medium,0.0
7104,0.1605,0,Medium,0.0
13661,0.0587,0,Low,0.0
35227,0.0422,0,Medium,0.0
14227,0.0477,0,Medium,0.0
19235,0.0559,0,Medium,0.0
11124,0.043,0,Medium,0.0
12854,0.9304,1,Low,1.0
44788,0.0349,0,Medium,0.0
3467,0.0369,0,High,0.0
33101,0.9822,1,High,1.0
8430,0.1111,0,Medium,0.0
18667,0.3867,0,Low,1.0
1952,0.0437,0,Medium,0.0
2785,0.042,0,Medium,0.0
25294,0.0432,0,Medium,0.0
27152,0.0755,0,High,0.0
5294,0.0441,0,IMP,0.0
48479,0.0358,0,High,0.0
26258,0.9843,1,IMP,1.0
2461,0.0444,0,High,0.0
20337,0.937,1,Medium,0.0
33112,0.1807,0,Low,0.0
16471,0.0157,0,Low,0.0
22908,0.0498,0,Medium,1.0
6525,0.0526,0,Medium,0.0
29274,0.0648,0,Low,0.0
11323,0.9667,1,High,1.0
34019,0.0513,0,Medium,0.0
623,0.0516,0,Medium,0.0
16325,0.1916,0,Low,1.0
49097,0.9103,1,Medium,1.0
5386,0.4202,0,Low,0.0
27191,0.84,1,Low,1.0
36694,0.7656,1,Low,0.0
16841,0.9919,1,High,1.0
39288,0.9999,1,IMP,1.0
19210,0.0355,0,Low,0.0
18190,0.0686,0,IMP,0.0
25554,0.152,0,VIP,0.0
49660,0.0413,0,VIP,0.0
14212,0.0452,0,Medium,0.0
2497,0.9748,1,Low,0.0
27576,0.0621,0,Low,0.0
9439,0.0533,0,Medium,0.0
15734,0.9847,1,Low,1.0
38999,0.1619,0,High,1.0
45818,0.0741,0,Medium,0.0
5297,0.3093,0,Low,0.0
35817,0.0959,0,Medium,0.0
16057,0.0649,0,Medium,0.0
1309,0.0512,0,Medium,1.0
44218,0.9889,1,High,1.0
28086,0.9922,1,High,1.0
21739,0.9843,1,Medium,1.0
23448,0.0548,0,High,0.0
5903,0.0385,0,IMP,0.0
24229,0.7464,1,Medium,1.0
48594,0.6471,1,Low,0.0
3639,0.0333,0,Low,0.0
38102,0.0471,0,IMP,0.0
19163,0.9883,1,High,1.0
33407,0.0669,0,IMP,0.0
15119,0.4957,1,High,0.0
25734,0.0394,0,Medium,0.0
44339,0.4749,0,Low,1.0
7190,0.0278,0,Low,0.0
9539,0.3653,0,Medium,0.0
13841,0.0393,0,Medium,0.0
26804,0.0368,0,Medium,0.0
12424,0.9925,1,IMP,1.0
42205,0.0437,0,Medium,0.0
10863,0.0417,0,Low,0.0
16321,0.9812,1,High,1.0
25705,0.999,1,Medium,1.0
39470,0.0512,0,Medium,0.0
8031,0.0568,0,Medium,1.0
19921,0.1121,0,Medium,0.0
41323,0.9873,1,Medium,1.0
8158,0.1167,0,Low,0.0
32123,0.0308,0,Low,0.0
4360,0.0496,0,IMP,0.0
322,0.0568,0,High,0.0
18063,0.0418,0,Low,0.0
36958,0.0573,0,Medium,0.0
39593,0.0346,0,Medium,0.0
14117,0.0257,0,Medium,0.0
9806,0.0334,0,Medium,0.0
33048,0.0225,0,Medium,1.0
41853,0.9867,1,High,1.0
34984,0.996,1,IMP,1.0
22725,0.0673,0,Low,0.0
37777,0.2016,0,High,0.0
1080,0.0663,0,High,0.0
18381,0.1517,0,Medium,0.0
16512,0.8952,1,Low,1.0
39206,0.0424,0,Medium,0.0
18784,0.0649,0,Medium,0.0
34175,0.0363,0,Medium,0.0
27922,0.0339,0,VIP,0.0
16886,0.0714,0,IMP,0.0
49832,0.0872,0,Medium,0.0
33819,0.9333,1,Medium,1.0
39067,0.9927,1,High,1.0
49699,0.9918,1,High,1.0
43206,0.134,0,Medium,0.0
47718,0.8924,1,Medium,1.0
37894,0.0244,0,Medium,0.0
30266,0.1343,0,Medium,0.0
16595,0.2693,0,Low,0.0
25428,0.6533,1,Low,1.0
35192,0.0722,0,Medium,0.0
42291,0.9894,1,High,1.0
6149,0.047,0,Medium,0.0
46274,0.6739,1,Low,0.0
31044,0.0329,0,Medium,0.0
40237,0.5955,1,Medium,0.0
26940,0.0394,0,Low,0.0
29402,0.037,0,Medium,0.0
11854,0.0495,0,Medium,0.0
15695,0.5798,1,Low,0.0
33488,0.5356,0,Low,1.0
5457,0.0527,0,IMP,0.0
17005,0.9065,1,Low,1.0
22485,0.9836,1,Low,1.0
49251,0.0233,0,Medium,0.0
33641,0.9417,1,Low,1.0
15017,0.0601,0,Medium,0.0
41470,0.0264,0,Low,0.0
5777,0.9462,1,Low,0.0
4123,0.9922,1,High,1.0
42026,0.078,0,High,0.0
41784,0.0873,0,Medium,0.0
29435,0.068,0,Medium,0.0
12797,0.0443,0,Medium,0.0
28053,0.1653,0,Medium,0.0
30584,0.0646,0,Medium,0.0
23867,0.4076,0,Low,0.0
2302,0.4746,1,Medium,1.0
45152,0.0937,0,Medium,0.0
14858,0.0454,0,Medium,0.0
29556,0.0623,0,IMP,0.0
16814,0.4279,0,Low,0.0
6938,0.0527,0,Medium,0.0
47750,0.0655,0,High,0.0
40879,0.0487,0,Medium,0.0
30958,0.1034,0,Medium,0.0
46273,0.0285,0,Low,0.0
11583,0.0521,0,Medium,0.0
5056,0.9615,1,Medium,1.0
23961,0.0488,0,IMP,0.0
49151,0.4661,1,Medium,0.0
28056,0.1376,0,Medium,0.0
18569,0.9882,1,High,1.0
18257,0.1038,0,Medium,0.0
45752,0.8975,1,Low,0.0
11736,0.0652,0,High,0.0
22068,0.0331,0,Low,0.0
17674,0.0717,0,Medium,0.0
25875,0.1444,0,Medium,0.0
34110,0.0298,0,Low,0.0
2157,0.9487,1,Low,1.0
37538,0.9875,1,High,1.0
1780,0.9898,1,High,1.0
23504,0.251,0,Medium,0.0
32979,0.0621,0,Low,0.0
19938,0.0426,0,Medium,0.0
17466,0.0676,0,Low,0.0
6522,0.0695,0,High,0.0
48019,0.0284,0,Low,0.0
2279,0.0114,0,Medium,0.0
2921,0.0611,0,VIP,0.0
43955,0.9747,1,Medium,1.0
29811,0.0542,0,Medium,0.0
24955,0.9897,1,IMP,1.0
12747,0.1556,0,Medium,0.0
1238,0.7522,1,Medium,1.0
22895,0.9958,1,High,1.0
20333,0.0465,0,Low,0.0
26587,0.8212,1,Medium,1.0
10315,0.0387,0,Low,0.0
34843,0.0352,0,High,0.0
16565,0.0421,0,Medium,0.0
33246,0.5084,0,Low,1.0
49053,0.9729,1,Low,0.0
14150,0.0661,0,Medium,0.0
10803,0.0456,0,Medium,0.0
3267,0.8732,1,Medium,1.0
8510,0.0474,0,Medium,0.0
44953,0.2043,0,Medium,0.0
830,0.0608,0,Low,0.0
40914,0.117,0,Medium,0.0
35622,0.0668,0,High,0.0
3510,0.059,0,High,0.0
2084,0.0643,0,Medium,0.0
1768,0.0715,0,Low,0.0
3801,0.9841,1,Medium,1.0
8574,0.875,1,High,1.0
39241,0.9971,1,High,1.0
11281,0.4473,1,High,0.0
10182,0.07,0,Medium,0.0
38547,0.0734,0,IMP,0.0
2932,0.0594,0,Medium,1.0
20075,0.0313,0,IMP,0.0
42793,0.9817,1,High,1.0
19557,0.041,0,IMP,0.0
48312,0.0437,0,Medium,0.0
15120,0.0692,0,Medium,0.0
7247,0.0329,0,Medium,0.0
19329,0.0609,0,High,0.0
6648,0.9568,1,Low,1.0
45986,0.0428,0,Medium,0.0
6940,0.0651,0,IMP,0.0
19413,0.0432,0,Medium,0.0
39708,0.8343,1,Medium,1.0
39978,0.8908,1,High,1.0
21361,0.0571,0,Medium,0.0
15554,0.3387,0,Low,0.0
43806,0.0726,0,Medium,0.0
41208,0.0535,0,Medium,0.0
46452,0.3578,0,Medium,0.0
43389,0.0277,0,Low,0.0
48798,0.0476,0,Medium,0.0
48565,0.0765,0,Medium,0.0
19763,0.0502,0,Medium,0.0
36272,0.0519,0,Medium,0.0
29839,0.0682,0,Medium,0.0
44172,0.9116,1,Low,1.0
14931,0.979,1,IMP,1.0
40700,0.0618,0,Low,0.0
20298,0.0612,0,IMP,0.0
41976,0.9176,1,Low,1.0
25256,0.0231,0,Medium,0.0
24561,0.9939,1,IMP,1.0
23243,0.0249,0,Medium,0.0
19120,0.1771,0,Medium,1.0
13032,0.0453,0,Medium,0.0
20531,0.0699,0,Medium,1.0
14222,0.0441,0,Low,0.0
21996,0.9798,1,Low,1.0
49349,0.3157,0,Medium,1.0
49519,0.0591,0,Medium,0.0
39658,0.0525,0,VIP,0.0
48823,0.0929,0,Medium,0.0
31472,0.0776,0,High,0.0
3714,0.0392,0,Medium,0.0
14555,0.1319,0,Medium,0.0
49074,0.9883,1,IMP,1.0
20155,0.0537,0,Medium,0.0
4079,0.0373,0,Medium,0.0
32375,0.0622,0,IMP,0.0
46910,0.1018,0,Medium,1.0
13063,0.0701,0,High,0.0
27155,0.1538,0,Low,0.0
11785,0.0497,0,Medium,1.0
20896,0.0478,0,Medium,0.0
15453,0.9849,1,High,1.0
25721,0.076,0,Low,0.0
30923,0.2007,0,Low,1.0
5329,0.0353,0,Medium,0.0
30086,0.0644,0,Medium,0.0
9808,0.0458,0,Medium,0.0
20541,0.0541,0,High,0.0
8610,0.0515,0,Low,0.0
46823,0.2474,0,Low,0.0
19705,0.0429,0,Medium,0.0
14130,0.0419,0,Medium,0.0
34863,0.0945,0,Medium,0.0
17963,0.9913,1,Medium,1.0
7129,0.989,1,High,1.0
1771,0.3053,0,Low,1.0
20840,0.9616,1,Low,1.0
1716,0.9897,1,High,1.0
2869,0.0524,0,Medium,0.0
46253,0.0881,0,Low,0.0
37779,0.9813,1,Medium,1.0
28318,0.0839,0,High,0.0
22451,0.0414,0,Medium,0.0
275,0.0586,0,Low,0.0
34896,0.7377,1,Low,0.0
29852,0.9925,1,IMP,1.0
38322,0.1066,0,Medium,0.0
1209,0.0705,0,IMP,0.0
5089,0.0316,0,Medium,0.0
32636,0.0434,0,Medium,0.0
44165,0.0409,0,Medium,0.0
46887,0.9857,1,High,1.0
746,0.0635,0,Medium,0.0
4155,0.0544,0,Medium,0.0
9683,0.1905,0,Low,0.0
49755,0.0547,0,Low,0.0
23469,0.1799,0,Medium,0.0
43416,0.0607,0,Medium,0.0
26350,0.0322,0,Low,0.0
27683,0.0501,0,Medium,0.0
15298,0.0378,0,Medium,0.0
20322,0.9602,1,Low,1.0
49743,0.9985,1,Low,1.0
45679,0.2682,0,High,0.0
23896,0.0333,0,Medium,0.0
3062,0.0507,0,Medium,0.0
25492,0.037,0,Medium,0.0
42367,0.063,0,IMP,0.0
36032,0.0523,0,IMP,0.0
40860,0.059,0,IMP,0.0
19309,0.9788,1,Medium,1.0
35154,0.0412,0,Medium,0.0
38029,0.033,0,Medium,0.0
10295,0.0321,0,Medium,0.0
38063,0.062,0,Medium,0.0
10028,0.0673,0,High,0.0
27351,0.0395,0,Medium,0.0
35194,0.1609,0,Low,0.0
1639,0.0949,0,Medium,0.0
29271,0.0522,0,Medium,0.0
26313,0.0389,0,Medium,0.0
12228,0.0315,0,Low,0.0
23888,0.0446,0,Medium,0.0
39617,0.9587,1,High,1.0
22280,0.0437,0,Medium,0.0
13117,0.0513,0,Medium,0.0
18344,0.0559,0,Medium,0.0
6204,0.9687,1,Low,1.0
884,0.083,0,Medium,0.0
27756,0.0446,0,Medium,0.0
43497,0.0907,0,Medium,0.0
41907,0.2741,0,Medium,0.0
34318,0.0557,0,Medium,0.0
20172,0.0506,0,High,0.0
49618,0.0679,0,IMP,0.0
43867,0.5351,1,Medium,0.0
38156,0.0874,0,IMP,0.0
3601,0.9918,1,IMP,1.0
27978,0.0535,0,Medium,0.0
45568,0.1632,0,Medium,0.0
25085,0.082,0,VIP,0.0
48708,0.0708,0,High,0.0
42753,0.916,1,Low,1.0
39671,0.5241,0,Low,1.0
43310,0.0981,0,Medium,0.0
8232,0.9938,1,Low,1.0
49317,0.4048,1,IMP,1.0
5629,0.0481,0,High,0.0
29505,0.0511,0,Low,0.0
34340,0.973,1,High,1.0
11201,0.9857,1,Medium,1.0
4294,0.9352,1,Low,1.0
11860,0.035,0,Medium,0.0
22977,0.3064,0,Low,0.0
19251,0.9754,1,High,1.0
7309,0.9099,1,Medium,1.0
1584,0.1739,0,Medium,0.0
3614,0.0381,0,Medium,0.0
45811,0.0364,0,Medium,0.0
9677,0.0132,0,Low,0.0
18136,0.0396,0,Medium,0.0
37569,0.0397,0,Medium,0.0
4831,0.0457,0,High,0.0
39523,0.3753,0,Low,0.0
39115,0.0406,0,Medium,0.0
10172,0.1205,0,Low,0.0
34224,0.0444,0,Low,1.0
5369,0.0439,0,Medium,0.0
26636,0.0541,0,IMP,0.0
10214,0.9781,1,Low,1.0
18083,0.0603,0,Medium,0.0
6913,0.0301,0,Low,1.0
47040,0.9664,1,IMP,1.0
38237,0.0201,0,Low,0.0
9207,0.0527,0,High,0.0
28108,0.0323,0,Low,0.0
14594,0.9874,1,Low,1.0
22662,0.0355,0,Medium,0.0
47110,0.9835,1,Medium,1.0
46981,0.9789,1,Medium,1.0
4867,0.3693,0,Low,1.0
29543,0.0515,0,High,0.0
14717,0.9865,1,High,1.0
30567,0.0893,0,Low,0.0
45430,0.4394,1,Medium,1.0
21093,0.9008,1,Low,1.0
15283,0.0485,0,IMP,0.0
48380,0.9756,1,Medium,1.0
32087,0.0443,0,Medium,0.0
48486,0.0557,0,Medium,0.0
49031,0.3122,0,Medium,0.0
17218,0.1317,0,Low,0.0
16849,0.2887,0,Low,0.0
27455,0.036,0,Medium,0.0
5702,0.0663,0,IMP,0.0
2684,0.0392,0,Medium,0.0
19662,0.0809,0,IMP,0.0
9601,0.0581,0,IMP,0.0
6074,0.9919,1,High,1.0
8621,0.0321,0,Low,0.0
40250,0.9735,1,Medium,1.0
1944,0.0997,0,Low,0.0
38075,0.1651,0,High,0.0
40197,0.9935,1,High,1.0
2252,0.0404,0,High,0.0
28273,0.0884,0,Medium,0.0
33082,0.058,0,IMP,0.0
20607,0.0456,0,Medium,0.0
4498,0.8412,1,Medium,1.0
40448,0.7721,1,Low,1.0
9047,0.0601,0,High,0.0
42325,0.9792,1,Medium,1.0
48835,0.0537,0,Medium,0.0
8692,0.9383,1,Medium,1.0
9626,0.9911,1,IMP,1.0
30716,0.0558,0,Medium,0.0
37308,0.9577,1,Low,1.0
8095,0.0428,0,Medium,0.0
24996,0.0889,0,High,0.0
16164,0.0488,0,High,0.0
24239,0.05,0,Medium,0.0
31119,0.0379,0,Medium,0.0
36112,0.182,0,Medium,1.0
37133,0.9682,1,Low,1.0
41157,0.0466,0,Medium,0.0
47725,0.0799,0,IMP,0.0
23768,0.9921,1,IMP,1.0
29203,0.0455,0,Medium,0.0
47799,0.0602,0,Medium,0.0
33333,0.9787,1,Medium,1.0
3183,0.0648,0,Medium,0.0
36216,0.0505,0,High,0.0
37998,0.9935,1,IMP,1.0
3641,0.0508,0,Medium,0.0
23351,0.0456,0,IMP,0.0
31576,0.326,0,Medium,0.0
36054,0.0454,0,Low,0.0
8877,0.5671,1,Medium,1.0
38520,0.9986,1,IMP,1.0
25973,0.0322,0,Medium,0.0
11714,0.0299,0,Medium,0.0
42082,0.9824,1,Low,1.0
12925,0.0402,0,Medium,1.0
13393,0.1241,0,IMP,0.0
16593,0.9792,1,High,1.0
36753,0.0517,0,Medium,0.0
19297,0.0637,0,High,0.0
15004,0.0703,0,High,0.0
18585,0.0721,0,High,0.0
44338,0.0743,0,High,1.0
7916,0.0403,0,Medium,0.0
20375,0.9749,1,Medium,0.0
45779,0.0501,0,High,0.0
38484,0.2686,0,Medium,1.0
46890,0.0347,0,Medium,0.0
9985,0.0401,0,Medium,0.0
40484,0.0618,0,High,0.0
16696,0.0425,0,Medium,0.0
6574,0.1565,0,Medium,0.0
23196,0.0561,0,IMP,0.0
25906,0.1343,0,Low,0.0
14072,0.079,0,High,1.0
5523,0.0462,0,Medium,0.0
16264,0.9509,1,High,1.0
22124,0.0663,0,Medium,0.0
1253,0.0668,0,Low,0.0
34384,0.0443,0,Medium,0.0
6944,0.0375,0,Medium,0.0
49224,0.3591,0,Low,0.0
9624,0.7085,1,Low,1.0
28906,0.0524,0,Medium,0.0
47982,0.0511,0,IMP,0.0
8068,0.9926,1,High,1.0
49194,0.0306,0,IMP,0.0
1851,0.3165,0,Low,0.0
33079,0.0451,0,Medium,0.0
33025,0.1487,0,Medium,0.0
1268,0.0537,0,Medium,0.0
8033,0.0481,0,High,0.0
15125,0.9795,1,High,1.0
41294,0.9881,1,High,1.0
27878,0.0221,0,Medium,0.0
41462,0.0901,0,IMP,0.0
21432,0.0464,0,Low,1.0
36810,0.0573,0,Medium,0.0
31477,0.049,0,High,0.0
20864,0.04,0,Medium,0.0
15412,0.4224,1,Medium,1.0
32044,0.0806,0,Medium,0.0
10119,0.7192,1,Low,1.0
40850,0.0652,0,High,0.0
20576,0.0501,0,Medium,0.0
318,0.048,0,High,0.0
10215,0.2252,0,Medium,0.0
16673,0.9694,1,Low,1.0
29124,0.0482,0,Medium,0.0
2134,0.2349,0,Low,1.0
2794,0.0765,0,Low,0.0
23907,0.9839,1,IMP,1.0
18716,0.9751,1,Low,1.0
7917,0.0498,0,High,0.0
15920,0.1025,0,Medium,0.0
48421,0.9906,1,High,1.0
26031,0.0425,0,IMP,0.0
31727,0.3785,0,Medium,1.0
30790,0.0504,0,Medium,0.0
22197,0.0382,0,Medium,0.0
45930,0.3044,0,Low,0.0
41481,0.0775,0,Medium,0.0
24039,0.9943,1,Low,1.0
35360,0.9851,1,High,1.0
34835,0.0639,0,Medium,0.0
22892,0.1172,0,Low,0.0
39056,0.0537,0,Medium,0.0
44325,0.0691,0,IMP,0.0
8214,0.0243,0,Medium,0.0
26113,0.0613,0,IMP,0.0
4502,0.9834,1,High,1.0
33109,0.9498,1,Low,1.0
39382,0.0407,0,Low,0.0
42301,0.0373,0,Medium,0.0
39666,0.9547,1,Medium,1.0
43110,0.124,0,Medium,0.0
4072,0.1118,0,Low,0.0
1096,0.0468,0,Medium,0.0
46859,0.0972,0,Low,0.0
33435,0.9942,1,High,1.0
19019,0.0679,0,IMP,0.0
43938,0.9748,1,Low,1.0
49947,0.0555,0,Medium,0.0
7960,0.6843,1,Low,1.0
14783,0.0421,0,Medium,0.0
36426,0.0677,0,Medium,0.0
23669,0.0301,0,Medium,0.0
37719,0.0484,0,Medium,0.0
21301,0.0664,0,High,0.0
33267,0.0724,0,High,0.0
2443,0.0305,0,Medium,0.0
15653,0.686,1,Medium,1.0
20648,0.0588,0,High,0.0
10724,0.0444,0,Medium,0.0
37107,0.9726,1,Low,1.0
2876,0.082,0,VIP,0.0
37882,0.049,0,Low,0.0
28249,0.1219,0,Medium,0.0
18091,0.0363,0,Medium,0.0
18639,0.0303,0,Medium,0.0
21651,0.9569,1,Low,0.0
38474,0.028,0,Medium,0.0
16341,0.0383,0,Medium,0.0
1063,0.8349,1,Low,1.0
23794,0.0648,0,High,0.0
40170,0.0489,0,Medium,0.0
30698,0.9944,1,IMP,1.0
35979,0.0892,0,High,0.0
15875,0.0334,0,Low,0.0
44766,0.5071,0,Low,1.0
39632,0.4426,1,Medium,1.0
42629,0.0544,0,Medium,0.0
2508,0.9586,1,Medium,1.0
49052,0.993,1,High,1.0
7280,0.9664,1,Low,1.0
1365,0.9743,1,High,1.0
41262,0.9848,1,Medium,1.0
41076,0.0489,0,Medium,0.0
42749,0.9713,1,Low,1.0
35522,0.54,0,Low,1.0
43915,0.1309,0,Medium,0.0
33749,0.0542,0,High,0.0
43041,0.181,0,Medium,1.0
43142,0.0382,0,Medium,0.0
45988,0.2167,0,Low,0.0
26030,0.0896,0,Medium,1.0
46707,0.1313,0,Low,0.0
8870,0.7299,1,Low,1.0
16417,0.0678,0,Medium,0.0
39720,0.0563,0,High,0.0
14305,0.9648,1,Low,1.0
34645,0.0395,0,Medium,0.0
8017,0.0719,0,High,0.0
35134,0.3652,0,Low,0.0
34287,0.0479,0,Medium,0.0
48007,0.0601,0,IMP,0.0
740,0.0686,0,IMP,1.0
48616,0.3289,0,Medium,1.0
31795,0.9853,1,IMP,1.0
30667,0.0613,0,IMP,0.0
16145,0.1636,0,Medium,0.0
32775,0.0484,0,Medium,0.0
25699,0.3254,0,Low,0.0
26935,0.9499,1,High,1.0
38694,0.052,0,Medium,1.0
15284,0.9789,1,Low,1.0
15859,0.0427,0,Medium,0.0
31824,0.4836,0,Low,1.0
28490,0.0622,0,IMP,0.0
17823,0.0581,0,Medium,0.0
45270,0.7356,1,Medium,1.0
17306,0.0477,0,Medium,0.0
30575,0.0372,0,Medium,0.0
14363,0.0954,0,Medium,0.0
26601,0.0549,0,Medium,0.0
13663,0.0646,0,Medium,0.0
7045,0.027,0,IMP,0.0
34740,0.0629,0,Medium,0.0
39766,0.0591,0,IMP,0.0
32522,0.0517,0,Medium,0.0
17406,0.3274,0,Medium,0.0
3073,0.8024,1,Low,1.0
45820,0.0588,0,Medium,0.0
33418,0.9511,1,Low,1.0
46934,0.0209,0,Low,0.0
28136,0.0422,0,Low,0.0
32549,0.0427,0,Medium,0.0
4918,0.052,0,Low,1.0
38613,0.7688,1,Medium,1.0
10352,0.0277,0,Medium,1.0
37547,0.7252,1,Medium,0.0
42233,0.0496,0,Medium,0.0
31704,0.0982,0,IMP,0.0
27887,0.1212,0,Low,0.0
40629,0.0749,0,Medium,0.0
45506,0.0802,0,IMP,0.0
26923,0.0465,0,High,0.0
29239,0.0413,0,Medium,0.0
30346,0.0694,0,IMP,0.0
42328,0.0408,0,Medium,0.0
40640,0.0504,0,Medium,0.0
49789,0.5936,1,Medium,1.0
24564,0.6248,1,Low,1.0
15290,0.0375,0,Low,0.0
7964,0.0704,0,Medium,0.0
15071,0.7328,1,Medium,1.0
13084,0.9955,1,High,1.0
20278,0.9335,1,Medium,1.0
47842,0.0878,0,Medium,0.0
14247,0.5141,1,Medium,0.0
13579,0.9671,1,Medium,1.0
39970,0.0368,0,VIP,0.0
23237,0.9859,1,Low,1.0
48548,0.0327,0,Medium,0.0
36684,0.0702,0,IMP,0.0
30412,0.0426,0,IMP,0.0
18129,0.6675,1,Low,1.0
39570,0.7313,1,Low,1.0
20743,0.9884,1,High,1.0
45390,0.033,0,Medium,0.0
14807,0.0463,0,Medium,0.0
40592,0.0837,0,High,1.0
42339,0.1947,0,Medium,0.0
13738,0.0875,0,IMP,0.0
39614,0.1166,0,Medium,0.0
35873,0.1407,0,Medium,0.0
19425,0.0332,0,High,0.0
39767,0.0986,0,Medium,0.0
44744,0.0251,0,Low,0.0
42895,0.6732,1,Low,0.0
4438,0.0409,0,High,0.0
34591,0.8469,1,Medium,1.0
11450,0.0517,0,Medium,0.0
9532,0.9627,1,Low,1.0
30832,0.9687,1,High,1.0
44427,0.9482,1,Medium,1.0
45699,0.0458,0,Medium,0.0
13849,0.0515,0,Medium,0.0
49551,0.046,0,Medium,0.0
2626,0.0387,0,Medium,0.0
41176,0.9907,1,High,1.0
33934,0.0462,0,Low,0.0
27437,0.0608,0,Medium,0.0
29292,0.0713,0,Medium,0.0
44121,0.0436,0,Medium,0.0
46891,0.0459,0,Medium,0.0
33579,0.0372,0,Medium,0.0
37795,0.9305,1,High,1.0
26236,0.0543,0,VIP,0.0
11064,0.0386,0,Medium,0.0
46225,0.0546,0,Medium,0.0
43992,0.0469,0,High,0.0
16421,0.0435,0,Medium,0.0
45912,0.0301,0,Medium,0.0
34104,0.0581,0,Medium,0.0
23415,0.9925,1,Medium,1.0
19382,0.9895,1,IMP,1.0
27133,0.9997,1,IMP,1.0
41288,0.8955,1,Low,1.0
21554,0.0413,0,Medium,1.0
46379,0.0535,0,Medium,0.0
8479,0.9131,1,Medium,1.0
10518,0.0636,0,Medium,0.0
11232,0.0554,0,High,0.0
37025,0.9773,1,High,1.0
46697,0.2269,0,Medium,0.0
31376,0.0314,0,Medium,0.0
37933,0.0509,0,IMP,0.0
36901,0.0342,0,Medium,0.0
43892,0.0567,0,High,0.0
18368,0.0777,0,Medium,0.0
16542,0.0358,0,Low,0.0
18649,0.3951,0,Low,0.0
3625,0.0767,0,High,0.0
26708,0.0856,0,Medium,0.0
20090,0.0347,0,Medium,0.0
41095,0.0433,0,Medium,0.0
2170,0.9905,1,High,1.0
33643,0.0432,0,Medium,0.0
49387,0.0417,0,Medium,0.0
48704,0.5862,1,Low,1.0
41878,0.9763,1,Low,1.0
10627,0.6316,1,Low,1.0
17875,0.2627,0,Medium,0.0
2308,0.055,0,High,0.0
11023,0.0484,0,Medium,0.0
40343,0.255,0,Low,0.0
44176,0.0694,0,IMP,0.0
27530,0.0389,0,VIP,0.0
14831,0.2893,0,Medium,0.0
42556,0.3073,0,Low,0.0
42711,0.047,0,Medium,1.0
38327,0.0679,0,Medium,0.0
21779,0.9925,1,High,1.0
18707,0.1617,0,Low,0.0
29173,0.9844,1,High,1.0
48713,0.395,0,Low,0.0
33635,0.0493,0,Medium,0.0
23450,0.8013,1,Medium,1.0
49326,0.8933,1,Medium,1.0
17360,0.0946,0,Medium,0.0
46740,0.1067,0,Medium,0.0
47194,0.0348,0,Low,0.0
28517,0.0224,0,Medium,0.0
35413,0.1076,0,Medium,0.0
21794,0.0818,0,Low,0.0
49611,0.967,1,High,1.0
38300,0.6067,1,Low,1.0
46000,0.8187,1,Medium,1.0
47414,0.085,0,High,0.0
40230,0.9927,1,High,1.0
8072,0.6959,1,Low,0.0
41046,0.7605,1,Medium,1.0
29172,0.0447,0,Medium,0.0
7147,0.0437,0,High,1.0
44688,0.061,0,High,0.0
49433,0.3204,0,Medium,0.0
20926,0.1078,0,High,1.0
40722,0.0392,0,Medium,0.0
13450,0.0721,0,High,0.0
47800,0.953,1,High,1.0
16078,0.0449,0,Medium,0.0
35258,0.8856,1,Low,1.0
49130,0.043,0,High,0.0
26318,0.0555,0,Medium,0.0
40410,0.8555,1,Low,0.0
22122,0.9918,1,VIP,1.0
44066,0.0427,0,Medium,0.0
47169,0.039,0,Medium,0.0
46043,0.0502,0,Medium,0.0
40413,0.1231,0,Medium,0.0
41937,0.641,1,Low,0.0
9504,0.7731,1,Low,1.0
3638,0.1246,0,Medium,0.0
43068,0.0318,0,Medium,0.0
1422,0.9935,1,IMP,1.0
22894,0.9931,1,IMP,1.0
3177,0.0635,0,Medium,0.0
27802,0.8751,1,Low,1.0
41588,0.0354,0,Medium,0.0
46583,0.0752,0,Medium,0.0
41955,0.9807,1,Medium,1.0
38563,0.1337,0,Medium,0.0
26173,0.0567,0,Medium,0.0
21591,0.0518,0,Medium,0.0
23403,0.9914,1,High,1.0
21494,0.0338,0,Medium,0.0
8980,0.4404,0,Low,0.0
3416,0.0427,0,Medium,0.0
36175,0.0695,0,High,1.0
32070,0.532,1,Medium,1.0
49443,0.0403,0,Low,0.0
22281,0.0397,0,Medium,0.0
17911,0.0728,0,Medium,0.0
40661,0.0464,0,High,0.0
32094,0.0601,0,Medium,0.0
31979,0.0659,0,Medium,0.0
41515,0.1899,0,Low,0.0
1610,0.0255,0,Low,0.0
46006,0.1462,0,Medium,1.0
34473,0.9821,1,Low,0.0
3305,0.9942,1,High,1.0
38446,0.0281,0,Low,0.0
49111,0.1446,0,Medium,0.0
42582,0.0742,0,High,0.0
14605,0.0373,0,Low,0.0
17454,0.2657,0,Medium,0.0
45456,0.0599,0,Medium,0.0
5010,0.2708,0,Low,0.0
28326,0.0571,0,High,0.0
23876,0.0223,0,Low,0.0
6164,0.039,0,Medium,0.0
6192,0.1052,0,Low,0.0
39400,0.0487,0,Medium,0.0
16266,0.0567,0,Medium,0.0
12181,0.0472,0,Medium,0.0
9786,0.0445,0,Medium,0.0
40379,0.0766,0,Medium,0.0
24381,0.0308,0,Low,0.0
25331,0.0564,0,Low,0.0
9193,0.0358,0,Low,0.0
31973,0.0303,0,Low,0.0
5017,0.0557,0,Medium,0.0
11270,0.035,0,Low,0.0
15872,0.042,0,Medium,1.0
35476,0.0462,0,High,0.0
30001,0.8196,1,Low,1.0
2342,0.0696,0,Medium,0.0
35230,0.7465,1,Low,1.0
24108,0.9924,1,Low,1.0
24549,0.0367,0,Medium,0.0
41739,0.9703,1,Medium,1.0
45848,0.053,0,High,0.0
11651,0.025,0,Medium,0.0
15553,0.0337,0,Low,0.0
15002,0.0416,0,Low,0.0
48138,0.1714,0,Medium,1.0
28896,0.9522,1,Low,1.0
33548,0.0323,0,Medium,0.0
20260,0.2271,0,Low,0.0
20677,0.0402,0,Medium,0.0
44106,0.9636,1,High,1.0
48624,0.0676,0,IMP,1.0
21366,0.0215,0,Low,0.0
33321,0.0321,0,Low,0.0
4805,0.0621,0,Medium,0.0
21742,0.0429,0,High,0.0
47103,0.0586,0,Medium,0.0
39301,0.3938,0,Low,0.0
29086,0.0457,0,Medium,0.0
34893,0.0642,0,High,0.0
4361,0.6369,1,Low,1.0
38704,0.0439,0,Low,0.0
8691,0.0272,0,IMP,0.0
35771,0.0502,0,IMP,0.0
28050,0.0652,0,High,0.0
20002,0.9772,1,Low,1.0
24443,0.0392,0,Medium,0.0
8639,0.8532,1,Low,1.0
9046,0.0301,0,Low,0.0
26379,0.1196,0,Medium,0.0
27987,0.0408,0,Medium,0.0
32483,0.835,1,Low,1.0
39045,0.589,1,Low,1.0
2692,0.2613,0,Low,0.0
46729,0.0386,0,Low,1.0
5959,0.5879,1,Low,0.0
38672,0.0304,0,Low,0.0
8389,0.0629,0,Medium,0.0
9854,0.0442,0,Medium,0.0
9191,0.1205,0,Low,0.0
215,0.0403,0,Medium,0.0
8136,0.058,0,IMP,0.0
26419,0.0298,0,Medium,0.0
42899,0.9061,1,Medium,1.0
46249,0.9928,1,IMP,1.0
14356,0.0369,0,Medium,0.0
13735,0.0426,0,High,0.0
12927,0.0343,0,Low,0.0
40969,0.1256,0,Low,0.0
17543,0.1134,0,Low,0.0
45048,0.9646,1,Medium,1.0
41325,0.0442,0,Medium,0.0
27550,0.0305,0,Medium,0.0
49289,0.7269,1,Low,1.0
25075,0.4967,1,Medium,1.0
29009,0.0567,0,Medium,0.0
25415,0.1412,0,Low,0.0
13401,0.2178,0,Low,0.0
26756,0.1654,0,Low,0.0
40479,0.0521,0,High,0.0
33624,0.949,1,High,1.0
13372,0.0488,0,High,1.0
6847,0.0467,0,Medium,0.0
47652,0.0377,0,Low,0.0
27508,0.9875,1,Medium,1.0
15773,0.0367,0,Low,0.0
33686,0.0494,0,IMP,0.0
10072,0.0442,0,Medium,0.0
28122,0.0273,0,Medium,0.0
6104,0.9946,1,IMP,1.0
26778,0.7041,1,Low,1.0
28083,0.0468,0,High,0.0
36406,0.0606,0,Medium,0.0
48066,0.0763,0,High,0.0
7694,0.0482,0,Medium,0.0
18443,0.0494,0,Medium,0.0
24521,0.9637,1,High,1.0
42655,0.3122,0,Medium,0.0
19555,0.9708,1,Medium,1.0
36326,0.1684,0,Low,0.0
36869,0.1032,0,Medium,0.0
37432,0.4983,1,High,1.0
37235,0.0373,0,High,0.0
20589,0.9596,1,High,1.0
48966,0.4025,1,Medium,0.0
25819,0.9632,1,Medium,1.0
4667,0.0388,0,Medium,0.0
9383,0.0473,0,Medium,0.0
38947,0.0383,0,Medium,0.0
44009,0.5182,0,Low,0.0
44432,0.2057,0,Medium,0.0
46420,0.229,0,Low,0.0
101,0.0574,0,Medium,0.0
15764,0.9921,1,IMP,1.0
14991,0.0543,0,Medium,0.0
13015,0.4447,0,Low,1.0
39550,0.8649,1,Low,0.0
41059,0.6765,1,Low,0.0
15305,0.9823,1,High,1.0
6344,0.054,0,High,0.0
11478,0.0357,0,Medium,0.0
40821,0.0342,0,Medium,0.0
18556,0.4401,1,Medium,0.0
13537,0.1808,0,Low,0.0
28087,0.8185,1,Low,1.0
13615,0.7095,1,Low,0.0
46161,0.0534,0,Medium,1.0
20835,0.0544,0,IMP,0.0
48234,0.3166,0,Medium,0.0
45957,0.0372,0,IMP,0.0
9068,0.0887,0,Medium,0.0
49476,0.0378,0,Low,0.0
21088,0.1096,0,Medium,0.0
20980,0.9929,1,High,1.0
15319,0.0929,0,Medium,0.0
27301,0.0677,0,IMP,0.0
12500,0.0348,0,Low,0.0
8913,0.0514,0,Medium,1.0
32513,0.0852,0,IMP,0.0
6659,0.0135,0,Low,0.0
28513,0.056,0,Low,0.0
46962,0.0656,0,VIP,0.0
46120,0.0577,0,Medium,1.0
46333,0.0426,0,IMP,0.0
27907,0.0536,0,Medium,0.0
34656,0.0629,0,Medium,0.0
17434,0.0605,0,Medium,0.0
5378,0.0455,0,Medium,0.0
26704,0.9698,1,Low,0.0
46399,0.0415,0,Low,0.0
2643,0.7524,1,Low,1.0
49591,0.9897,1,High,1.0
18642,0.0495,0,Medium,0.0
37811,0.0244,0,Medium,0.0
30212,0.9926,1,VIP,1.0
20121,0.0673,0,IMP,0.0
34233,0.148,0,High,0.0
23822,0.0518,0,Low,0.0
46510,0.9755,1,IMP,1.0
14040,0.9686,1,Low,1.0
37796,0.042,0,Low,0.0
10112,0.051,0,Low,0.0
33030,0.0741,0,Medium,0.0
15304,0.0406,0,High,0.0
6006,0.0533,0,Medium,0.0
33692,0.9545,1,Low,1.0
26886,0.0536,0,High,0.0
46411,0.0529,0,High,0.0
21627,0.0706,0,IMP,0.0
47186,0.0467,0,Low,0.0
13411,0.0439,0,Medium,0.0
43921,0.0308,0,Low,0.0
864,0.0349,0,Low,0.0
49772,0.2359,0,Medium,0.0
37485,0.0303,0,Medium,0.0
24444,0.0693,0,Medium,0.0
1875,0.9937,1,IMP,1.0
11076,0.8283,1,Low,1.0
16690,0.9688,1,Low,0.0
28856,0.0513,0,Medium,0.0
18404,0.0419,0,Medium,0.0
22799,0.068,0,Medium,0.0
17200,0.9948,1,High,1.0
35824,0.04,0,High,0.0
10486,0.066,0,IMP,0.0
8906,0.1052,0,Medium,0.0
13824,0.0677,0,High,0.0
45406,0.0302,0,Low,0.0
22268,0.0555,0,High,0.0
26577,0.0311,0,Low,0.0
41782,0.0593,0,Low,0.0
27962,0.0691,0,IMP,0.0
24076,0.069,0,High,0.0
6824,0.0517,0,Medium,0.0
8439,0.9851,1,High,1.0
37967,0.0343,0,Low,0.0
38842,0.0543,0,Medium,0.0
1590,0.9245,1,Medium,1.0
37817,0.0401,0,Medium,0.0
23157,0.0448,0,Medium,0.0
21681,0.0472,0,Medium,0.0
43680,0.9012,1,High,1.0
45701,0.9916,1,High,1.0
39436,0.071,0,High,0.0
43638,0.1662,0,Medium,0.0
4324,0.9936,1,High,1.0
28780,0.1224,0,Medium,0.0
18849,0.9877,1,IMP,1.0
5822,0.0599,0,Low,0.0
7758,0.7085,1,Medium,1.0
32835,0.1945,0,Low,0.0
7716,0.0946,0,Medium,0.0
25704,0.9915,1,High,1.0
16426,0.0429,0,IMP,0.0
19347,0.0583,0,Low,0.0
41762,0.1924,0,Medium,1.0
48762,0.223,0,Medium,0.0
13548,0.0344,0,Medium,0.0
12712,0.1193,0,Medium,0.0
20284,0.0665,0,IMP,0.0
41182,0.0691,0,High,0.0
49923,0.0455,0,Medium,0.0
40833,0.1042,0,Medium,0.0
36373,0.0436,0,Medium,0.0
9155,0.0701,0,Medium,0.0
11626,0.0508,0,Medium,0.0
28038,0.0311,0,Low,0.0
42842,0.0292,0,Medium,0.0
27144,0.0508,0,Medium,0.0
45088,0.0556,0,High,0.0
47596,0.8923,1,Low,1.0
18289,0.0442,0,Medium,0.0
26126,0.0377,0,Low,0.0
46437,0.0403,0,Medium,1.0
49310,0.0566,0,IMP,0.0
46544,0.8655,1,Low,1.0
38548,0.0471,0,High,0.0
328,0.0333,0,Medium,0.0
319,0.6114,1,Low,1.0
1251,0.0538,0,Medium,0.0
28855,0.1886,0,Low,0.0
27436,0.0255,0,Medium,0.0
2000,0.9653,1,High,1.0
28186,0.7299,1,Low,1.0
21098,0.1241,0,Medium,0.0
14021,0.053,0,Medium,0.0
25508,0.0182,0,Low,1.0
12052,0.9518,1,Low,1.0
7753,0.934,1,Low,1.0
24095,0.0591,0,High,1.0
85,0.0474,0,IMP,0.0
4482,0.0418,0,Medium,0.0
39957,0.0436,0,Medium,0.0
15667,0.1737,0,Medium,0.0
27322,0.0478,0,IMP,0.0
25672,0.0339,0,Medium,0.0
38786,0.0254,0,Low,0.0
23478,0.0633,0,Medium,0.0
23652,0.0282,0,Medium,0.0
30755,0.08,0,High,0.0
36241,0.047,0,IMP,1.0
24850,0.0203,0,Medium,0.0
30780,0.0722,0,Low,0.0
26691,0.9981,1,Low,1.0
40009,0.0574,0,IMP,0.0
9551,0.047,0,Low,0.0
8161,0.5109,0,Low,1.0
18106,0.0434,0,Medium,0.0
39303,0.0506,0,High,0.0
22156,0.9809,1,Medium,1.0
39185,0.0458,0,High,0.0
10208,0.0439,0,Medium,0.0
7395,0.9886,1,IMP,1.0
15608,0.9923,1,IMP,1.0
20894,0.1055,0,Medium,0.0
23190,0.072,0,High,0.0
26626,0.0689,0,Medium,0.0
40562,0.0624,0,Low,0.0
32900,0.9868,1,High,1.0
4946,0.0421,0,Medium,0.0
27495,0.2395,0,High,0.0
36223,0.0418,0,Medium,0.0
18798,0.985,1,High,1.0
24539,0.9951,1,Low,1.0
39821,0.0586,0,High,0.0
41399,0.8768,1,Low,1.0
14120,0.7421,1,Low,1.0
42804,0.042,0,High,0.0
2919,0.0376,0,High,0.0
21393,0.0621,0,Medium,0.0
21661,0.9949,1,IMP,1.0
894,0.3268,0,Low,1.0
7664,0.0555,0,High,0.0
38426,0.0819,0,Low,0.0
49732,0.1457,0,Low,0.0
25088,0.1378,0,Medium,0.0
9206,0.0507,0,Medium,1.0
20642,0.0362,0,Medium,0.0
24887,0.0349,0,VIP,0.0
44530,0.0161,0,Low,0.0
18558,0.7036,1,Low,1.0
17253,0.9566,1,Low,1.0
32716,0.9161,1,Medium,1.0
22137,0.5309,1,High,0.0
23800,0.0473,0,Medium,0.0
8192,0.9766,1,Medium,1.0
18934,0.8414,1,Low,1.0
43980,0.044,0,Medium,0.0
41624,0.0559,0,Low,0.0
14388,0.4596,1,Medium,1.0
47670,0.157,0,Medium,0.0
27022,0.0501,0,Medium,0.0
28826,0.8016,1,Medium,1.0
3100,0.9396,1,Low,1.0
9034,0.1822,0,Medium,0.0
22702,0.0564,0,High,0.0
16073,0.0223,0,Medium,0.0
20525,0.9997,1,IMP,1.0
29642,0.9425,1,Medium,1.0
37695,0.0283,0,Medium,0.0
7417,0.0566,0,Medium,0.0
48600,0.0213,0,Low,0.0
4730,0.0638,0,IMP,0.0
34890,0.0485,0,Medium,0.0
45499,0.069,0,High,0.0
20530,0.0684,0,Medium,0.0
14940,0.0453,0,Medium,0.0
32752,0.0293,0,Medium,0.0
26098,0.0346,0,Medium,0.0
19539,0.1635,0,Low,0.0
3163,0.0385,0,Low,0.0
33532,0.4585,1,Medium,0.0
49373,0.3539,0,Medium,0.0
31597,0.0464,0,Medium,0.0
29812,0.1284,0,Low,1.0
15015,0.3186,0,Low,1.0
44956,0.2311,0,Low,0.0
45783,0.0418,0,Low,0.0
17373,0.0297,0,Low,1.0
11140,0.0398,0,High,0.0
24310,0.0655,0,Medium,0.0
26242,0.9718,1,Low,1.0
43299,0.8782,1,Low,1.0
47544,0.0599,0,Medium,0.0
34078,0.0299,0,Low,0.0
48660,0.1477,0,Low,0.0
48029,0.8942,1,Low,1.0
18595,0.0459,0,Medium,0.0
47274,0.9924,1,Low,1.0
36928,0.0425,0,Medium,0.0
2844,0.9522,1,Low,1.0
49666,0.0615,0,High,0.0
3890,0.9875,1,High,1.0
38394,0.2699,0,Medium,0.0
29644,0.0343,0,Medium,0.0
48769,0.0958,0,Medium,0.0
30919,0.0249,0,Medium,0.0
42964,0.1518,0,Medium,0.0
36539,0.0564,0,High,0.0
26142,0.0677,0,Medium,0.0
33120,0.0506,0,Medium,0.0
17650,0.9676,1,Low,1.0
7547,0.0507,0,Low,0.0
40105,0.9774,1,Low,1.0
8923,0.7267,1,Low,1.0
19902,0.9745,1,Medium,1.0
41190,0.9891,1,Medium,1.0
43316,0.4975,0,Low,0.0
30437,0.0696,0,IMP,0.0
39142,0.0582,0,Medium,0.0
11000,0.303,0,Medium,0.0
15460,0.0642,0,Medium,0.0
45666,0.9013,1,Low,1.0
24580,0.0615,0,High,0.0
38994,0.0459,0,Medium,0.0
41416,0.9617,1,Medium,1.0
7990,0.0387,0,Medium,0.0
34414,0.0386,0,Medium,0.0
36586,0.0538,0,Medium,0.0
32928,0.9896,1,High,1.0
3819,0.9809,1,Medium,1.0
36556,0.0326,0,Medium,0.0
47017,0.0951,0,Medium,0.0
4216,0.052,0,Medium,0.0
35667,0.0369,0,Medium,0.0
16779,0.041,0,Medium,0.0
5198,0.0441,0,Medium,0.0
35848,0.0443,0,Medium,0.0
45705,0.0363,0,Medium,0.0
8003,0.0746,0,Medium,0.0
41005,0.0397,0,Low,0.0
45109,0.0381,0,Medium,0.0
29686,0.0331,0,Medium,0.0
35885,0.1418,0,Medium,0.0
39240,0.0342,0,Medium,0.0
8596,0.0524,0,Medium,0.0
37057,0.1327,0,Low,0.0
25955,0.0549,0,Medium,0.0
26642,0.0614,0,Medium,0.0
25154,0.0296,0,Low,0.0
35100,0.99,1,High,1.0
8972,0.0433,0,Medium,0.0
5676,0.2492,0,Low,0.0
6337,0.0404,0,Low,0.0
29600,0.5614,1,Low,1.0
23781,0.9586,1,Low,1.0
23513,0.9793,1,Low,1.0
19690,0.1008,0,Medium,0.0
10856,0.9913,1,IMP,1.0
9794,0.0484,0,IMP,0.0
40224,0.0285,0,Low,0.0
8843,0.0387,0,High,0.0
12996,0.0638,0,Medium,0.0
13590,0.031,0,Low,0.0
47538,0.1404,0,Medium,0.0
5168,0.0502,0,Low,0.0
7353,0.0703,0,Medium,0.0
38671,0.5243,1,High,1.0
35967,0.1161,0,Medium,0.0
48749,0.1453,0,Low,0.0
1,0.0386,0,Medium,0.0
13625,0.0597,0,IMP,0.0
19636,0.0409,0,Low,0.0
5351,0.9926,1,IMP,1.0
6799,0.07,0,Medium,0.0
11517,0.043,0,Medium,0.0
29738,0.9929,1,High,1.0
31905,0.8183,1,Low,1.0
9562,0.0462,0,Medium,0.0
20332,0.4558,0,Low,0.0
20904,0.0555,0,Medium,0.0
26792,0.0486,0,Low,0.0
11734,0.038,0,Medium,0.0
44665,0.1623,0,Low,0.0
36613,0.9734,1,High,1.0
10587,0.9938,1,High,1.0
5628,0.0525,0,High,0.0
27169,0.0562,0,High,1.0
15577,0.5884,1,Medium,0.0
21490,0.0555,0,High,0.0
34708,0.0417,0,High,0.0
43873,0.982,1,Low,1.0
25416,0.6205,1,Medium,1.0
21550,0.9771,1,High,1.0
11206,0.0294,0,Medium,0.0
14766,0.0337,0,Medium,0.0
41635,0.6875,1,Low,1.0
47781,0.0345,0,Medium,0.0
48767,0.0515,0,Medium,0.0
22760,0.6625,1,Low,1.0
36982,0.0549,0,Medium,0.0
23236,0.9933,1,Low,1.0
6400,0.0429,0,Medium,0.0
41413,0.9177,1,Medium,1.0
25073,0.8158,1,Low,0.0
3139,0.1583,0,Medium,0.0
25765,0.0444,0,High,0.0
33410,0.0314,0,Medium,0.0
23916,0.0414,0,High,0.0
48830,0.0451,0,Medium,0.0
30660,0.5666,1,Medium,0.0
45118,0.9788,1,Medium,1.0
19885,0.0955,0,Medium,0.0
30311,0.0612,0,High,0.0
17806,0.0262,0,Low,0.0
1262,0.0576,0,Medium,0.0
16865,0.9883,1,High,1.0
33518,0.0328,0,Medium,0.0
33271,0.9954,1,High,1.0
3730,0.992,1,IMP,1.0
23347,0.977,1,High,1.0
42851,0.2442,0,High,0.0
43035,0.0212,0,Medium,0.0
2596,0.0413,0,Medium,0.0
14530,0.0281,0,Low,0.0
36234,0.0548,0,Medium,0.0
4658,0.0644,0,High,0.0
10617,0.042,0,High,0.0
44844,0.086,0,Medium,0.0
42484,0.5214,1,Medium,0.0
4845,0.2353,0,Medium,0.0
16383,0.0387,0,Medium,0.0
9424,0.0601,0,High,0.0
43234,0.4963,0,Low,1.0
40637,0.0628,0,High,1.0
385,0.0448,0,VIP,1.0
14922,0.0567,0,IMP,0.0
31448,0.036,0,High,0.0
43048,0.9954,1,IMP,1.0
33463,0.0715,0,Medium,0.0
48633,0.0497,0,IMP,0.0
41400,0.594,1,Low,1.0
11010,0.0566,0,Medium,0.0
36938,0.9868,1,High,1.0
15589,0.9821,1,Low,1.0
16737,0.2327,0,Medium,0.0
9856,0.0359,0,Medium,0.0
38894,0.9916,1,IMP,1.0
36668,0.4681,1,Medium,0.0
9960,0.0631,0,Medium,0.0
20068,0.0328,0,Low,0.0
49808,0.8138,1,Low,1.0
30451,0.121,0,Low,0.0
33147,0.8752,1,Medium,1.0
16375,0.3855,0,Low,0.0
21522,0.0293,0,Medium,0.0
42475,0.0366,0,Medium,0.0
27487,0.0459,0,Medium,0.0
9136,0.0479,0,Medium,0.0
48441,0.0307,0,Medium,0.0
13239,0.9656,1,Low,1.0
39772,0.0451,0,High,0.0
1588,0.1188,0,Medium,0.0
24629,0.4319,1,Medium,1.0
45883,0.0607,0,Medium,0.0
35943,0.9796,1,High,1.0
44112,0.0498,0,High,0.0
5440,0.0503,0,Medium,0.0
26137,0.0582,0,Medium,0.0
11240,0.0672,0,High,0.0
40488,0.0323,0,Low,1.0
31646,0.0442,0,Medium,0.0
15892,0.9211,1,Low,1.0
22660,0.0464,0,Medium,0.0
7361,0.0954,0,VIP,0.0
1203,0.0316,0,Low,0.0
10430,0.1644,0,IMP,1.0
24447,0.0269,0,Medium,0.0
31851,0.0586,0,Medium,0.0
16786,0.0423,0,IMP,0.0
10972,0.9341,1,Medium,0.0
38343,0.271,0,Low,0.0
22849,0.0593,0,Medium,0.0
36551,0.015,0,Medium,0.0
10924,0.0424,0,Medium,0.0
36104,0.0535,0,High,0.0
33525,0.0458,0,Medium,0.0
4610,0.0546,0,Medium,0.0
2403,0.8499,1,Low,1.0
42896,0.9264,1,Medium,1.0
48273,0.8318,1,Low,1.0
2464,0.0649,0,High,0.0
36923,0.0424,0,High,0.0
17164,0.9638,1,Low,1.0
32382,0.0436,0,High,0.0
44283,0.0462,0,Medium,0.0
44130,0.0433,0,Medium,0.0
40004,0.8304,1,Low,1.0
31565,0.9839,1,High,1.0
47002,0.8921,1,Medium,1.0
3922,0.0744,0,Medium,0.0
24849,0.0377,0,IMP,0.0
44442,0.0663,0,High,0.0
20930,0.2127,0,Low,1.0
4433,0.0451,0,Medium,0.0
11653,0.0424,0,Low,0.0
24345,0.0495,0,Medium,0.0
16765,0.025,0,Medium,0.0
15355,0.0532,0,High,0.0
3470,0.1714,0,Low,0.0
15622,0.0568,0,High,0.0
38452,0.0494,0,Medium,0.0
26123,0.0235,0,Low,0.0
46844,0.1446,0,Medium,0.0
2316,0.1234,0,Low,0.0
3353,0.5488,0,Low,1.0
35418,0.0373,0,IMP,0.0
17122,0.3522,0,Low,0.0
47561,0.0453,0,Medium,0.0
44894,0.2236,0,Medium,0.0
44827,0.0958,0,Medium,0.0
14711,0.0545,0,Medium,0.0
7654,0.1379,0,Low,0.0
33138,0.1179,0,Medium,0.0
33458,0.0533,0,Medium,0.0
1130,0.0569,0,Medium,0.0
15854,0.9631,1,Low,1.0
8941,0.7687,1,Low,1.0
2966,0.0586,0,Medium,0.0
33704,0.0521,0,Medium,0.0
31208,0.0816,0,Medium,0.0
33662,0.0475,0,IMP,0.0
37119,0.0503,0,Medium,0.0
47545,0.0535,0,Medium,0.0
6685,0.2064,0,Medium,0.0
46073,0.9831,1,Medium,1.0
41404,0.0513,0,Medium,0.0
33415,0.0714,0,Low,0.0
41826,0.023,0,Low,0.0
11192,0.03,0,Medium,0.0
21295,0.0509,0,High,0.0
10950,0.4209,1,Medium,0.0
27770,0.0616,0,High,0.0
42995,0.9854,1,Medium,1.0
19743,0.0496,0,Medium,0.0
30707,0.0549,0,IMP,0.0
22967,0.0437,0,Medium,0.0
18247,0.0927,0,Medium,0.0
47475,0.951,1,Medium,1.0
18984,0.2282,0,Medium,0.0
34917,0.0624,0,Medium,0.0
28317,0.0466,0,Medium,0.0
47338,0.137,0,Medium,0.0
11395,0.0743,0,Medium,0.0
15649,0.0941,0,Medium,0.0
1424,0.0512,0,High,0.0
197,0.1283,0,Medium,0.0
3492,0.1975,0,High,1.0
5569,0.0606,0,Medium,0.0
11776,0.0519,0,Medium,0.0
31526,0.795,1,Medium,1.0
15156,0.0741,0,IMP,0.0
40972,0.0535,0,Medium,0.0
38705,0.0293,0,Medium,0.0
14451,0.9823,1,IMP,1.0
27034,0.0926,0,High,0.0
1416,0.9668,1,Low,0.0
26012,0.234,0,Low,0.0
29737,0.0535,0,High,0.0
14618,0.9908,1,IMP,1.0
40113,0.2875,0,Low,0.0
9078,0.0691,0,IMP,0.0
35674,0.9532,1,Medium,1.0
49412,0.0332,0,Medium,0.0
8211,0.0269,0,Low,0.0
41763,0.0687,0,Low,0.0
7923,0.0517,0,Medium,0.0
29355,0.0321,0,Low,0.0
35831,0.94,1,Medium,1.0
26591,0.183,0,Low,0.0
41355,0.0451,0,Low,0.0
38737,0.0386,0,Low,0.0
2757,0.043,0,Medium,0.0
6404,0.9574,1,Low,1.0
256,0.2324,0,Medium,0.0
25139,0.0407,0,Medium,0.0
6387,0.0362,0,High,0.0
7783,0.0433,0,Medium,0.0
32648,0.0398,0,Medium,0.0
16678,0.0468,0,Medium,0.0
29050,0.0641,0,High,0.0
1616,0.9917,1,Low,1.0
13099,0.992,1,High,1.0
31275,0.0823,0,High,0.0
15841,0.0461,0,Medium,1.0
10388,0.3759,0,Low,0.0
18354,0.0396,0,Medium,0.0
20359,0.0248,0,Medium,0.0
36564,0.0646,0,High,0.0
16402,0.9949,1,IMP,1.0
9681,0.9806,1,Medium,1.0
25804,0.0398,0,Medium,0.0
17937,0.0269,0,Medium,0.0
5871,0.0601,0,Medium,0.0
23830,0.0654,0,Medium,0.0
24097,0.0653,0,Medium,0.0
29270,0.0465,0,Medium,0.0
39195,0.085,0,High,0.0
24642,0.0674,0,Low,0.0
38981,0.9767,1,High,1.0
6683,0.1391,0,Medium,0.0
13583,0.991,1,High,1.0
28068,0.1975,0,High,0.0
1561,0.0624,0,IMP,0.0
14416,0.0657,0,Low,0.0
17069,0.9871,1,IMP,1.0
8321,0.0588,0,Medium,0.0
3720,0.9866,1,High,1.0
49516,0.0498,0,High,0.0
6784,0.0537,0,IMP,0.0
37780,0.9927,1,High,1.0
18519,0.0221,0,Medium,0.0
32141,0.0652,0,IMP,0.0
49104,0.0484,0,High,0.0
44851,0.0694,0,Medium,0.0
35439,0.0453,0,Medium,0.0
929,0.0311,0,Medium,0.0
37809,0.9662,1,Low,1.0
37278,0.0518,0,Medium,0.0
12005,0.049,0,Medium,0.0
17785,0.0689,0,IMP,0.0
30420,0.9785,1,Medium,1.0
46175,0.9819,1,Medium,1.0
24774,0.0539,0,Medium,0.0
5020,0.0428,0,Medium,0.0
7428,0.0826,0,High,0.0
39050,0.9935,1,High,1.0
6677,0.06,0,Medium,0.0
20195,0.0457,0,Medium,0.0
31640,0.0337,0,Medium,0.0
36748,0.0675,0,Medium,0.0
38560,0.0621,0,Medium,0.0
8336,0.9422,1,Low,1.0
49829,0.0428,0,IMP,0.0
7947,0.9799,1,IMP,1.0
30581,0.0566,0,High,0.0
33798,0.0487,0,Low,0.0
10379,0.1126,0,Medium,0.0
27889,0.9704,1,Low,1.0
22924,0.0614,0,Medium,0.0
13247,0.707,1,Low,1.0
43775,0.0494,0,Medium,0.0
11635,0.0931,0,Medium,0.0
40911,0.0377,0,Low,0.0
45579,0.0287,0,Low,0.0
39866,0.8747,1,High,1.0
34972,0.5023,1,Medium,0.0
20787,0.0788,0,Medium,0.0
25638,0.3743,0,Low,0.0
22342,0.0472,0,Medium,0.0
37129,0.9027,1,Low,0.0
4467,0.0464,0,Medium,0.0
42807,0.0305,0,Medium,0.0
47290,0.0375,0,Medium,1.0
24073,0.9999,1,IMP,1.0
35714,0.0342,0,Medium,0.0
3675,0.0259,0,Medium,0.0
20512,0.0533,0,Medium,0.0
26836,0.0491,0,Medium,0.0
10511,0.4144,1,Medium,0.0
4772,0.0475,0,Medium,0.0
20362,0.9496,1,High,1.0
19534,0.055,0,Medium,0.0
43563,0.0318,0,Low,0.0
33603,0.9847,1,Low,1.0
12397,0.0403,0,Medium,0.0
17546,0.0377,0,Medium,0.0
31198,0.9874,1,Medium,1.0
11461,0.3803,0,Medium,1.0
30363,0.0526,0,High,0.0
13364,0.9924,1,High,1.0
25477,0.7822,1,Low,1.0
14903,0.0487,0,Medium,0.0
47866,0.8707,1,Low,1.0
44256,0.0759,0,Medium,0.0
10723,0.9785,1,High,1.0
22940,0.0255,0,Medium,0.0
36705,0.0411,0,Medium,0.0
42136,0.1652,0,Low,0.0
37766,0.0517,0,VIP,0.0
305,0.0505,0,Medium,0.0
43388,0.0557,0,Medium,0.0
29539,0.8715,1,High,1.0
25354,0.0584,0,Medium,0.0
29247,0.8591,1,Low,1.0
28525,0.0365,0,Medium,0.0
5462,0.9805,1,Low,1.0
13474,0.0568,0,Medium,0.0
27621,0.0484,0,Medium,0.0
40235,0.8111,1,Low,1.0
9123,0.0557,0,High,0.0
3755,0.0301,0,Low,0.0
17019,0.0632,0,IMP,0.0
45450,0.0531,0,Medium,0.0
42179,0.5358,0,Low,1.0
2833,0.0653,0,High,0.0
22876,0.0396,0,Medium,0.0
2806,0.0576,0,Medium,0.0
14714,0.0358,0,Medium,0.0
17732,0.0275,0,Medium,0.0
40034,0.9875,1,Low,1.0
49234,0.1309,0,Medium,0.0
5765,0.9922,1,Low,1.0
35201,0.038,0,Medium,0.0
23217,0.6853,1,Low,1.0
29653,0.0267,0,Medium,0.0
25312,0.0969,0,Medium,0.0
10185,0.5418,0,Low,0.0
27083,0.9899,1,High,1.0
17471,0.9893,1,Low,1.0
8721,0.9873,1,High,1.0
20094,0.0502,0,Medium,0.0
16773,0.9851,1,Low,1.0
29049,0.0518,0,Medium,0.0
11751,0.0404,0,Low,0.0
7140,0.0656,0,Low,0.0
39793,0.9834,1,IMP,1.0
10571,0.0283,0,Medium,0.0
10271,0.0379,0,Medium,0.0
11816,0.0711,0,Medium,0.0
31527,0.0497,0,Medium,0.0
4578,0.9359,1,Low,1.0
679,0.0527,0,Medium,0.0
29296,0.0359,0,High,0.0
11605,0.0439,0,Medium,0.0
40261,0.0974,0,Low,0.0
1101,0.0639,0,Medium,0.0
42190,0.1244,0,Medium,0.0
25358,0.9231,1,Low,1.0
23612,0.9842,1,High,1.0
37414,0.0472,0,Medium,0.0
568,0.5871,1,Medium,0.0
10079,0.0496,0,Medium,0.0
10699,0.9898,1,IMP,1.0
43343,0.031,0,Medium,0.0
34794,0.4244,1,Medium,0.0
11554,0.9944,1,High,1.0
39121,0.0531,0,Low,1.0
17109,0.0181,0,Low,0.0
38798,0.0479,0,Medium,0.0
32727,0.245,0,Medium,0.0
23858,0.0444,0,IMP,0.0
9618,0.9908,1,High,1.0
44372,0.0382,0,Medium,0.0
27511,0.0301,0,Low,0.0
48926,0.0604,0,Medium,0.0
3044,0.9126,1,Medium,1.0
47045,0.4997,0,Low,0.0
33402,0.0375,0,Medium,0.0
21698,0.4258,1,High,0.0
17830,0.9984,1,Low,1.0
9964,0.0575,0,High,0.0
41628,0.0459,0,Medium,0.0
40988,0.0663,0,Medium,0.0
8928,0.0555,0,High,0.0
35781,0.9902,1,High,1.0
13955,0.0392,0,Medium,0.0
13024,0.04,0,Medium,0.0
40612,0.0458,0,Medium,0.0
4240,0.9968,1,Low,1.0
11593,0.0579,0,Medium,0.0
15314,0.8762,1,Medium,1.0
4890,0.9913,1,High,1.0
9895,0.9935,1,IMP,1.0
45242,0.2569,0,Low,0.0
45919,0.992,1,High,1.0
15010,0.7865,1,Low,1.0
47168,0.0677,0,High,0.0
8452,0.8902,1,Low,1.0
35901,0.1269,0,Medium,1.0
28692,0.5003,0,Low,1.0
29268,0.9806,1,Low,1.0
34566,0.0767,0,Medium,0.0
28915,0.9788,1,High,1.0
6767,0.0419,0,Medium,0.0
962,0.0532,0,High,0.0
17783,0.0327,0,Medium,0.0
30371,0.0497,0,Medium,0.0
22622,0.9777,1,Medium,1.0
6339,0.044,0,High,0.0
7410,0.0583,0,Medium,0.0
25457,0.0678,0,Medium,0.0
29436,0.0704,0,Low,0.0
23790,0.0814,0,Medium,0.0
42244,0.8499,1,Low,1.0
39298,0.9567,1,Low,1.0
36249,0.0586,0,Medium,0.0
19527,0.0468,0,Low,0.0
39055,0.1053,0,Medium,0.0
36441,0.0378,0,Low,0.0
14634,0.0234,0,Low,0.0
6717,0.9921,1,High,1.0
46992,0.0738,0,High,0.0
48682,0.9451,1,Medium,1.0
25587,0.978,1,High,1.0
4785,0.9671,1,High,1.0
12681,0.9932,1,IMP,1.0
27986,0.0479,0,Medium,0.0
17012,0.0825,0,Medium,0.0
12516,0.2962,0,Low,0.0
34144,0.035,0,Low,0.0
6771,0.0332,0,Medium,0.0
13845,0.0641,0,High,0.0
37674,0.0392,0,High,0.0
18139,0.9952,1,IMP,1.0
42239,0.0513,0,Medium,0.0
19725,0.06,0,Medium,0.0
35888,0.0415,0,IMP,0.0
19165,0.0432,0,Medium,0.0
27430,0.8972,1,Low,1.0
8284,0.0353,0,IMP,0.0
26901,0.9868,1,High,1.0
27006,0.9111,1,IMP,1.0
46205,0.9753,1,Low,1.0
44144,0.9908,1,High,1.0
46579,0.0573,0,Medium,0.0
49925,0.0598,0,Medium,0.0
15381,0.0281,0,Medium,0.0
33622,0.0587,0,Medium,0.0
30097,0.0521,0,Medium,0.0
29538,0.046,0,Medium,0.0
11267,0.0687,0,Low,0.0
23281,0.0434,0,Medium,0.0
24697,0.0422,0,Medium,0.0
41488,0.96,1,Low,1.0
13222,0.3564,0,Low,1.0
12717,0.8816,1,Low,1.0
41831,0.0426,0,High,0.0
8922,0.0456,0,Medium,0.0
27733,0.0617,0,VIP,0.0
25127,0.0673,0,High,0.0
41152,0.0528,0,IMP,0.0
15065,0.0287,0,Low,0.0
13976,0.0439,0,Medium,0.0
11838,0.0547,0,Medium,0.0
28877,0.0699,0,Medium,0.0
42581,0.9584,1,Low,1.0
14543,0.0444,0,Medium,0.0
17214,0.9145,1,Low,1.0
9497,0.9874,1,IMP,1.0
44392,0.9148,1,Low,1.0
7459,0.9913,1,Low,1.0
25634,0.2911,0,Medium,0.0
14908,0.0357,0,High,0.0
18954,0.3001,0,Low,0.0
31031,0.9927,1,High,1.0
5029,0.0324,0,Medium,1.0
5322,0.0423,0,Medium,0.0
49308,0.0518,0,Medium,0.0
32520,0.0476,0,Medium,0.0
25792,0.696,1,Medium,1.0
13744,0.0285,0,Medium,0.0
9514,0.0473,0,Medium,0.0
34867,0.0504,0,Medium,0.0
38686,0.0474,0,Medium,0.0
277,0.0603,0,Medium,0.0
5609,0.0554,0,Medium,0.0
19989,0.0366,0,Medium,1.0
2466,0.0639,0,Medium,0.0
19635,0.9896,1,Low,1.0
23377,0.0125,0,Medium,1.0
25761,0.0369,0,Medium,0.0
13674,0.0489,0,High,0.0
19159,0.0354,0,Medium,0.0
30245,0.5671,1,High,0.0
8536,0.037,0,Medium,0.0
16243,0.0759,0,Medium,0.0
2899,0.535,0,Low,0.0
6804,0.814,1,Medium,0.0
3935,0.1468,0,Medium,0.0
3130,0.1002,0,Medium,0.0
22021,0.2758,0,Medium,0.0
33481,0.0383,0,Medium,0.0
7509,0.0445,0,High,0.0
22985,0.0507,0,IMP,0.0
49404,0.6599,1,Low,1.0
40525,0.0321,0,Medium,0.0
38457,0.8885,1,High,1.0
23938,0.0622,0,Medium,0.0
44457,0.1072,0,Medium,0.0
27057,0.0537,0,High,0.0
10729,0.0421,0,Medium,0.0
34605,0.8528,1,Low,1.0
932,0.0465,0,IMP,0.0
30798,0.0809,0,IMP,0.0
22455,0.6431,1,Low,1.0
14710,0.0445,0,Medium,0.0
1186,0.0556,0,Medium,0.0
4162,0.9804,1,High,1.0
40539,0.0762,0,Medium,0.0
35428,0.953,1,High,1.0
33799,0.0215,0,Medium,0.0
7075,0.0415,0,Medium,0.0
13229,0.0435,0,Medium,0.0
23191,0.1099,0,Medium,0.0
5136,0.1072,0,Medium,0.0
32627,0.7356,1,Low,1.0
45454,0.0437,0,Medium,0.0
2955,0.1049,0,Low,0.0
45325,0.9923,1,High,1.0
47311,0.0279,0,Medium,0.0
3232,0.0545,0,Medium,0.0
20684,0.059,0,IMP,0.0
30810,0.9365,1,Medium,1.0
23262,0.0465,0,Medium,0.0
21860,0.0783,0,IMP,0.0
37887,0.0559,0,High,0.0
30557,0.9882,1,Low,1.0
41154,0.0451,0,Medium,0.0
47648,0.9899,1,IMP,1.0
31149,0.9871,1,IMP,1.0
19945,0.1893,0,Medium,0.0
26978,0.0512,0,VIP,0.0
14562,0.3746,0,Medium,0.0
27128,0.9624,1,Low,1.0
6934,0.3941,0,Low,0.0
11904,0.1685,0,Low,0.0
31674,0.9917,1,IMP,1.0
8682,0.1046,0,Medium,0.0
29205,0.9665,1,Low,1.0
15519,0.9864,1,High,1.0
21149,0.9889,1,Medium,1.0
47751,0.045,0,Medium,0.0
1280,0.0656,0,IMP,0.0
45765,0.0434,0,Medium,1.0
16495,0.9923,1,High,1.0
38014,0.0424,0,Medium,0.0
43302,0.9571,1,Medium,1.0
9548,0.0456,0,Medium,0.0
8084,0.0631,0,Medium,0.0
33535,0.0354,0,Medium,0.0
24914,0.0445,0,Low,0.0
29893,0.0389,0,Low,0.0
8827,0.2674,0,Low,0.0
3190,0.1834,0,Medium,0.0
28716,0.0541,0,Medium,0.0
47413,0.0531,0,Medium,0.0
39396,0.9869,1,Low,1.0
13695,0.046,0,Medium,0.0
33024,0.0292,0,Medium,0.0
11691,0.0555,0,IMP,0.0
48414,0.0402,0,Medium,0.0
40444,0.7767,1,Low,1.0
22201,0.4166,0,Low,1.0
1655,0.041,0,Medium,0.0
35825,0.0707,0,IMP,0.0
23832,0.0443,0,Medium,0.0
1805,0.939,1,Medium,1.0
31547,0.0812,0,High,0.0
30730,0.0438,0,Medium,0.0
7742,0.0368,0,Low,0.0
41199,0.048,0,Medium,0.0
38284,0.0345,0,High,0.0
9709,0.0419,0,Medium,0.0
44799,0.0277,0,Low,0.0
27482,0.9704,1,Low,1.0
9810,0.0402,0,Medium,0.0
19804,0.0766,0,Medium,0.0
7872,0.0989,0,Low,1.0
46673,0.0148,0,Low,0.0
37891,0.9314,1,Low,0.0
6539,0.8687,1,Medium,1.0
34906,0.057,0,IMP,0.0
11999,0.6353,1,Low,1.0
11139,0.9368,1,Low,1.0
15082,0.0516,0,Medium,0.0
17705,0.0468,0,High,0.0
42230,0.9776,1,Medium,1.0
36497,0.8183,1,Medium,0.0
34607,0.9891,1,IMP,1.0
1302,0.1592,0,Low,0.0
11299,0.9962,1,IMP,1.0
26222,0.0358,0,Medium,0.0
20585,0.1402,0,Low,0.0
17828,0.0751,0,Low,0.0
28258,0.9831,1,Medium,1.0
3376,0.9856,1,Low,1.0
35454,0.9864,1,High,1.0
43047,0.0426,0,High,0.0
11735,0.028,0,Low,0.0
10400,0.0618,0,Medium,0.0
42831,0.039,0,Low,0.0
36750,0.9686,1,Low,1.0
15480,0.0507,0,High,0.0
38431,0.9879,1,Medium,1.0
15050,0.082,0,IMP,0.0
29693,0.8347,1,Low,1.0
21161,0.033,0,Medium,0.0
11226,0.0476,0,High,0.0
32796,0.087,0,High,0.0
19366,0.0355,0,Low,0.0
34829,0.0439,0,Medium,0.0
33085,0.0399,0,Low,0.0
20953,0.0456,0,Medium,0.0
8743,0.1192,0,Low,0.0
30233,0.0399,0,Medium,0.0
44733,0.0279,0,Low,0.0
46246,0.9602,1,Low,1.0
178,0.0472,0,IMP,0.0
17089,0.0446,0,High,0.0
45484,0.4555,1,Medium,0.0
11696,0.0347,0,Medium,0.0
43326,0.0569,0,Medium,0.0
18780,0.0289,0,Medium,0.0
40206,0.0341,0,Low,0.0
20467,0.0663,0,Medium,0.0
16377,0.0701,0,IMP,0.0
11482,0.0368,0,IMP,0.0
19940,0.0635,0,Medium,0.0
36322,0.024,0,Medium,0.0
18307,0.0428,0,Low,0.0
34920,0.9939,1,Medium,1.0
19146,0.0389,0,Medium,0.0
30260,0.4443,0,Low,0.0
16695,0.0254,0,Medium,0.0
1787,0.0424,0,Medium,0.0
33865,0.045,0,Medium,0.0
45136,0.2286,0,Low,1.0
15112,0.0343,0,Low,0.0
1724,0.0431,0,Medium,0.0
42192,0.9546,1,Low,1.0
2802,0.9955,1,High,1.0
5887,0.0398,0,Medium,0.0
40015,0.0536,0,Low,0.0
2267,0.993,1,IMP,1.0
31910,0.9897,1,Low,1.0
38233,0.0331,0,Low,0.0
49974,0.9835,1,Low,1.0
30961,0.2958,0,Low,1.0
13093,0.9999,1,VIP,1.0
4144,0.0511,0,High,0.0
28813,0.0579,0,Medium,0.0
29039,0.0363,0,Medium,0.0
4362,0.0641,0,VIP,0.0
36239,0.0771,0,Low,1.0
11979,0.1203,0,Medium,0.0
36601,0.4635,0,Low,1.0
13270,0.2601,0,Low,1.0
39798,0.0859,0,Medium,0.0
10351,0.2331,0,Low,0.0
28345,0.9865,1,Medium,1.0
19192,0.0637,0,High,0.0
1849,0.0427,0,Medium,0.0
7197,0.0691,0,Low,0.0
7334,0.033,0,Medium,1.0
41551,0.9918,1,High,1.0
18469,0.7931,1,Medium,1.0
32440,0.0359,0,Medium,0.0
12730,0.9891,1,Medium,1.0
7707,0.11,0,Medium,0.0
17835,0.0473,0,IMP,0.0
5011,0.0976,0,Medium,0.0
8624,0.0479,0,Medium,0.0
2471,0.2355,0,Low,0.0
37305,0.0491,0,Medium,0.0
38249,0.7441,1,Medium,0.0
2081,0.9292,1,Low,1.0
15858,0.0336,0,Medium,0.0
17858,0.0701,0,Medium,0.0
18025,0.0384,0,Medium,0.0
34914,0.052,0,Medium,0.0
3650,0.0573,0,Medium,0.0
35107,0.2207,0,High,0.0
15694,0.0501,0,Medium,0.0
16859,0.0465,0,Medium,0.0
48896,0.0674,0,High,0.0
46935,0.3262,0,Low,0.0
45662,0.0903,0,Medium,0.0
35456,0.6455,1,Low,1.0
35807,0.0476,0,Medium,1.0
36598,0.0465,0,Medium,0.0
18636,0.047,0,Medium,0.0
25995,0.2012,0,Low,1.0
13380,0.1888,0,Low,1.0
6407,0.0271,0,Low,0.0
6794,0.0468,0,Medium,0.0
38711,0.0587,0,IMP,0.0
33284,0.0224,0,Low,0.0
33843,0.7895,1,Low,0.0
12815,0.0606,0,Medium,0.0
49100,0.98,1,Low,1.0
43303,0.0803,0,Medium,0.0
20204,0.879,1,Medium,0.0
15007,0.0603,0,Medium,0.0
4387,0.0747,0,Low,0.0
5637,0.0415,0,Low,0.0
34382,0.0495,0,Medium,0.0
19511,0.0586,0,High,0.0
26357,0.5967,1,Low,1.0
35500,0.9921,1,Low,1.0
36652,0.3762,0,Low,0.0
33656,0.0557,0,Medium,0.0
49137,0.4073,1,Medium,0.0
12691,0.9923,1,High,1.0
13813,0.0405,0,Medium,0.0
48717,0.0562,0,High,0.0
23506,0.0606,0,Medium,0.0
3276,0.6001,1,High,1.0
248,0.0428,0,Medium,0.0
43830,0.0515,0,Medium,0.0
35105,0.0649,0,Medium,0.0
42045,0.0504,0,Medium,0.0
25681,0.0467,0,Medium,0.0
39042,0.0616,0,Low,0.0
358,0.8966,1,Low,1.0
30574,0.7733,1,Low,0.0
34907,0.0541,0,High,0.0
38749,0.8205,1,Low,1.0
14437,0.0195,0,Low,0.0
28003,0.121,0,Medium,0.0
15676,0.0291,0,Low,0.0
15012,0.8822,1,Medium,1.0
46853,0.9877,1,High,1.0
31939,0.3816,0,Low,0.0
4004,0.9727,1,Medium,1.0
43928,0.0238,0,Low,0.0
6425,0.0212,0,Low,0.0
38030,0.182,0,Low,0.0
29633,0.0233,0,Low,0.0
46364,0.0504,0,High,0.0
37231,0.8091,1,Medium,1.0
14471,0.6971,1,Low,0.0
18475,0.0432,0,Medium,0.0
29473,0.0397,0,Low,0.0
43004,0.0391,0,Medium,0.0
2392,0.0515,0,High,0.0
11926,0.0506,0,Medium,0.0
38071,0.0621,0,High,0.0
13013,0.2627,0,Medium,0.0
14897,0.0464,0,IMP,0.0
18358,0.0588,0,Medium,0.0
21519,0.0548,0,Medium,0.0
10022,0.0933,0,Low,0.0
5245,0.4146,1,Medium,0.0
16576,0.0553,0,IMP,0.0
48588,0.0519,0,Medium,1.0
30928,0.9864,1,IMP,1.0
10272,0.0452,0,Medium,0.0
8027,0.9715,1,Low,1.0
40239,0.0372,0,Medium,0.0
28913,0.041,0,Low,0.0
43993,0.9815,1,High,1.0
2953,0.9681,1,Medium,0.0
11806,0.9466,1,Low,1.0
17436,0.9928,1,High,1.0
1453,0.9768,1,High,1.0
25742,0.0561,0,High,1.0
25810,0.0375,0,Medium,0.0
27974,0.0771,0,Medium,0.0
3597,0.0649,0,High,0.0
13870,0.9536,1,Medium,1.0
27096,0.0321,0,VIP,0.0
3978,0.0411,0,Low,0.0
21464,0.0873,0,Medium,0.0
25372,0.025,0,Medium,0.0
2061,0.0643,0,Medium,0.0
21989,0.9674,1,Low,1.0
49850,0.1717,0,Low,0.0
46229,0.954,1,Medium,1.0
6465,0.039,0,Medium,0.0
23261,0.073,0,Low,0.0
43201,0.0489,0,Medium,0.0
31962,0.8951,1,Medium,1.0
44517,0.0337,0,Medium,0.0
48715,0.1344,0,Medium,1.0
23432,0.9559,1,Medium,1.0
17712,0.9937,1,IMP,1.0
5599,0.722,1,Low,0.0
23839,0.0543,0,Low,0.0
41057,0.0484,0,Medium,0.0
39654,0.5444,1,Medium,1.0
35803,0.0431,0,High,0.0
49179,0.9015,1,High,1.0
11524,0.0549,0,Medium,0.0
27159,0.0368,0,Low,0.0
25750,0.0577,0,IMP,0.0
26859,0.0579,0,High,0.0
39454,0.8203,1,Medium,1.0
655,0.5884,1,Medium,1.0
19048,0.0576,0,Medium,0.0
13933,0.0332,0,Medium,0.0
49949,0.0465,0,High,1.0
45096,0.0474,0,Medium,0.0
37176,0.0593,0,IMP,1.0
33743,0.9895,1,IMP,1.0
40169,0.924,1,Medium,1.0
12631,0.0952,0,Medium,0.0
26145,0.021,0,Low,0.0
28012,0.0979,0,Low,0.0
37128,0.8261,1,Medium,1.0
45215,0.0505,0,High,0.0
43744,0.0355,0,Medium,0.0
5148,0.9887,1,High,1.0
10011,0.0533,0,Medium,0.0
28368,0.0567,0,Medium,0.0
15928,0.0452,0,High,0.0
12,0.0475,0,Medium,0.0
18232,0.9246,1,Low,1.0
30595,0.1688,0,Medium,0.0
7767,0.9855,1,Medium,1.0
38274,0.0356,0,Medium,0.0
34478,0.0464,0,High,0.0
9996,0.0603,0,Medium,0.0
12915,0.1096,0,Medium,0.0
22002,0.0466,0,Medium,0.0
25353,0.0348,0,High,0.0
24772,0.0602,0,Medium,0.0
40941,0.994,1,IMP,1.0
9447,0.0535,0,Medium,0.0
1696,0.0639,0,Low,0.0
36293,0.9912,1,High,1.0
26095,0.0659,0,Medium,0.0
38666,0.0413,0,High,0.0
49938,0.057,0,Low,0.0
15830,0.0998,0,Low,0.0
2129,0.0596,0,High,0.0
39819,0.0568,0,Medium,0.0
31882,0.4582,1,Medium,1.0
32659,0.0241,0,Low,0.0
15825,0.0547,0,IMP,0.0
5627,0.0614,0,IMP,0.0
28494,0.1258,0,Medium,0.0
19537,0.0563,0,Medium,0.0
21090,0.1629,0,Medium,0.0
8608,0.0369,0,Medium,0.0
32646,0.0127,0,Low,0.0
659,0.9912,1,High,1.0
35711,0.0512,0,Medium,0.0
8983,0.9717,1,Low,1.0
22683,0.0934,0,High,0.0
23458,0.0443,0,Medium,0.0
44917,0.9923,1,VIP,1.0
21160,0.0565,0,Medium,0.0
45161,0.0516,0,Medium,0.0
11091,0.5559,1,Low,1.0
49064,0.0381,0,Medium,0.0
49116,0.0718,0,High,0.0
36451,0.0833,0,Medium,0.0
14101,0.0478,0,Medium,0.0
30134,0.056,0,Medium,0.0
307,0.7366,1,Low,1.0
13122,0.0682,0,Medium,0.0
25541,0.0551,0,Low,0.0
35939,0.9879,1,Medium,1.0
35232,0.9922,1,High,1.0
42401,0.0498,0,Medium,0.0
38663,0.0543,0,Medium,0.0
25394,0.0601,0,IMP,1.0
40395,0.0565,0,Low,0.0
41752,0.0705,0,Medium,0.0
45998,0.9914,1,Low,1.0
2282,0.0604,0,Medium,0.0
22684,0.0359,0,Low,0.0
41420,0.9923,1,VIP,1.0
26495,0.1814,0,Low,0.0
43522,0.9887,1,IMP,1.0
17686,0.0228,0,Low,0.0
31438,0.1363,0,Low,0.0
49933,0.0617,0,Medium,0.0
46099,0.9492,1,Low,1.0
15592,0.0535,0,Medium,0.0
32618,0.0476,0,Medium,0.0
44356,0.1828,0,Low,0.0
29915,0.0727,0,Medium,0.0
29395,0.0771,0,IMP,0.0
17137,0.0649,0,High,0.0
26982,0.9922,1,High,1.0
14383,0.2631,0,Medium,1.0
44928,0.9935,1,High,1.0
25803,0.0256,0,Medium,0.0
29541,0.9577,1,High,1.0
42208,0.0418,0,Medium,0.0
14521,0.0521,0,Low,0.0
48241,0.9628,1,IMP,1.0
21593,0.0538,0,High,0.0
35986,0.1496,0,Low,0.0
37022,0.4858,0,Low,1.0
42698,0.0545,0,Medium,0.0
9429,0.0607,0,Medium,0.0
48187,0.0781,0,Medium,0.0
28333,0.0438,0,Medium,0.0
47805,0.2975,0,Medium,0.0
41317,0.0525,0,Medium,1.0
31758,0.0878,0,High,0.0
36287,0.1175,0,Medium,0.0
23892,0.05,0,Medium,0.0
8351,0.9906,1,High,1.0
16988,0.0649,0,High,0.0
30729,0.1602,0,Medium,0.0
9664,0.059,0,Medium,0.0
43230,0.0717,0,Low,0.0
46746,0.1044,0,Low,0.0
34170,0.0911,0,High,0.0
3165,0.0609,0,High,0.0
48825,0.07,0,Medium,1.0
44384,0.071,0,High,1.0
19731,0.0451,0,Medium,0.0
24196,0.0286,0,Medium,0.0
46498,0.0953,0,Low,0.0
47653,0.2877,0,Medium,0.0
25791,0.9842,1,High,1.0
17989,0.0538,0,High,0.0
41665,0.0529,0,Medium,0.0
35436,0.0533,0,Medium,0.0
32234,0.9921,1,Low,1.0
12021,0.0516,0,Medium,0.0
25341,0.0357,0,Low,0.0
21495,0.313,0,Medium,0.0
31734,0.0251,0,Medium,0.0
11279,0.0866,0,Medium,0.0
34031,0.0553,0,Medium,0.0
28796,0.0516,0,IMP,0.0
42594,0.044,0,Medium,0.0
47548,0.093,0,Medium,0.0
36168,0.5287,1,Medium,1.0
33632,0.0463,0,Medium,0.0
14316,0.0956,0,Medium,0.0
33372,0.0411,0,Medium,0.0
4142,0.0263,0,Low,0.0
10144,0.1481,0,Medium,0.0
11046,0.0968,0,Medium,0.0
33621,0.2024,0,Low,0.0
24252,0.0645,0,Medium,0.0
37079,0.113,0,Medium,0.0
46016,0.0752,0,High,0.0
20220,0.0246,0,Low,0.0
8816,0.885,1,Low,1.0
22306,0.0291,0,Low,0.0
33566,0.0742,0,Low,0.0
36802,0.0783,0,Medium,0.0
14752,0.0358,0,Medium,0.0
38564,0.9898,1,Medium,1.0
38787,0.0725,0,Low,0.0
26532,0.9941,1,High,1.0
3413,0.0739,0,High,0.0
25722,0.0453,0,Medium,0.0
12685,0.9944,1,IMP,1.0
27085,0.7963,1,Low,1.0
35046,0.0591,0,Medium,0.0
10502,0.5429,0,Low,1.0
2224,0.9925,1,IMP,1.0
32004,0.2779,0,Low,0.0
16586,0.0375,0,Low,0.0
12446,0.0428,0,Medium,0.0
29882,0.0508,0,High,0.0
45950,0.0932,0,Medium,0.0
5103,0.0346,0,Medium,0.0
41984,0.0642,0,Medium,0.0
7545,0.9945,1,IMP,1.0
33700,0.037,0,High,0.0
40580,0.044,0,Medium,0.0
15219,0.0906,0,Medium,0.0
30475,0.9946,1,IMP,1.0
3123,0.0242,0,Medium,0.0
16597,0.8787,1,Low,1.0
3607,0.0596,0,IMP,0.0
45676,0.2268,0,Low,0.0
16054,0.0498,0,IMP,0.0
37249,0.0693,0,Medium,0.0
22347,0.0528,0,Medium,0.0
14008,0.0815,0,IMP,0.0
41636,0.0515,0,Medium,0.0
48526,0.1515,0,Medium,0.0
35523,0.0766,0,Low,0.0
45907,0.057,0,Medium,0.0
15237,0.0404,0,Low,0.0
26170,0.0345,0,Medium,0.0
24075,0.0496,0,Medium,0.0
31772,0.8935,1,Low,1.0
7307,0.9918,1,High,1.0
19243,0.0804,0,Low,0.0
2472,0.9811,1,Low,1.0
21169,0.0505,0,Medium,0.0
45865,0.0352,0,High,0.0
5447,0.029,0,Medium,0.0
22189,0.9484,1,Low,1.0
8148,0.0468,0,Medium,0.0
39521,0.9942,1,High,1.0
37557,0.0579,0,Medium,0.0
2523,0.6696,1,Low,1.0
5146,0.9825,1,High,1.0
35828,0.0515,0,High,0.0
36193,0.1236,0,Low,0.0
1132,0.0343,0,Medium,0.0
28640,0.0552,0,IMP,0.0
40207,0.7681,1,Low,1.0
13056,0.0686,0,IMP,0.0
33490,0.0713,0,Low,0.0
34792,0.2704,0,Low,1.0
42349,0.4282,0,Low,0.0
10062,0.0461,0,High,0.0
1600,0.8709,1,Medium,1.0
6278,0.991,1,Low,1.0
32348,0.0303,0,Medium,0.0
43474,0.049,0,Medium,0.0
35606,0.7222,1,Medium,1.0
37878,0.0655,0,Medium,0.0
44735,0.9048,1,Low,1.0
41840,0.2986,0,Medium,1.0
47573,0.9852,1,High,1.0
969,0.9777,1,Medium,1.0
13385,0.8182,1,Medium,0.0
42991,0.9907,1,IMP,1.0
22561,0.0559,0,High,0.0
31989,0.0461,0,VIP,0.0
30545,0.0803,0,High,0.0
24938,0.7724,1,Medium,1.0
25831,0.9663,1,High,1.0
1338,0.0703,0,High,0.0
19201,0.1307,0,IMP,0.0
31272,0.5961,1,Low,1.0
45149,0.0537,0,Medium,0.0
755,0.0368,0,Medium,0.0
34810,0.9845,1,Medium,1.0
47441,0.0627,0,Medium,0.0
47925,0.0492,0,Medium,0.0
24947,0.0582,0,Medium,0.0
16034,0.1191,0,Medium,0.0
49290,0.0314,0,Medium,0.0
17099,0.9845,1,High,1.0
37942,0.0589,0,Low,0.0
43446,0.0549,0,Medium,0.0
16954,0.0508,0,Low,0.0
41916,0.057,0,Medium,0.0
41302,0.0437,0,Low,0.0
40913,0.0559,0,Medium,0.0
6326,0.0533,0,Medium,0.0
26947,0.0373,0,Low,0.0
42185,0.0477,0,Medium,0.0
32680,0.9932,1,IMP,1.0
37444,0.0297,0,Medium,0.0
17833,0.0445,0,Low,0.0
10188,0.0608,0,Low,0.0
23754,0.0708,0,Low,0.0
48866,0.9811,1,Medium,1.0
21056,0.9586,1,Low,1.0
36911,0.0369,0,Low,0.0
48005,0.0407,0,Low,0.0
18567,0.965,1,Medium,1.0
40316,0.0581,0,IMP,0.0
33616,0.1382,0,Low,1.0
31907,0.043,0,Low,0.0
34611,0.9746,1,Low,1.0
17106,0.0215,0,Low,0.0
14119,0.0583,0,High,0.0
25680,0.0371,0,Medium,0.0
43615,0.0557,0,Medium,0.0
47712,0.1513,0,Low,0.0
37260,0.0585,0,IMP,0.0
6516,0.0507,0,Medium,0.0
20146,0.0301,0,Medium,0.0
40517,0.0654,0,High,0.0
10989,0.0515,0,Medium,0.0
2949,0.0559,0,Medium,0.0
15113,0.4451,0,Low,1.0
5730,0.2396,0,Low,0.0
19168,0.046,0,Medium,0.0
19384,0.0386,0,Medium,0.0
26968,0.0618,0,High,0.0
23302,0.2066,0,Medium,0.0
48656,0.0422,0,Medium,0.0
39040,0.9815,1,Low,1.0
39205,0.9856,1,High,1.0
47222,0.8324,1,Low,1.0
20781,0.0514,0,IMP,0.0
48243,0.0611,0,VIP,0.0
23204,0.0248,0,Low,0.0
45438,0.0457,0,Low,0.0
5152,0.0473,0,Medium,0.0
34499,0.0342,0,Medium,0.0
37416,0.054,0,High,0.0
30616,0.0494,0,Low,0.0
7642,0.0575,0,Medium,0.0
21362,0.1505,0,Medium,0.0
15558,0.25,0,Low,0.0
14503,0.0361,0,Medium,0.0
26507,0.0523,0,Medium,0.0
42359,0.0512,0,Medium,0.0
41537,0.0384,0,Medium,1.0
9766,0.0176,0,Medium,0.0
39348,0.0566,0,High,0.0
35791,0.0583,0,Medium,0.0
13959,0.9892,1,IMP,1.0
49083,0.9579,1,Low,1.0
33096,0.0462,0,Medium,0.0
38259,0.6483,1,Low,1.0
32316,0.9865,1,High,1.0
11392,0.0439,0,Medium,0.0
48368,0.9618,1,High,1.0
35720,0.0408,0,Medium,0.0
21854,0.124,0,Low,0.0
22319,0.6991,1,Low,1.0
7651,0.922,1,Low,1.0
1812,0.0738,0,Medium,0.0
35740,0.0692,0,High,0.0
41996,0.1423,0,High,0.0
10567,0.0369,0,Medium,0.0
37016,0.2626,0,Low,0.0
27478,0.0436,0,Medium,0.0
19191,0.0518,0,High,0.0
29809,0.0605,0,High,1.0
49820,0.0497,0,Medium,0.0
3399,0.0896,0,Medium,0.0
42603,0.0364,0,Medium,0.0
43307,0.1214,0,Medium,0.0
22543,0.9908,1,High,1.0
11555,0.0349,0,Medium,0.0
23492,0.0581,0,Medium,0.0
16423,0.0627,0,High,0.0
4305,0.0579,0,Medium,0.0
36398,0.988,1,Medium,1.0
29922,0.9858,1,High,1.0
38826,0.0798,0,Medium,0.0
31838,0.0509,0,Medium,0.0
42309,0.0305,0,Medium,0.0
23699,0.0226,0,Low,1.0
35550,0.0971,0,Medium,0.0
7859,0.9933,1,IMP,1.0
24014,0.8097,1,Medium,1.0
2700,0.8637,1,Low,1.0
41272,0.0324,0,Medium,0.0
38035,0.1262,0,Medium,0.0
15090,0.0702,0,Medium,0.0
18422,0.0518,0,High,0.0
27438,0.0412,0,Medium,0.0
28148,0.0268,0,Low,0.0
14364,0.9917,1,High,1.0
23842,0.0672,0,High,0.0
32696,0.0637,0,Low,0.0
17820,0.0635,0,Low,0.0
15948,0.0811,0,Medium,0.0
18352,0.2678,0,Low,0.0
31900,0.9755,1,Low,1.0
2097,0.0481,0,High,0.0
27280,0.9362,1,Low,1.0
47405,0.0439,0,Medium,0.0
15261,0.9416,1,Low,1.0
26072,0.4298,0,Low,1.0
43998,0.0569,0,Medium,0.0
37883,0.9939,1,IMP,1.0
19571,0.1377,0,Medium,0.0
3240,0.9844,1,High,1.0
7935,0.0425,0,Low,0.0
21516,0.0873,0,Low,0.0
46804,0.9799,1,High,1.0
202,0.0498,0,Low,0.0
30770,0.0416,0,Medium,0.0
32701,0.9926,1,High,1.0
40191,0.0498,0,High,0.0
37452,0.0749,0,IMP,0.0
8547,0.0332,0,Low,0.0
46021,0.0614,0,IMP,0.0
17879,0.0542,0,High,0.0
5886,0.9758,1,Low,1.0
40921,0.0509,0,Medium,0.0
41616,0.9675,1,Low,1.0
14981,0.2056,0,Low,0.0
33225,0.0478,0,Medium,0.0
46272,0.776,1,Low,1.0
44904,0.9886,1,Medium,1.0
38458,0.9859,1,VIP,1.0
34339,0.0319,0,Medium,0.0
47129,0.0608,0,Medium,0.0
44682,0.0478,0,Low,0.0
42571,0.0479,0,Medium,0.0
46850,0.0512,0,Medium,0.0
17327,0.9914,1,IMP,1.0
48839,0.0555,0,Medium,0.0
41648,0.9897,1,High,1.0
33193,0.0432,0,High,0.0
37625,0.0576,0,Medium,0.0
18199,0.0435,0,Medium,0.0
13886,0.0413,0,Medium,0.0
32178,0.0544,0,High,0.0
33413,0.0725,0,IMP,1.0
7605,0.9635,1,Low,0.0
13343,0.9761,1,High,1.0
2970,0.9873,1,High,1.0
42118,0.9933,1,Medium,1.0
44198,0.8906,1,Medium,1.0
16208,0.9763,1,Low,1.0
38438,0.0396,0,High,0.0
33369,0.042,0,High,0.0
45124,0.0599,0,Medium,0.0
4838,0.0482,0,IMP,0.0
42002,0.642,1,Low,1.0
41861,0.8102,1,Low,1.0
8748,0.8633,1,Medium,1.0
26024,0.0569,0,IMP,0.0
11309,0.0401,0,Low,0.0
2352,0.1072,0,Medium,0.0
33345,0.0449,0,Medium,0.0
31801,0.0547,0,High,0.0
38289,0.0935,0,Medium,0.0
33776,0.1123,0,Medium,0.0
37397,0.0291,0,Medium,0.0
13726,0.0319,0,Medium,0.0
48980,0.0342,0,Low,0.0
46713,0.0622,0,Medium,0.0
28272,0.04,0,Medium,0.0
24008,0.0405,0,Medium,0.0
7071,0.0544,0,Medium,0.0
13649,0.0619,0,IMP,0.0
44137,0.9918,1,High,1.0
7778,0.842,1,Medium,1.0
48922,0.9972,1,High,1.0
16013,0.1915,0,Medium,1.0
