customer_index,segment,churn_probability,persona,secondary_persona,priority,driver_1,driver_2,driver_3,recommended_actions
16252,Low,0.7661,Price Sensitive Shopper,Disengaged Customer,Minimal,Cart_Abandonment_Rate,Email_Open_Rate,Mobile_App_Usage,Sale Notification
25344,IMP,0.9945,Frustrated Customer,Dormant Customer,High,Customer_Service_Calls,Returns_Rate,Days_Since_Last_Purchase,Priority Support | Service Recovery Campaign
28604,Medium,0.9724,Price Sensitive Shopper,Frustrated Customer,Low,Cart_Abandonment_Rate,Customer_Service_Calls,Email_Open_Rate,Promotional Campaign
22074,High,0.9958,Frustrated Customer,Disengaged Customer,Medium,Customer_Service_Calls,Email_Open_Rate,Returns_Rate,Service Recovery Campaign
21183,Low,0.5827,Frustrated Customer,Disengaged Customer,Minimal,Customer_Service_Calls,Purchase_Frequency,Days_Since_Last_Purchase,Feedback Request
45057,Medium,0.9868,Price Sensitive Shopper,Frustrated Customer,Low,Age,Discount_Usage_Rate,Returns_Rate,Promotional Campaign
5571,High,0.9914,Frustrated Customer,Price Sensitive Shopper,Medium,Customer_Service_Calls,Total_Purchases,Average_Order_Value,Service Recovery Campaign
26695,High,0.9779,Frustrated Customer,Disengaged Customer,Medium,Customer_Service_Calls,Returns_Rate,Cart_Abandonment_Rate,Service Recovery Campaign
5913,Medium,0.531,Disengaged Customer,Frustrated Customer,Low,Customer_Service_Calls,Email_Open_Rate,Mobile_App_Usage,Re-engagement Email
24257,High,0.9923,Frustrated Customer,Price Sensitive Shopper,Medium,Customer_Service_Calls,Discount_Usage_Rate,Total_Purchases,Service Recovery Campaign
36131,High,0.9938,Frustrated Customer,Dormant Customer,Medium,Customer_Service_Calls,LTV_Per_Purchase,Total_Purchases,Service Recovery Campaign
2808,Low,0.8106,Disengaged Customer,Price Sensitive Shopper,Minimal,Cart_Abandonment_Rate,Email_Open_Rate,Wishlist_Items,Newsletter
19316,Medium,0.9035,Dormant Customer,Price Sensitive Shopper,Low,Purchase_Frequency,Days_Since_Last_Purchase,Email_Open_Rate,Automated Re-engagement Email
43709,Medium,0.914,Price Sensitive Shopper,Frustrated Customer,Low,Age,Discount_Usage_Rate,Customer_Service_Calls,Promotional Campaign
7328,Low,0.9589,Price Sensitive Shopper,Disengaged Customer,Minimal,Age,Discount_Usage_Rate,Cart_Abandonment_Rate,Sale Notification
938,High,0.9854,Frustrated Customer,Price Sensitive Shopper,Medium,Customer_Service_Calls,Discount_Usage_Rate,Total_Purchases,Service Recovery Campaign
44875,Low,0.6215,Price Sensitive Shopper,Disengaged Customer,Minimal,Cart_Abandonment_Rate,Age,Mobile_App_Usage,Sale Notification
36692,High,0.9998,Frustrated Customer,Price Sensitive Shopper,Medium,Age,Customer_Service_Calls,Discount_Usage_Rate,Service Recovery Campaign
32633,Medium,0.9768,Price Sensitive Shopper,Dormant Customer,Low,Age,Discount_Usage_Rate,Purchase_Frequency,Promotional Campaign
14408,Low,0.9214,Frustrated Customer,Price Sensitive Shopper,Minimal,Cart_Abandonment_Rate,Returns_Rate,Customer_Service_Calls,Feedback Request
2384,High,0.9863,Frustrated Customer,Dormant Customer,Medium,Customer_Service_Calls,Days_Since_Last_Purchase,LTV_Per_Purchase,Service Recovery Campaign
33075,Low,0.6949,Dormant Customer,Disengaged Customer,Minimal,Purchase_Frequency,Days_Since_Last_Purchase,Wishlist_Items,Newsletter Reminder
18126,IMP,0.9872,Frustrated Customer,Price Sensitive Shopper,High,Customer_Service_Calls,Days_Since_Last_Purchase,Product_Reviews_Written,Priority Support | Service Recovery Campaign
40368,High,0.9855,Frustrated Customer,Price Sensitive Shopper,Medium,Customer_Service_Calls,Discount_Usage_Rate,Returns_Rate,Service Recovery Campaign
2879,High,0.9915,Frustrated Customer,Price Sensitive Shopper,Medium,Customer_Service_Calls,Discount_Usage_Rate,LTV_Per_Purchase,Service Recovery Campaign
7596,Low,0.7121,Frustrated Customer,Price Sensitive Shopper,Minimal,Cart_Abandonment_Rate,Age,Returns_Rate,Feedback Request
17303,Low,0.9979,Price Sensitive Shopper,Frustrated Customer,Minimal,Age,Discount_Usage_Rate,Cart_Abandonment_Rate,Sale Notification
20614,Low,0.626,Frustrated Customer,Disengaged Customer,Minimal,Customer_Service_Calls,Purchase_Frequency,Returns_Rate,Feedback Request
40945,Low,0.9135,Price Sensitive Shopper,Disengaged Customer,Minimal,Cart_Abandonment_Rate,Email_Open_Rate,Returns_Rate,Sale Notification
48224,Medium,0.9872,Price Sensitive Shopper,Frustrated Customer,Low,Age,Discount_Usage_Rate,Customer_Service_Calls,Promotional Campaign
13042,Low,0.6411,Price Sensitive Shopper,Disengaged Customer,Minimal,Cart_Abandonment_Rate,Email_Open_Rate,Login_Frequency,Sale Notification
33543,Low,0.994,Price Sensitive Shopper,Disengaged Customer,Minimal,Age,Discount_Usage_Rate,Cart_Abandonment_Rate,Sale Notification
18864,Low,0.8516,Disengaged Customer,Frustrated Customer,Minimal,Email_Open_Rate,Customer_Service_Calls,Cart_Abandonment_Rate,Newsletter
49712,Medium,0.7215,Dormant Customer,Disengaged Customer,Low,Purchase_Frequency,Days_Since_Last_Purchase,Email_Open_Rate,Automated Re-engagement Email
5982,Low,0.6051,Frustrated Customer,Disengaged Customer,Minimal,Customer_Service_Calls,Email_Open_Rate,Cart_Abandonment_Rate,Feedback Request
49159,Low,0.6568,Frustrated Customer,Disengaged Customer,Minimal,Cart_Abandonment_Rate,Customer_Service_Calls,Returns_Rate,Feedback Request
30843,Low,0.9577,Disengaged Customer,Price Sensitive Shopper,Minimal,Cart_Abandonment_Rate,Email_Open_Rate,Purchase_Frequency,Newsletter
27212,High,0.9894,Frustrated Customer,Dormant Customer,Medium,Customer_Service_Calls,Returns_Rate,LTV_Per_Purchase,Service Recovery Campaign
28441,Medium,0.5617,Frustrated Customer,Price Sensitive Shopper,Low,Cart_Abandonment_Rate,Age,Customer_Service_Calls,Customer Feedback Survey
39751,High,0.9885,Frustrated Customer,Price Sensitive Shopper,Medium,Customer_Service_Calls,Total_Purchases,LTV_Per_Purchase,Service Recovery Campaign
14523,IMP,0.9867,Frustrated Customer,Price Sensitive Shopper,High,Customer_Service_Calls,LTV_Per_Purchase,Average_Order_Value,Priority Support | Service Recovery Campaign
14545,Low,0.9192,Price Sensitive Shopper,Disengaged Customer,Minimal,Cart_Abandonment_Rate,Age,Customer_Service_Calls,Sale Notification
13174,Low,0.644,Dormant Customer,Price Sensitive Shopper,Minimal,Days_Since_Last_Purchase,Cart_Abandonment_Rate,Purchase_Frequency,Newsletter Reminder
13833,High,0.9931,Frustrated Customer,Price Sensitive Shopper,Medium,Customer_Service_Calls,Discount_Usage_Rate,LTV_Per_Purchase,Service Recovery Campaign
19669,Low,0.9412,Price Sensitive Shopper,Frustrated Customer,Minimal,Cart_Abandonment_Rate,Purchase_Frequency,Customer_Service_Calls,Sale Notification
43500,Low,0.6921,Disengaged Customer,Price Sensitive Shopper,Minimal,Cart_Abandonment_Rate,Email_Open_Rate,Customer_Service_Calls,Newsletter
13957,High,0.9658,Frustrated Customer,Price Sensitive Shopper,Medium,Customer_Service_Calls,Discount_Usage_Rate,LTV_Per_Purchase,Service Recovery Campaign
39349,IMP,0.9912,Frustrated Customer,Price Sensitive Shopper,High,Customer_Service_Calls,Discount_Usage_Rate,Total_Purchases,Priority Support | Service Recovery Campaign
26616,Low,0.8542,Price Sensitive Shopper,Frustrated Customer,Minimal,Age,Discount_Usage_Rate,Customer_Service_Calls,Sale Notification
43888,IMP,0.9887,Frustrated Customer,Price Sensitive Shopper,High,Customer_Service_Calls,Returns_Rate,Discount_Usage_Rate,Priority Support | Service Recovery Campaign
9334,Low,0.9347,Disengaged Customer,Price Sensitive Shopper,Minimal,Cart_Abandonment_Rate,Email_Open_Rate,Pages_Per_Session,Newsletter
26613,High,0.9947,Frustrated Customer,Disengaged Customer,Medium,Customer_Service_Calls,Returns_Rate,LTV_Per_Purchase,Service Recovery Campaign
25667,Low,0.7547,Dormant Customer,Disengaged Customer,Minimal,Purchase_Frequency,Days_Since_Last_Purchase,Customer_Service_Calls,Newsletter Reminder
10131,Low,0.9504,Frustrated Customer,Disengaged Customer,Minimal,Purchase_Frequency,Customer_Service_Calls,Pages_Per_Session,Feedback Request
16218,Low,0.9506,Price Sensitive Shopper,Disengaged Customer,Minimal,Cart_Abandonment_Rate,Email_Open_Rate,Customer_Service_Calls,Sale Notification
6312,Low,0.9965,Dormant Customer,Price Sensitive Shopper,Minimal,Purchase_Frequency,Returns_Rate,Days_Since_Last_Purchase,Newsletter Reminder
17208,Medium,0.9845,Disengaged Customer,Price Sensitive Shopper,Low,Cart_Abandonment_Rate,Email_Open_Rate,Customer_Service_Calls,Re-engagement Email
8301,Medium,0.7391,Frustrated Customer,Disengaged Customer,Low,Cart_Abandonment_Rate,Customer_Service_Calls,Pages_Per_Session,Customer Feedback Survey
204,Medium,0.5697,Frustrated Customer,Disengaged Customer,Low,Cart_Abandonment_Rate,Customer_Service_Calls,Email_Open_Rate,Customer Feedback Survey
757,High,0.9908,Frustrated Customer,Price Sensitive Shopper,Medium,Customer_Service_Calls,Total_Purchases,LTV_Per_Purchase,Service Recovery Campaign
26965,High,0.9901,Frustrated Customer,Price Sensitive Shopper,Medium,Customer_Service_Calls,Discount_Usage_Rate,Average_Order_Value,Service Recovery Campaign
38892,High,0.9779,Frustrated Customer,Disengaged Customer,Medium,Customer_Service_Calls,Cart_Abandonment_Rate,Email_Open_Rate,Service Recovery Campaign
10149,IMP,0.9869,Frustrated Customer,Disengaged Customer,High,Customer_Service_Calls,Email_Open_Rate,LTV_Per_Purchase,Priority Support | Service Recovery Campaign
3944,Low,0.5624,Price Sensitive Shopper,Disengaged Customer,Minimal,Cart_Abandonment_Rate,Email_Open_Rate,Product_Reviews_Written,Sale Notification
10488,IMP,0.9856,Frustrated Customer,Price Sensitive Shopper,High,Customer_Service_Calls,Discount_Usage_Rate,LTV_Per_Purchase,Priority Support | Service Recovery Campaign
17966,Low,0.6349,Dormant Customer,Disengaged Customer,Minimal,Purchase_Frequency,Days_Since_Last_Purchase,Login_Frequency,Newsletter Reminder
48141,Low,0.9317,Price Sensitive Shopper,Disengaged Customer,Minimal,Cart_Abandonment_Rate,Email_Open_Rate,Purchase_Frequency,Sale Notification
45287,Low,0.8244,Price Sensitive Shopper,Disengaged Customer,Minimal,Cart_Abandonment_Rate,Customer_Service_Calls,Login_Frequency,Sale Notification
31238,High,0.9912,Frustrated Customer,Price Sensitive Shopper,Medium,Customer_Service_Calls,LTV_Per_Purchase,Average_Order_Value,Service Recovery Campaign
49008,Low,0.9407,Price Sensitive Shopper,Frustrated Customer,Minimal,Purchase_Frequency,Cart_Abandonment_Rate,Customer_Service_Calls,Sale Notification
45830,Low,0.6413,Frustrated Customer,Price Sensitive Shopper,Minimal,Cart_Abandonment_Rate,Returns_Rate,Customer_Service_Calls,Feedback Request
20813,High,0.9911,Frustrated Customer,Dormant Customer,Medium,Customer_Service_Calls,Total_Purchases,LTV_Per_Purchase,Service Recovery Campaign
5014,Low,0.9285,Price Sensitive Shopper,Disengaged Customer,Minimal,Cart_Abandonment_Rate,Purchase_Frequency,Customer_Service_Calls,Sale Notification
6748,Low,0.8551,Disengaged Customer,Frustrated Customer,Minimal,Email_Open_Rate,Customer_Service_Calls,Session_Duration_Avg,Newsletter
19398,Medium,0.9831,Price Sensitive Shopper,Dormant Customer,Low,Age,Discount_Usage_Rate,Total_Purchases,Promotional Campaign
27223,Low,0.9806,Disengaged Customer,Price Sensitive Shopper,Minimal,Cart_Abandonment_Rate,Email_Open_Rate,Customer_Service_Calls,Newsletter
6980,Medium,0.9632,Price Sensitive Shopper,Disengaged Customer,Low,Age,Discount_Usage_Rate,Cart_Abandonment_Rate,Promotional Campaign
19047,Low,0.7705,Disengaged Customer,Price Sensitive Shopper,Minimal,Cart_Abandonment_Rate,Email_Open_Rate,Customer_Service_Calls,Newsletter
6399,Medium,0.741,Disengaged Customer,Frustrated Customer,Low,Customer_Service_Calls,Session_Duration_Avg,Age,Re-engagement Email
2640,Low,0.993,Frustrated Customer,Disengaged Customer,Minimal,Cart_Abandonment_Rate,Purchase_Frequency,Returns_Rate,Feedback Request
16997,Medium,0.4221,Disengaged Customer,Dormant Customer,Low,Email_Open_Rate,Cart_Abandonment_Rate,Days_Since_Last_Purchase,Re-engagement Email
12068,Low,0.8718,Frustrated Customer,Disengaged Customer,Minimal,Returns_Rate,Email_Open_Rate,Customer_Service_Calls,Feedback Request
26811,Medium,0.9895,Price Sensitive Shopper,Disengaged Customer,Low,Age,Discount_Usage_Rate,Total_Purchases,Promotional Campaign
4708,Low,0.9236,Disengaged Customer,Frustrated Customer,Minimal,Customer_Service_Calls,Email_Open_Rate,Cart_Abandonment_Rate,Newsletter
1762,Low,0.9,Price Sensitive Shopper,Disengaged Customer,Minimal,Purchase_Frequency,Cart_Abandonment_Rate,Wishlist_Items,Sale Notification
36309,High,0.739,Frustrated Customer,Dormant Customer,Medium,Customer_Service_Calls,Age,Total_Purchases,Service Recovery Campaign
42344,Low,0.8299,Frustrated Customer,Price Sensitive Shopper,Minimal,Cart_Abandonment_Rate,Customer_Service_Calls,Mobile_App_Usage,Feedback Request
26916,IMP,0.988,Frustrated Customer,Price Sensitive Shopper,High,Customer_Service_Calls,LTV_Per_Purchase,Average_Order_Value,Priority Support | Service Recovery Campaign
39468,High,0.8302,Frustrated Customer,Dormant Customer,Medium,Customer_Service_Calls,Total_Purchases,Credit_Balance,Service Recovery Campaign
5411,Low,0.9532,Disengaged Customer,Dormant Customer,Minimal,Purchase_Frequency,Days_Since_Last_Purchase,Email_Open_Rate,Newsletter
5863,High,0.9999,Frustrated Customer,Price Sensitive Shopper,Medium,Age,Discount_Usage_Rate,Customer_Service_Calls,Service Recovery Campaign
19812,High,0.9915,Frustrated Customer,Dormant Customer,Medium,Customer_Service_Calls,Returns_Rate,Total_Purchases,Service Recovery Campaign
38043,Medium,0.4009,Frustrated Customer,Price Sensitive Shopper,Low,Cart_Abandonment_Rate,Customer_Service_Calls,Age,Customer Feedback Survey
15354,IMP,0.9947,Frustrated Customer,Price Sensitive Shopper,High,Customer_Service_Calls,Returns_Rate,Average_Order_Value,Priority Support | Service Recovery Campaign
31541,IMP,0.9833,Frustrated Customer,Disengaged Customer,High,Customer_Service_Calls,Email_Open_Rate,Discount_Usage_Rate,Priority Support | Service Recovery Campaign
16538,High,0.9845,Price Sensitive Shopper,Dormant Customer,Medium,Age,Discount_Usage_Rate,Total_Purchases,Targeted Coupon
36528,Medium,0.7633,Frustrated Customer,Price Sensitive Shopper,Low,Cart_Abandonment_Rate,Email_Open_Rate,Customer_Service_Calls,Customer Feedback Survey
37221,High,0.9799,Frustrated Customer,Price Sensitive Shopper,Medium,Customer_Service_Calls,Cart_Abandonment_Rate,Returns_Rate,Service Recovery Campaign
33647,IMP,0.9921,Frustrated Customer,Disengaged Customer,High,Customer_Service_Calls,LTV_Per_Purchase,Average_Order_Value,Priority Support | Service Recovery Campaign
9576,Low,0.9928,Price Sensitive Shopper,Disengaged Customer,Minimal,Age,Discount_Usage_Rate,Cart_Abandonment_Rate,Sale Notification
47969,Low,0.7799,Disengaged Customer,Price Sensitive Shopper,Minimal,Purchase_Frequency,Email_Open_Rate,Cart_Abandonment_Rate,Newsletter
4673,Medium,0.8862,Disengaged Customer,Price Sensitive Shopper,Low,Cart_Abandonment_Rate,Customer_Service_Calls,Email_Open_Rate,Re-engagement Email
2234,IMP,0.9891,Price Sensitive Shopper,Disengaged Customer,High,Age,Discount_Usage_Rate,Total_Purchases,Loyalty Rewards | Targeted Coupon
48619,IMP,0.9913,Frustrated Customer,Dormant Customer,High,Customer_Service_Calls,Total_Purchases,Credit_Balance,Priority Support | Service Recovery Campaign
7438,Low,0.6514,Frustrated Customer,Disengaged Customer,Minimal,Age,Returns_Rate,Email_Open_Rate,Feedback Request
11533,Low,0.9794,Price Sensitive Shopper,Disengaged Customer,Minimal,Age,Discount_Usage_Rate,Flag_Missing,Sale Notification
36643,Medium,0.5267,Frustrated Customer,Price Sensitive Shopper,Low,Cart_Abandonment_Rate,Email_Open_Rate,Customer_Service_Calls,Customer Feedback Survey
21531,Low,0.9531,Disengaged Customer,Frustrated Customer,Minimal,Purchase_Frequency,Customer_Service_Calls,Email_Open_Rate,Newsletter
44011,High,0.9929,Frustrated Customer,Dormant Customer,Medium,Customer_Service_Calls,Total_Purchases,Average_Order_Value,Service Recovery Campaign
1121,Medium,0.7625,Disengaged Customer,Frustrated Customer,Low,Purchase_Frequency,Email_Open_Rate,Customer_Service_Calls,Re-engagement Email
3491,High,0.9955,Frustrated Customer,Disengaged Customer,Medium,Customer_Service_Calls,Returns_Rate,Email_Open_Rate,Service Recovery Campaign
32065,Medium,0.7524,Disengaged Customer,Price Sensitive Shopper,Low,Cart_Abandonment_Rate,Customer_Service_Calls,Engagement_Score,Re-engagement Email
18913,IMP,0.9935,Frustrated Customer,Price Sensitive Shopper,High,Customer_Service_Calls,Age,Total_Purchases,Priority Support | Service Recovery Campaign
39565,Low,0.6544,Price Sensitive Shopper,Frustrated Customer,Minimal,Cart_Abandonment_Rate,Email_Open_Rate,Age,Sale Notification
16953,High,0.982,Frustrated Customer,Price Sensitive Shopper,Medium,Customer_Service_Calls,Discount_Usage_Rate,Average_Order_Value,Service Recovery Campaign
29297,High,0.9834,Frustrated Customer,Price Sensitive Shopper,Medium,Customer_Service_Calls,Age,Returns_Rate,Service Recovery Campaign
43133,Medium,0.9856,Frustrated Customer,Price Sensitive Shopper,Low,Age,Discount_Usage_Rate,Customer_Service_Calls,Customer Feedback Survey
23850,Medium,0.9892,Price Sensitive Shopper,Frustrated Customer,Low,Age,Discount_Usage_Rate,Returns_Rate,Promotional Campaign
29592,Low,0.8921,Disengaged Customer,Price Sensitive Shopper,Minimal,Cart_Abandonment_Rate,Email_Open_Rate,Mobile_App_Usage,Newsletter
9275,Medium,0.9759,Price Sensitive Shopper,Frustrated Customer,Low,Age,Discount_Usage_Rate,Cart_Abandonment_Rate,Promotional Campaign
531,Medium,0.9794,Price Sensitive Shopper,Frustrated Customer,Low,Age,Discount_Usage_Rate,Customer_Service_Calls,Promotional Campaign
46057,Low,0.9783,Dormant Customer,Disengaged Customer,Minimal,Purchase_Frequency,Cart_Abandonment_Rate,Days_Since_Last_Purchase,Newsletter Reminder
7315,Medium,0.785,Price Sensitive Shopper,Disengaged Customer,Low,Cart_Abandonment_Rate,Age,Email_Open_Rate,Promotional Campaign
3186,High,0.9249,Frustrated Customer,Dormant Customer,Medium,Customer_Service_Calls,Age,LTV_Per_Purchase,Service Recovery Campaign
12145,Low,0.7356,Disengaged Customer,Price Sensitive Shopper,Minimal,Cart_Abandonment_Rate,Mobile_App_Usage,Login_Frequency,Newsletter
48595,IMP,0.9927,Frustrated Customer,Dormant Customer,High,Customer_Service_Calls,Session_Duration_Avg,Login_Frequency,Priority Support | Service Recovery Campaign
6246,Low,0.8883,Disengaged Customer,Frustrated Customer,Minimal,Email_Open_Rate,Cart_Abandonment_Rate,Returns_Rate,Newsletter
4115,Low,0.9046,Price Sensitive Shopper,Disengaged Customer,Minimal,Cart_Abandonment_Rate,Email_Open_Rate,Wishlist_Items,Sale Notification
49727,Low,0.9842,Dormant Customer,Disengaged Customer,Minimal,Purchase_Frequency,Days_Since_Last_Purchase,Customer_Service_Calls,Newsletter Reminder
11186,Low,0.6688,Price Sensitive Shopper,Disengaged Customer,Minimal,Cart_Abandonment_Rate,Email_Open_Rate,Pages_Per_Session,Sale Notification
30875,High,0.9904,Frustrated Customer,Disengaged Customer,Medium,Customer_Service_Calls,Email_Open_Rate,Cart_Abandonment_Rate,Service Recovery Campaign
47667,Low,0.8582,Disengaged Customer,Frustrated Customer,Minimal,Customer_Service_Calls,Email_Open_Rate,Cart_Abandonment_Rate,Newsletter
41802,Low,0.8454,Price Sensitive Shopper,Disengaged Customer,Minimal,Purchase_Frequency,Cart_Abandonment_Rate,Email_Open_Rate,Sale Notification
15658,Medium,0.6172,Disengaged Customer,Price Sensitive Shopper,Low,Cart_Abandonment_Rate,Email_Open_Rate,Mobile_App_Usage,Re-engagement Email
39101,Medium,0.6557,Frustrated Customer,Price Sensitive Shopper,Low,Customer_Service_Calls,Cart_Abandonment_Rate,Social_Media_Engagement_Score,Customer Feedback Survey
30264,Low,0.8967,Price Sensitive Shopper,Disengaged Customer,Minimal,Cart_Abandonment_Rate,Purchase_Frequency,Customer_Service_Calls,Sale Notification
41092,Medium,0.9638,Price Sensitive Shopper,Disengaged Customer,Low,Cart_Abandonment_Rate,Customer_Service_Calls,Purchase_Frequency,Promotional Campaign
7298,Medium,0.9742,Disengaged Customer,Frustrated Customer,Low,Email_Open_Rate,Purchase_Frequency,Returns_Rate,Re-engagement Email
14159,Low,0.9234,Price Sensitive Shopper,Frustrated Customer,Minimal,Cart_Abandonment_Rate,Email_Open_Rate,Purchase_Frequency,Sale Notification
2994,High,0.9515,Frustrated Customer,Dormant Customer,Medium,Customer_Service_Calls,Credit_Balance,Returns_Rate,Service Recovery Campaign
16958,High,0.9989,Frustrated Customer,Dormant Customer,Medium,Customer_Service_Calls,Days_Since_Last_Purchase,Cart_Abandonment_Rate,Service Recovery Campaign
22107,Medium,0.9727,Price Sensitive Shopper,Frustrated Customer,Low,Age,Discount_Usage_Rate,Flag_Missing,Promotional Campaign
789,Medium,0.9542,Price Sensitive Shopper,Disengaged Customer,Low,Age,Discount_Usage_Rate,Membership_Years,Promotional Campaign
22489,Medium,0.9566,Disengaged Customer,Dormant Customer,Low,Purchase_Frequency,Days_Since_Last_Purchase,Email_Open_Rate,Re-engagement Email
3663,Low,0.9671,Price Sensitive Shopper,Disengaged Customer,Minimal,Cart_Abandonment_Rate,Email_Open_Rate,Pages_Per_Session,Sale Notification
17430,Medium,0.9893,Dormant Customer,Disengaged Customer,Low,Days_Since_Last_Purchase,Purchase_Frequency,Customer_Service_Calls,Automated Re-engagement Email
36063,IMP,0.9888,Frustrated Customer,Price Sensitive Shopper,High,Customer_Service_Calls,LTV_Per_Purchase,Total_Purchases,Priority Support | Service Recovery Campaign
44091,Low,0.7014,Price Sensitive Shopper,Disengaged Customer,Minimal,Cart_Abandonment_Rate,Wishlist_Items,Mobile_App_Usage,Sale Notification
4194,Low,0.6859,Frustrated Customer,Price Sensitive Shopper,Minimal,Age,Returns_Rate,Cart_Abandonment_Rate,Feedback Request
48472,High,0.9837,Frustrated Customer,Price Sensitive Shopper,Medium,Customer_Service_Calls,LTV_Per_Purchase,Returns_Rate,Service Recovery Campaign
4901,High,0.9902,Frustrated Customer,Price Sensitive Shopper,Medium,Customer_Service_Calls,Returns_Rate,Discount_Usage_Rate,Service Recovery Campaign
34432,High,0.9902,Frustrated Customer,Price Sensitive Shopper,Medium,Customer_Service_Calls,Discount_Usage_Rate,LTV_Per_Purchase,Service Recovery Campaign
34386,Low,0.9737,Disengaged Customer,Price Sensitive Shopper,Minimal,Cart_Abandonment_Rate,Purchase_Frequency,Email_Open_Rate,Newsletter
9597,Low,0.5573,Frustrated Customer,Price Sensitive Shopper,Minimal,Cart_Abandonment_Rate,Customer_Service_Calls,Email_Open_Rate,Feedback Request
18164,Low,0.9928,Price Sensitive Shopper,Frustrated Customer,Minimal,Age,Discount_Usage_Rate,Cart_Abandonment_Rate,Sale Notification
795,Low,0.6646,Price Sensitive Shopper,Disengaged Customer,Minimal,Cart_Abandonment_Rate,Email_Open_Rate,Product_Reviews_Written,Sale Notification
40156,High,0.9922,Frustrated Customer,Disengaged Customer,Medium,Customer_Service_Calls,Total_Purchases,Returns_Rate,Service Recovery Campaign
44188,Medium,0.872,Frustrated Customer,Price Sensitive Shopper,Low,Cart_Abandonment_Rate,Customer_Service_Calls,Session_Duration_Avg,Customer Feedback Survey
49322,Low,0.6742,Price Sensitive Shopper,Disengaged Customer,Minimal,Cart_Abandonment_Rate,Mobile_App_Usage,Login_Frequency,Sale Notification
49644,High,0.9865,Frustrated Customer,Disengaged Customer,Medium,Customer_Service_Calls,Total_Purchases,LTV_Per_Purchase,Service Recovery Campaign
14564,Low,0.9184,Disengaged Customer,Frustrated Customer,Minimal,Customer_Service_Calls,Cart_Abandonment_Rate,Email_Open_Rate,Newsletter
13003,Low,0.9377,Disengaged Customer,Dormant Customer,Minimal,Purchase_Frequency,Email_Open_Rate,Days_Since_Last_Purchase,Newsletter
32345,High,0.9887,Price Sensitive Shopper,Dormant Customer,Medium,Age,Discount_Usage_Rate,Total_Purchases,Targeted Coupon
32916,Medium,0.9984,Disengaged Customer,Dormant Customer,Low,Purchase_Frequency,Days_Since_Last_Purchase,Email_Open_Rate,Re-engagement Email
11608,Medium,0.9653,Price Sensitive Shopper,Frustrated Customer,Low,Age,Discount_Usage_Rate,Customer_Service_Calls,Promotional Campaign
28580,Low,0.7558,Frustrated Customer,Disengaged Customer,Minimal,Customer_Service_Calls,Email_Open_Rate,Cart_Abandonment_Rate,Feedback Request
32280,IMP,0.9881,Frustrated Customer,Price Sensitive Shopper,High,Customer_Service_Calls,Returns_Rate,Discount_Usage_Rate,Priority Support | Service Recovery Campaign
5497,Low,0.8002,Price Sensitive Shopper,Frustrated Customer,Minimal,Customer_Service_Calls,Email_Open_Rate,Cart_Abandonment_Rate,Sale Notification
814,Low,0.9405,Disengaged Customer,Dormant Customer,Minimal,Purchase_Frequency,Customer_Service_Calls,Email_Open_Rate,Newsletter
47376,High,0.9857,Frustrated Customer,Dormant Customer,Medium,Customer_Service_Calls,Total_Purchases,Credit_Balance,Service Recovery Campaign
7096,IMP,0.9919,Frustrated Customer,Price Sensitive Shopper,High,Customer_Service_Calls,Discount_Usage_Rate,Total_Purchases,Priority Support | Service Recovery Campaign
10259,Low,0.6248,Frustrated Customer,Disengaged Customer,Minimal,Returns_Rate,Cart_Abandonment_Rate,Customer_Service_Calls,Feedback Request
22448,High,0.9903,Frustrated Customer,Disengaged Customer,Medium,Customer_Service_Calls,Total_Purchases,Days_Since_Last_Purchase,Service Recovery Campaign
48469,High,0.9927,Frustrated Customer,Price Sensitive Shopper,Medium,Customer_Service_Calls,Total_Purchases,Average_Order_Value,Service Recovery Campaign
37826,High,0.9913,Frustrated Customer,Disengaged Customer,Medium,Customer_Service_Calls,Total_Purchases,LTV_Per_Purchase,Service Recovery Campaign
802,Low,0.6602,Frustrated Customer,Price Sensitive Shopper,Minimal,Customer_Service_Calls,Cart_Abandonment_Rate,Purchase_Frequency,Feedback Request
6325,Low,0.5795,Disengaged Customer,Frustrated Customer,Minimal,Email_Open_Rate,Age,Pages_Per_Session,Newsletter
49465,High,0.9664,Frustrated Customer,Price Sensitive Shopper,Medium,Customer_Service_Calls,Age,LTV_Per_Purchase,Service Recovery Campaign
5577,Medium,0.8081,Frustrated Customer,Price Sensitive Shopper,Low,Cart_Abandonment_Rate,Customer_Service_Calls,Pages_Per_Session,Customer Feedback Survey
46832,High,0.9913,Frustrated Customer,Dormant Customer,Medium,Customer_Service_Calls,Days_Since_Last_Purchase,Total_Purchases,Service Recovery Campaign
47742,Medium,0.9962,Disengaged Customer,Dormant Customer,Low,Age,Purchase_Frequency,Days_Since_Last_Purchase,Re-engagement Email
25017,Medium,0.9874,Price Sensitive Shopper,Dormant Customer,Low,Age,Discount_Usage_Rate,Returns_Rate,Promotional Campaign
49275,Low,0.9474,Disengaged Customer,Price Sensitive Shopper,Minimal,Cart_Abandonment_Rate,Email_Open_Rate,Returns_Rate,Newsletter
26773,Low,0.9661,Disengaged Customer,Price Sensitive Shopper,Minimal,Cart_Abandonment_Rate,Email_Open_Rate,Session_Duration_Avg,Newsletter
7479,High,0.9874,Frustrated Customer,Dormant Customer,Medium,Customer_Service_Calls,Returns_Rate,Total_Purchases,Service Recovery Campaign
34786,Low,0.6529,Disengaged Customer,Price Sensitive Shopper,Minimal,Cart_Abandonment_Rate,Email_Open_Rate,Pages_Per_Session,Newsletter
17821,Medium,0.9845,Price Sensitive Shopper,Frustrated Customer,Low,Age,Discount_Usage_Rate,Customer_Service_Calls,Promotional Campaign
19214,Low,0.7446,Price Sensitive Shopper,Frustrated Customer,Minimal,Cart_Abandonment_Rate,Email_Open_Rate,Returns_Rate,Sale Notification
17906,Medium,0.4374,Disengaged Customer,Frustrated Customer,Low,Customer_Service_Calls,Product_Reviews_Written,Login_Frequency,Re-engagement Email
33941,High,0.9893,Price Sensitive Shopper,Disengaged Customer,Medium,Age,Discount_Usage_Rate,Total_Purchases,Targeted Coupon
25544,Low,0.9711,Disengaged Customer,Price Sensitive Shopper,Minimal,Cart_Abandonment_Rate,Email_Open_Rate,Purchase_Frequency,Newsletter
10869,Medium,0.474,Disengaged Customer,Price Sensitive Shopper,Low,Email_Open_Rate,Customer_Service_Calls,Cart_Abandonment_Rate,Re-engagement Email
21858,Low,0.8711,Price Sensitive Shopper,Disengaged Customer,Minimal,Cart_Abandonment_Rate,Email_Open_Rate,Age,Sale Notification
39269,Medium,0.9793,Price Sensitive Shopper,Dormant Customer,Low,Age,Discount_Usage_Rate,Cart_Abandonment_Rate,Promotional Campaign
48130,IMP,0.9937,Frustrated Customer,Disengaged Customer,High,Customer_Service_Calls,LTV_Per_Purchase,Average_Order_Value,Priority Support | Service Recovery Campaign
18021,Low,0.8659,Disengaged Customer,Frustrated Customer,Minimal,Cart_Abandonment_Rate,Email_Open_Rate,Customer_Service_Calls,Newsletter
20208,Low,0.6195,Disengaged Customer,Dormant Customer,Minimal,Purchase_Frequency,Age,Session_Duration_Avg,Newsletter
719,Medium,0.8322,Disengaged Customer,Frustrated Customer,Low,Cart_Abandonment_Rate,Email_Open_Rate,Purchase_Frequency,Re-engagement Email
18340,Low,0.9442,Disengaged Customer,Frustrated Customer,Minimal,Email_Open_Rate,Customer_Service_Calls,Cart_Abandonment_Rate,Newsletter
27877,Medium,0.7685,Price Sensitive Shopper,Dormant Customer,Low,Cart_Abandonment_Rate,Purchase_Frequency,Customer_Service_Calls,Promotional Campaign
34230,Low,0.8158,Disengaged Customer,Price Sensitive Shopper,Minimal,Returns_Rate,Cart_Abandonment_Rate,Email_Open_Rate,Newsletter
28532,Low,0.9699,Disengaged Customer,Price Sensitive Shopper,Minimal,Cart_Abandonment_Rate,Email_Open_Rate,Customer_Service_Calls,Newsletter
3394,Low,0.9813,Price Sensitive Shopper,Disengaged Customer,Minimal,Cart_Abandonment_Rate,Customer_Service_Calls,Returns_Rate,Sale Notification
296,Low,0.6348,Disengaged Customer,Price Sensitive Shopper,Minimal,Cart_Abandonment_Rate,Email_Open_Rate,Purchase_Frequency,Newsletter
14059,Low,0.9255,Disengaged Customer,Price Sensitive Shopper,Minimal,Purchase_Frequency,Cart_Abandonment_Rate,Email_Open_Rate,Newsletter
37074,Medium,0.921,Dormant Customer,Disengaged Customer,Low,Days_Since_Last_Purchase,Purchase_Frequency,Email_Open_Rate,Automated Re-engagement Email
22533,Low,0.9897,Dormant Customer,Disengaged Customer,Minimal,Purchase_Frequency,Days_Since_Last_Purchase,Cart_Abandonment_Rate,Newsletter Reminder
30364,Medium,0.759,Frustrated Customer,Price Sensitive Shopper,Low,Cart_Abandonment_Rate,Purchase_Frequency,Days_Since_Last_Purchase,Customer Feedback Survey
33383,Low,0.9895,Price Sensitive Shopper,Frustrated Customer,Minimal,Age,Discount_Usage_Rate,Cart_Abandonment_Rate,Sale Notification
44430,Low,0.5734,Frustrated Customer,Dormant Customer,Minimal,Purchase_Frequency,Returns_Rate,Days_Since_Last_Purchase,Feedback Request
48157,IMP,0.9889,Frustrated Customer,Disengaged Customer,High,Customer_Service_Calls,Product_Reviews_Written,Average_Order_Value,Priority Support | Service Recovery Campaign
39016,Low,0.9179,Disengaged Customer,Price Sensitive Shopper,Minimal,Cart_Abandonment_Rate,Session_Duration_Avg,Engagement_Score,Newsletter
21882,High,0.9896,Frustrated Customer,Price Sensitive Shopper,Medium,Customer_Service_Calls,Discount_Usage_Rate,Total_Purchases,Service Recovery Campaign
8898,Low,0.9372,Disengaged Customer,Price Sensitive Shopper,Minimal,Cart_Abandonment_Rate,Email_Open_Rate,Purchase_Frequency,Newsletter
26288,Medium,0.8195,Price Sensitive Shopper,Disengaged Customer,Low,Cart_Abandonment_Rate,Customer_Service_Calls,Email_Open_Rate,Promotional Campaign
29353,Medium,0.5763,Price Sensitive Shopper,Disengaged Customer,Low,Cart_Abandonment_Rate,Email_Open_Rate,Wishlist_Items,Promotional Campaign
15363,Low,0.9636,Frustrated Customer,Disengaged Customer,Minimal,Customer_Service_Calls,Cart_Abandonment_Rate,Email_Open_Rate,Feedback Request
4292,High,0.9862,Frustrated Customer,Dormant Customer,Medium,Customer_Service_Calls,Total_Purchases,Flag_Missing,Service Recovery Campaign
41226,Low,0.9828,Price Sensitive Shopper,Frustrated Customer,Minimal,Age,Discount_Usage_Rate,Customer_Service_Calls,Sale Notification
677,IMP,0.9957,Frustrated Customer,Price Sensitive Shopper,High,Customer_Service_Calls,Total_Purchases,LTV_Per_Purchase,Priority Support | Service Recovery Campaign
25536,Low,0.9446,Price Sensitive Shopper,Dormant Customer,Minimal,Cart_Abandonment_Rate,Purchase_Frequency,Age,Sale Notification
40435,Low,0.5952,Frustrated Customer,Disengaged Customer,Minimal,Customer_Service_Calls,Returns_Rate,Wishlist_Items,Feedback Request
22221,Low,0.8658,Disengaged Customer,Dormant Customer,Minimal,Purchase_Frequency,Returns_Rate,Session_Duration_Avg,Newsletter
967,High,0.9976,Frustrated Customer,Dormant Customer,Medium,Customer_Service_Calls,Days_Since_Last_Purchase,Email_Open_Rate,Service Recovery Campaign
42161,High,0.99,Frustrated Customer,Price Sensitive Shopper,Medium,Customer_Service_Calls,Discount_Usage_Rate,Total_Purchases,Service Recovery Campaign
24769,Low,0.9512,Price Sensitive Shopper,Disengaged Customer,Minimal,Cart_Abandonment_Rate,Purchase_Frequency,Email_Open_Rate,Sale Notification
35386,High,0.9928,Frustrated Customer,Price Sensitive Shopper,Medium,Customer_Service_Calls,Total_Purchases,LTV_Per_Purchase,Service Recovery Campaign
29975,Low,0.9641,Disengaged Customer,Price Sensitive Shopper,Minimal,Purchase_Frequency,Cart_Abandonment_Rate,Days_Since_Last_Purchase,Newsletter
42665,Low,0.9799,Price Sensitive Shopper,Frustrated Customer,Minimal,Age,Discount_Usage_Rate,Cart_Abandonment_Rate,Sale Notification
48332,High,0.9869,Frustrated Customer,Disengaged Customer,Medium,Customer_Service_Calls,Age,Returns_Rate,Service Recovery Campaign
26598,IMP,0.9928,Frustrated Customer,Disengaged Customer,High,Customer_Service_Calls,Email_Open_Rate,Returns_Rate,Priority Support | Service Recovery Campaign
11834,High,0.98,Price Sensitive Shopper,Dormant Customer,Medium,Age,Discount_Usage_Rate,Days_Since_Last_Purchase,Targeted Coupon
2884,IMP,0.9802,Frustrated Customer,Disengaged Customer,High,Customer_Service_Calls,Age,LTV_Per_Purchase,Priority Support | Service Recovery Campaign
15274,Low,0.849,Price Sensitive Shopper,Disengaged Customer,Minimal,Cart_Abandonment_Rate,Customer_Service_Calls,Purchase_Frequency,Sale Notification
31353,Low,0.96,Frustrated Customer,Disengaged Customer,Minimal,Cart_Abandonment_Rate,Email_Open_Rate,Purchase_Frequency,Feedback Request
13416,High,0.9554,Frustrated Customer,Price Sensitive Shopper,Medium,Customer_Service_Calls,Age,Total_Purchases,Service Recovery Campaign
8550,High,0.9822,Price Sensitive Shopper,Disengaged Customer,Medium,Age,Discount_Usage_Rate,Returns_Rate,Targeted Coupon
24409,High,0.9894,Frustrated Customer,Price Sensitive Shopper,Medium,Customer_Service_Calls,Discount_Usage_Rate,LTV_Per_Purchase,Service Recovery Campaign
18409,Low,0.6198,Frustrated Customer,Dormant Customer,Minimal,Purchase_Frequency,Cart_Abandonment_Rate,Customer_Service_Calls,Feedback Request
5469,Low,0.8635,Disengaged Customer,Frustrated Customer,Minimal,Cart_Abandonment_Rate,Email_Open_Rate,Customer_Service_Calls,Newsletter
1075,Medium,0.877,Price Sensitive Shopper,Disengaged Customer,Low,Cart_Abandonment_Rate,Purchase_Frequency,Email_Open_Rate,Promotional Campaign
4057,Low,0.5713,Price Sensitive Shopper,Frustrated Customer,Minimal,Cart_Abandonment_Rate,Purchase_Frequency,Customer_Service_Calls,Sale Notification
4069,Low,0.9172,Disengaged Customer,Frustrated Customer,Minimal,Purchase_Frequency,Email_Open_Rate,Customer_Service_Calls,Newsletter
7634,Low,0.9243,Price Sensitive Shopper,Disengaged Customer,Minimal,Cart_Abandonment_Rate,Customer_Service_Calls,Purchase_Frequency,Sale Notification
20780,High,0.9868,Frustrated Customer,Price Sensitive Shopper,Medium,Customer_Service_Calls,Discount_Usage_Rate,Total_Purchases,Service Recovery Campaign
31320,Medium,0.6205,Disengaged Customer,Frustrated Customer,Low,Returns_Rate,Cart_Abandonment_Rate,Mobile_App_Usage,Re-engagement Email
11796,Low,0.9718,Price Sensitive Shopper,Frustrated Customer,Minimal,Age,Discount_Usage_Rate,Customer_Service_Calls,Sale Notification
28956,Low,0.8876,Price Sensitive Shopper,Disengaged Customer,Minimal,Cart_Abandonment_Rate,Purchase_Frequency,Wishlist_Items,Sale Notification
44519,Medium,0.9789,Price Sensitive Shopper,Disengaged Customer,Low,Age,Discount_Usage_Rate,Total_Purchases,Promotional Campaign
15414,Low,0.6938,Frustrated Customer,Price Sensitive Shopper,Minimal,Returns_Rate,Customer_Service_Calls,Discount_Usage_Rate,Feedback Request
4987,High,0.9925,Frustrated Customer,Price Sensitive Shopper,Medium,Customer_Service_Calls,LTV_Per_Purchase,Pages_Per_Session,Service Recovery Campaign
18081,Low,0.9655,Frustrated Customer,Price Sensitive Shopper,Minimal,Cart_Abandonment_Rate,Purchase_Frequency,Customer_Service_Calls,Feedback Request
35260,Low,0.8824,Price Sensitive Shopper,Frustrated Customer,Minimal,Cart_Abandonment_Rate,Purchase_Frequency,Customer_Service_Calls,Sale Notification
47461,Low,0.9671,Disengaged Customer,Price Sensitive Shopper,Minimal,Cart_Abandonment_Rate,Purchase_Frequency,Email_Open_Rate,Newsletter
23238,IMP,0.9913,Frustrated Customer,Dormant Customer,High,Customer_Service_Calls,Total_Purchases,LTV_Per_Purchase,Priority Support | Service Recovery Campaign
7721,Low,0.9928,Price Sensitive Shopper,Disengaged Customer,Minimal,Cart_Abandonment_Rate,Email_Open_Rate,Customer_Service_Calls,Sale Notification
12400,High,0.9933,Frustrated Customer,Dormant Customer,Medium,Customer_Service_Calls,Credit_Balance,Total_Purchases,Service Recovery Campaign
6485,High,0.9925,Frustrated Customer,Price Sensitive Shopper,Medium,Customer_Service_Calls,Returns_Rate,Gender,Service Recovery Campaign
22261,Low,0.9881,Frustrated Customer,Price Sensitive Shopper,Minimal,Cart_Abandonment_Rate,Returns_Rate,Purchase_Frequency,Feedback Request
40533,High,0.9897,Price Sensitive Shopper,Disengaged Customer,Medium,Age,Discount_Usage_Rate,Total_Purchases,Targeted Coupon
47685,Medium,0.9881,Price Sensitive Shopper,Disengaged Customer,Low,Age,Discount_Usage_Rate,Total_Purchases,Promotional Campaign
12862,VIP,0.9913,Frustrated Customer,Price Sensitive Shopper,Critical,Customer_Service_Calls,Discount_Usage_Rate,LTV_Per_Purchase,Dedicated Customer Success Outreach | Priority Support | Returns Experience Review
21150,High,0.9611,Frustrated Customer,Price Sensitive Shopper,Medium,Customer_Service_Calls,Cart_Abandonment_Rate,Flag_Missing,Service Recovery Campaign
39958,Low,0.8851,Disengaged Customer,Price Sensitive Shopper,Minimal,Purchase_Frequency,Email_Open_Rate,Cart_Abandonment_Rate,Newsletter
38618,Low,0.7442,Price Sensitive Shopper,Disengaged Customer,Minimal,Cart_Abandonment_Rate,Email_Open_Rate,Wishlist_Items,Sale Notification
3109,Low,0.9893,Price Sensitive Shopper,Disengaged Customer,Minimal,Age,Discount_Usage_Rate,Email_Open_Rate,Sale Notification
46148,High,0.9788,Frustrated Customer,Price Sensitive Shopper,Medium,Customer_Service_Calls,Discount_Usage_Rate,Product_Reviews_Written,Service Recovery Campaign
2780,High,0.9826,Frustrated Customer,Dormant Customer,Medium,Customer_Service_Calls,Total_Purchases,Credit_Balance,Service Recovery Campaign
43294,Low,0.5906,Price Sensitive Shopper,Disengaged Customer,Minimal,Cart_Abandonment_Rate,Purchase_Frequency,Customer_Service_Calls,Sale Notification
17161,High,0.9917,Frustrated Customer,Dormant Customer,Medium,Customer_Service_Calls,LTV_Per_Purchase,Average_Order_Value,Service Recovery Campaign
46618,Low,0.8524,Frustrated Customer,Disengaged Customer,Minimal,Purchase_Frequency,Customer_Service_Calls,Returns_Rate,Feedback Request
46821,Low,0.9933,Price Sensitive Shopper,Disengaged Customer,Minimal,Age,Discount_Usage_Rate,Email_Open_Rate,Sale Notification
6879,High,0.9865,Frustrated Customer,Dormant Customer,Medium,Customer_Service_Calls,Age,Total_Purchases,Service Recovery Campaign
4250,Low,0.8368,Price Sensitive Shopper,Disengaged Customer,Minimal,Cart_Abandonment_Rate,Email_Open_Rate,Customer_Service_Calls,Sale Notification
47054,High,0.986,Frustrated Customer,Disengaged Customer,Medium,Customer_Service_Calls,Age,Pages_Per_Session,Service Recovery Campaign
934,Medium,0.5091,Price Sensitive Shopper,Dormant Customer,Low,Cart_Abandonment_Rate,Purchase_Frequency,Customer_Service_Calls,Promotional Campaign
19676,Medium,0.9867,Price Sensitive Shopper,Frustrated Customer,Low,Age,Discount_Usage_Rate,Customer_Service_Calls,Promotional Campaign
38173,IMP,0.9911,Frustrated Customer,Price Sensitive Shopper,High,Customer_Service_Calls,Product_Reviews_Written,Cart_Abandonment_Rate,Priority Support | Service Recovery Campaign
28185,Medium,0.9851,Price Sensitive Shopper,Disengaged Customer,Low,Age,Discount_Usage_Rate,Mobile_App_Usage,Promotional Campaign
7268,VIP,0.9821,Frustrated Customer,Price Sensitive Shopper,Critical,Customer_Service_Calls,Discount_Usage_Rate,Returns_Rate,Dedicated Customer Success Outreach | Priority Support | Returns Experience Review
19121,IMP,0.9901,Frustrated Customer,Price Sensitive Shopper,High,Customer_Service_Calls,Discount_Usage_Rate,LTV_Per_Purchase,Priority Support | Service Recovery Campaign
43835,Medium,0.9715,Price Sensitive Shopper,Disengaged Customer,Low,Age,Discount_Usage_Rate,Social_Media_Engagement_Score,Promotional Campaign
11156,IMP,0.9894,Frustrated Customer,Price Sensitive Shopper,High,Customer_Service_Calls,Discount_Usage_Rate,Email_Open_Rate,Priority Support | Service Recovery Campaign
9011,High,0.9797,Price Sensitive Shopper,Disengaged Customer,Medium,Age,Discount_Usage_Rate,Email_Open_Rate,Targeted Coupon
4491,Medium,0.6185,Disengaged Customer,Price Sensitive Shopper,Low,Email_Open_Rate,Session_Duration_Avg,Engagement_Score,Re-engagement Email
20175,Low,0.9961,Frustrated Customer,Price Sensitive Shopper,Minimal,Returns_Rate,Purchase_Frequency,Cart_Abandonment_Rate,Feedback Request
40236,High,0.9911,Price Sensitive Shopper,Disengaged Customer,Medium,Age,Discount_Usage_Rate,Total_Purchases,Targeted Coupon
46195,Low,0.9954,Dormant Customer,Disengaged Customer,Minimal,Days_Since_Last_Purchase,Purchase_Frequency,Cart_Abandonment_Rate,Newsletter Reminder
14951,Low,0.9659,Price Sensitive Shopper,Disengaged Customer,Minimal,Cart_Abandonment_Rate,Email_Open_Rate,Customer_Service_Calls,Sale Notification
46840,Low,0.9298,Disengaged Customer,Price Sensitive Shopper,Minimal,Cart_Abandonment_Rate,Email_Open_Rate,Mobile_App_Usage,Newsletter
19436,Medium,0.659,Price Sensitive Shopper,Dormant Customer,Low,Purchase_Frequency,Cart_Abandonment_Rate,Days_Since_Last_Purchase,Promotional Campaign
18161,Low,0.7824,Disengaged Customer,Frustrated Customer,Minimal,Email_Open_Rate,Cart_Abandonment_Rate,Customer_Service_Calls,Newsletter
46668,High,0.9935,Frustrated Customer,Dormant Customer,Medium,Customer_Service_Calls,Credit_Balance,Total_Purchases,Service Recovery Campaign
28211,Medium,0.8743,Frustrated Customer,Price Sensitive Shopper,Low,Returns_Rate,Cart_Abandonment_Rate,Customer_Service_Calls,Customer Feedback Survey
13562,IMP,0.9802,Frustrated Customer,Price Sensitive Shopper,High,Customer_Service_Calls,Age,Total_Purchases,Priority Support | Service Recovery Campaign
39313,Medium,0.8425,Disengaged Customer,Frustrated Customer,Low,Email_Open_Rate,Returns_Rate,Cart_Abandonment_Rate,Re-engagement Email
11770,Low,0.9743,Price Sensitive Shopper,Dormant Customer,Minimal,Age,Discount_Usage_Rate,Days_Since_Last_Purchase,Sale Notification
21932,Medium,0.6997,Frustrated Customer,Disengaged Customer,Low,Returns_Rate,Customer_Service_Calls,Purchase_Frequency,Customer Feedback Survey
21777,Low,0.6042,Price Sensitive Shopper,Frustrated Customer,Minimal,Cart_Abandonment_Rate,Customer_Service_Calls,Product_Reviews_Written,Sale Notification
28908,High,0.978,Frustrated Customer,Price Sensitive Shopper,Medium,Customer_Service_Calls,Discount_Usage_Rate,Total_Purchases,Service Recovery Campaign
47273,Medium,0.4584,Frustrated Customer,Price Sensitive Shopper,Low,Returns_Rate,Customer_Service_Calls,Session_Duration_Avg,Customer Feedback Survey
40180,Low,0.5635,Price Sensitive Shopper,Frustrated Customer,Minimal,Cart_Abandonment_Rate,Returns_Rate,Session_Duration_Avg,Sale Notification
13490,Medium,0.5833,Disengaged Customer,Price Sensitive Shopper,Low,Email_Open_Rate,Session_Duration_Avg,Cart_Abandonment_Rate,Re-engagement Email
14107,Medium,0.985,Disengaged Customer,Dormant Customer,Low,Days_Since_Last_Purchase,Purchase_Frequency,Email_Open_Rate,Re-engagement Email
15708,Low,0.997,Price Sensitive Shopper,Frustrated Customer,Minimal,Age,Discount_Usage_Rate,Returns_Rate,Sale Notification
40710,Low,0.5546,Disengaged Customer,Price Sensitive Shopper,Minimal,Purchase_Frequency,Email_Open_Rate,Wishlist_Items,Newsletter
36167,High,0.9854,Frustrated Customer,Price Sensitive Shopper,Medium,Customer_Service_Calls,Cart_Abandonment_Rate,Product_Reviews_Written,Service Recovery Campaign
11559,Medium,0.959,Price Sensitive Shopper,Frustrated Customer,Low,Age,Discount_Usage_Rate,Returns_Rate,Promotional Campaign
40155,Low,0.8968,Frustrated Customer,Disengaged Customer,Minimal,Cart_Abandonment_Rate,Customer_Service_Calls,Email_Open_Rate,Feedback Request
36278,High,0.4979,Frustrated Customer,Dormant Customer,Medium,Customer_Service_Calls,Total_Purchases,Days_Since_Last_Purchase,Service Recovery Campaign
40446,High,0.9837,Frustrated Customer,Price Sensitive Shopper,Medium,Customer_Service_Calls,Discount_Usage_Rate,LTV_Per_Purchase,Service Recovery Campaign
2749,IMP,0.9904,Frustrated Customer,Price Sensitive Shopper,High,Customer_Service_Calls,Discount_Usage_Rate,Total_Purchases,Priority Support | Service Recovery Campaign
43637,Low,0.9944,Price Sensitive Shopper,Disengaged Customer,Minimal,Age,Discount_Usage_Rate,Cart_Abandonment_Rate,Sale Notification
45844,High,0.964,Frustrated Customer,Price Sensitive Shopper,Medium,Customer_Service_Calls,Discount_Usage_Rate,Days_Since_Last_Purchase,Service Recovery Campaign
18986,Medium,0.5849,Disengaged Customer,Price Sensitive Shopper,Low,Cart_Abandonment_Rate,Email_Open_Rate,Customer_Service_Calls,Re-engagement Email
1675,Medium,0.513,Dormant Customer,Frustrated Customer,Low,Purchase_Frequency,Days_Since_Last_Purchase,Customer_Service_Calls,Automated Re-engagement Email
38659,Low,0.9602,Frustrated Customer,Disengaged Customer,Minimal,Returns_Rate,Email_Open_Rate,Customer_Service_Calls,Feedback Request
48520,Low,0.9926,Price Sensitive Shopper,Dormant Customer,Minimal,Age,Discount_Usage_Rate,Cart_Abandonment_Rate,Sale Notification
21411,Low,0.7483,Disengaged Customer,Frustrated Customer,Minimal,Purchase_Frequency,Customer_Service_Calls,Session_Duration_Avg,Newsletter
29562,Low,0.8023,Frustrated Customer,Disengaged Customer,Minimal,Customer_Service_Calls,Purchase_Frequency,Product_Reviews_Written,Feedback Request
12057,High,0.9791,Frustrated Customer,Disengaged Customer,Medium,Customer_Service_Calls,Email_Open_Rate,Days_Since_Last_Purchase,Service Recovery Campaign
7063,Low,0.9473,Frustrated Customer,Disengaged Customer,Minimal,Cart_Abandonment_Rate,Purchase_Frequency,Days_Since_Last_Purchase,Feedback Request
19606,Medium,0.6785,Price Sensitive Shopper,Disengaged Customer,Low,Cart_Abandonment_Rate,Login_Frequency,Email_Open_Rate,Promotional Campaign
11729,Low,0.8842,Disengaged Customer,Frustrated Customer,Minimal,Email_Open_Rate,Purchase_Frequency,Customer_Service_Calls,Newsletter
16020,High,0.9901,Frustrated Customer,Price Sensitive Shopper,Medium,Customer_Service_Calls,Discount_Usage_Rate,Total_Purchases,Service Recovery Campaign
41165,Medium,0.9464,Disengaged Customer,Dormant Customer,Low,Purchase_Frequency,Email_Open_Rate,Days_Since_Last_Purchase,Re-engagement Email
44680,Low,0.9212,Disengaged Customer,Frustrated Customer,Minimal,Email_Open_Rate,Session_Duration_Avg,Returns_Rate,Newsletter
24352,Medium,0.9858,Price Sensitive Shopper,Disengaged Customer,Low,Age,Discount_Usage_Rate,Cart_Abandonment_Rate,Promotional Campaign
28797,Medium,0.7892,Disengaged Customer,Price Sensitive Shopper,Low,Purchase_Frequency,Email_Open_Rate,Days_Since_Last_Purchase,Re-engagement Email
1618,Low,0.8364,Price Sensitive Shopper,Frustrated Customer,Minimal,Cart_Abandonment_Rate,Customer_Service_Calls,Login_Frequency,Sale Notification
45416,Medium,0.6441,Price Sensitive Shopper,Frustrated Customer,Low,Cart_Abandonment_Rate,Customer_Service_Calls,Product_Reviews_Written,Promotional Campaign
8668,IMP,0.9891,Frustrated Customer,Disengaged Customer,High,Customer_Service_Calls,Returns_Rate,Flag_Missing,Priority Support | Service Recovery Campaign
7746,High,0.9885,Frustrated Customer,Disengaged Customer,Medium,Customer_Service_Calls,Total_Purchases,LTV_Per_Purchase,Service Recovery Campaign
23965,Medium,0.9109,Dormant Customer,Disengaged Customer,Low,Days_Since_Last_Purchase,Purchase_Frequency,Email_Open_Rate,Automated Re-engagement Email
38752,High,0.938,Frustrated Customer,Price Sensitive Shopper,Medium,Customer_Service_Calls,Age,Returns_Rate,Service Recovery Campaign
2458,Low,0.7653,Price Sensitive Shopper,Dormant Customer,Minimal,Purchase_Frequency,Cart_Abandonment_Rate,Customer_Service_Calls,Sale Notification
1562,High,0.9847,Price Sensitive Shopper,Dormant Customer,Medium,Age,Discount_Usage_Rate,LTV_Per_Purchase,Targeted Coupon
33998,Low,0.5509,Frustrated Customer,Disengaged Customer,Minimal,Cart_Abandonment_Rate,Customer_Service_Calls,Login_Frequency,Feedback Request
4908,IMP,0.9921,Frustrated Customer,Price Sensitive Shopper,High,Customer_Service_Calls,Discount_Usage_Rate,Total_Purchases,Priority Support | Service Recovery Campaign
39402,Low,0.9949,Disengaged Customer,Frustrated Customer,Minimal,Purchase_Frequency,Days_Since_Last_Purchase,Returns_Rate,Newsletter
42971,Low,0.9722,Price Sensitive Shopper,Disengaged Customer,Minimal,Cart_Abandonment_Rate,Email_Open_Rate,Customer_Service_Calls,Sale Notification
28153,Medium,0.8505,Disengaged Customer,Frustrated Customer,Low,Returns_Rate,Email_Open_Rate,Cart_Abandonment_Rate,Re-engagement Email
19569,Medium,0.9568,Price Sensitive Shopper,Disengaged Customer,Low,Cart_Abandonment_Rate,Purchase_Frequency,Email_Open_Rate,Promotional Campaign
49143,Low,0.9574,Frustrated Customer,Disengaged Customer,Minimal,Cart_Abandonment_Rate,Returns_Rate,Purchase_Frequency,Feedback Request
45357,IMP,0.9927,Frustrated Customer,Price Sensitive Shopper,High,Customer_Service_Calls,LTV_Per_Purchase,Total_Purchases,Priority Support | Service Recovery Campaign
24421,IMP,0.9889,Frustrated Customer,Dormant Customer,High,Customer_Service_Calls,LTV_Per_Purchase,Total_Purchases,Priority Support | Service Recovery Campaign
20584,IMP,0.9865,Price Sensitive Shopper,Frustrated Customer,High,Age,Discount_Usage_Rate,LTV_Per_Purchase,Loyalty Rewards | Targeted Coupon
40363,IMP,0.989,Frustrated Customer,Price Sensitive Shopper,High,Customer_Service_Calls,Discount_Usage_Rate,LTV_Per_Purchase,Priority Support | Service Recovery Campaign
17575,Medium,0.5136,Frustrated Customer,Price Sensitive Shopper,Low,Customer_Service_Calls,Returns_Rate,Cart_Abandonment_Rate,Customer Feedback Survey
44859,Low,0.5723,Disengaged Customer,Price Sensitive Shopper,Minimal,Purchase_Frequency,Cart_Abandonment_Rate,Days_Since_Last_Purchase,Newsletter
31540,High,0.9901,Frustrated Customer,Price Sensitive Shopper,Medium,Customer_Service_Calls,LTV_Per_Purchase,Total_Purchases,Service Recovery Campaign
30960,Medium,0.9227,Price Sensitive Shopper,Frustrated Customer,Low,Age,Discount_Usage_Rate,Returns_Rate,Promotional Campaign
49043,High,0.9796,Frustrated Customer,Price Sensitive Shopper,Medium,Customer_Service_Calls,Discount_Usage_Rate,Total_Purchases,Service Recovery Campaign
30725,Medium,0.917,Disengaged Customer,Price Sensitive Shopper,Low,Cart_Abandonment_Rate,Email_Open_Rate,Purchase_Frequency,Re-engagement Email
20103,Medium,0.7451,Disengaged Customer,Frustrated Customer,Low,Email_Open_Rate,Purchase_Frequency,Customer_Service_Calls,Re-engagement Email
29155,Low,0.9703,Price Sensitive Shopper,Disengaged Customer,Minimal,Cart_Abandonment_Rate,Email_Open_Rate,Purchase_Frequency,Sale Notification
13492,Medium,0.8054,Price Sensitive Shopper,Disengaged Customer,Low,Cart_Abandonment_Rate,Customer_Service_Calls,Wishlist_Items,Promotional Campaign
43384,Low,0.9139,Frustrated Customer,Price Sensitive Shopper,Minimal,Purchase_Frequency,Customer_Service_Calls,Cart_Abandonment_Rate,Feedback Request
27945,Medium,0.8754,Disengaged Customer,Frustrated Customer,Low,Cart_Abandonment_Rate,Email_Open_Rate,Returns_Rate,Re-engagement Email
42098,Medium,0.9925,Frustrated Customer,Price Sensitive Shopper,Low,Age,Discount_Usage_Rate,Customer_Service_Calls,Customer Feedback Survey
13155,IMP,0.9881,Frustrated Customer,Price Sensitive Shopper,High,Customer_Service_Calls,Discount_Usage_Rate,LTV_Per_Purchase,Priority Support | Service Recovery Campaign
45745,High,0.9926,Frustrated Customer,Disengaged Customer,Medium,Customer_Service_Calls,Total_Purchases,LTV_Per_Purchase,Service Recovery Campaign
34855,Low,0.9786,Frustrated Customer,Disengaged Customer,Minimal,Cart_Abandonment_Rate,Returns_Rate,Session_Duration_Avg,Feedback Request
13428,Medium,0.9331,Price Sensitive Shopper,Disengaged Customer,Low,Cart_Abandonment_Rate,Purchase_Frequency,Days_Since_Last_Purchase,Promotional Campaign
34998,Medium,0.9983,Price Sensitive Shopper,Dormant Customer,Low,Age,Discount_Usage_Rate,Cart_Abandonment_Rate,Promotional Campaign
44560,Low,0.6395,Price Sensitive Shopper,Frustrated Customer,Minimal,Cart_Abandonment_Rate,Customer_Service_Calls,Wishlist_Items,Sale Notification
25140,Medium,0.928,Price Sensitive Shopper,Disengaged Customer,Low,Cart_Abandonment_Rate,Email_Open_Rate,Purchase_Frequency,Promotional Campaign
3023,Low,0.9743,Price Sensitive Shopper,Disengaged Customer,Minimal,Cart_Abandonment_Rate,Email_Open_Rate,Pages_Per_Session,Sale Notification
49912,Low,0.7782,Price Sensitive Shopper,Disengaged Customer,Minimal,Cart_Abandonment_Rate,Purchase_Frequency,Login_Frequency,Sale Notification
47910,High,0.9906,Price Sensitive Shopper,Disengaged Customer,Medium,Age,Discount_Usage_Rate,Total_Purchases,Targeted Coupon
4953,IMP,0.9905,Frustrated Customer,Price Sensitive Shopper,High,Customer_Service_Calls,Total_Purchases,Membership_Years,Priority Support | Service Recovery Campaign
38833,IMP,0.9934,Frustrated Customer,Dormant Customer,High,Customer_Service_Calls,Age,LTV_Per_Purchase,Priority Support | Service Recovery Campaign
11488,Low,0.6282,Disengaged Customer,Frustrated Customer,Minimal,Purchase_Frequency,Customer_Service_Calls,Session_Duration_Avg,Newsletter
16170,Low,0.9932,Price Sensitive Shopper,Frustrated Customer,Minimal,Age,Discount_Usage_Rate,Cart_Abandonment_Rate,Sale Notification
12439,Low,0.8718,Frustrated Customer,Disengaged Customer,Minimal,Returns_Rate,Cart_Abandonment_Rate,Mobile_App_Usage,Feedback Request
23935,Low,0.9895,Dormant Customer,Disengaged Customer,Minimal,Days_Since_Last_Purchase,Purchase_Frequency,Cart_Abandonment_Rate,Newsletter Reminder
43433,Medium,0.8089,Price Sensitive Shopper,Disengaged Customer,Low,Cart_Abandonment_Rate,Purchase_Frequency,Email_Open_Rate,Promotional Campaign
37873,High,0.6703,Price Sensitive Shopper,Disengaged Customer,Medium,Cart_Abandonment_Rate,Email_Open_Rate,Days_Since_Last_Purchase,Targeted Coupon
5548,Medium,0.9843,Frustrated Customer,Disengaged Customer,Low,Cart_Abandonment_Rate,Customer_Service_Calls,Returns_Rate,Customer Feedback Survey
16790,High,0.9922,Frustrated Customer,Dormant Customer,Medium,Customer_Service_Calls,Total_Purchases,LTV_Per_Purchase,Service Recovery Campaign
19642,IMP,0.993,Price Sensitive Shopper,Dormant Customer,High,Age,Discount_Usage_Rate,Days_Since_Last_Purchase,Loyalty Rewards | Targeted Coupon
16772,High,0.9188,Price Sensitive Shopper,Frustrated Customer,Medium,Age,Discount_Usage_Rate,Total_Purchases,Targeted Coupon
49410,Low,0.9698,Disengaged Customer,Dormant Customer,Minimal,Purchase_Frequency,Days_Since_Last_Purchase,Email_Open_Rate,Newsletter
10409,High,0.9825,Frustrated Customer,Price Sensitive Shopper,Medium,Customer_Service_Calls,Days_Since_Last_Purchase,Discount_Usage_Rate,Service Recovery Campaign
23358,IMP,0.9998,Frustrated Customer,Price Sensitive Shopper,High,Age,Discount_Usage_Rate,Customer_Service_Calls,Priority Support | Service Recovery Campaign
48978,Low,0.5787,Price Sensitive Shopper,Disengaged Customer,Minimal,Purchase_Frequency,Email_Open_Rate,Cart_Abandonment_Rate,Sale Notification
14626,Medium,0.564,Frustrated Customer,Disengaged Customer,Low,Customer_Service_Calls,Email_Open_Rate,Returns_Rate,Customer Feedback Survey
15276,VIP,0.9829,Price Sensitive Shopper,Disengaged Customer,Critical,Age,Discount_Usage_Rate,LTV_Per_Purchase,VIP Loyalty Rewards | Exclusive Discount Access
6694,High,0.9865,Frustrated Customer,Dormant Customer,Medium,Customer_Service_Calls,Total_Purchases,Average_Order_Value,Service Recovery Campaign
48741,Medium,0.9093,Price Sensitive Shopper,Disengaged Customer,Low,Cart_Abandonment_Rate,Email_Open_Rate,Wishlist_Items,Promotional Campaign
39307,Medium,0.9634,Price Sensitive Shopper,Frustrated Customer,Low,Age,Discount_Usage_Rate,Customer_Service_Calls,Promotional Campaign
37558,High,0.989,Frustrated Customer,Dormant Customer,Medium,Customer_Service_Calls,Returns_Rate,Total_Purchases,Service Recovery Campaign
33473,Medium,0.986,Price Sensitive Shopper,Frustrated Customer,Low,Age,Discount_Usage_Rate,Customer_Service_Calls,Promotional Campaign
23966,Low,0.9715,Price Sensitive Shopper,Disengaged Customer,Minimal,Cart_Abandonment_Rate,Purchase_Frequency,Email_Open_Rate,Sale Notification
32967,Medium,0.9816,Price Sensitive Shopper,Disengaged Customer,Low,Age,Discount_Usage_Rate,Returns_Rate,Promotional Campaign
18051,Low,0.587,Disengaged Customer,Frustrated Customer,Minimal,Returns_Rate,Cart_Abandonment_Rate,Email_Open_Rate,Newsletter
22116,Low,0.9478,Price Sensitive Shopper,Dormant Customer,Minimal,Age,Discount_Usage_Rate,Wishlist_Items,Sale Notification
39081,Medium,0.9883,Price Sensitive Shopper,Frustrated Customer,Low,Age,Discount_Usage_Rate,Customer_Service_Calls,Promotional Campaign
42493,Low,0.9613,Price Sensitive Shopper,Disengaged Customer,Minimal,Purchase_Frequency,Cart_Abandonment_Rate,Email_Open_Rate,Sale Notification
18255,High,0.9908,Frustrated Customer,Disengaged Customer,Medium,Customer_Service_Calls,Total_Purchases,City,Service Recovery Campaign
40536,IMP,0.9825,Frustrated Customer,Price Sensitive Shopper,High,Customer_Service_Calls,Cart_Abandonment_Rate,Mobile_App_Usage,Priority Support | Service Recovery Campaign
40425,Low,0.7274,Price Sensitive Shopper,Disengaged Customer,Minimal,Cart_Abandonment_Rate,Purchase_Frequency,Returns_Rate,Sale Notification
30091,Medium,0.5829,Frustrated Customer,Price Sensitive Shopper,Low,Cart_Abandonment_Rate,Customer_Service_Calls,Returns_Rate,Customer Feedback Survey
13916,High,0.9132,Frustrated Customer,Price Sensitive Shopper,Medium,Customer_Service_Calls,Age,Total_Purchases,Service Recovery Campaign
1609,IMP,0.993,Frustrated Customer,Price Sensitive Shopper,High,Customer_Service_Calls,Total_Purchases,LTV_Per_Purchase,Priority Support | Service Recovery Campaign
34771,IMP,0.9849,Price Sensitive Shopper,Dormant Customer,High,Age,Discount_Usage_Rate,Days_Since_Last_Purchase,Loyalty Rewards | Targeted Coupon
21250,Low,0.9611,Disengaged Customer,Frustrated Customer,Minimal,Email_Open_Rate,Purchase_Frequency,Returns_Rate,Newsletter
10090,Low,0.9112,Price Sensitive Shopper,Disengaged Customer,Minimal,Cart_Abandonment_Rate,Purchase_Frequency,Email_Open_Rate,Sale Notification
46412,Low,0.64,Price Sensitive Shopper,Disengaged Customer,Minimal,Purchase_Frequency,Customer_Service_Calls,Wishlist_Items,Sale Notification
16658,Low,0.9343,Disengaged Customer,Price Sensitive Shopper,Minimal,Purchase_Frequency,Cart_Abandonment_Rate,Age,Newsletter
37505,High,0.9898,Frustrated Customer,Price Sensitive Shopper,Medium,Customer_Service_Calls,Returns_Rate,Average_Order_Value,Service Recovery Campaign
42873,Low,0.9899,Price Sensitive Shopper,Dormant Customer,Minimal,Age,Discount_Usage_Rate,Days_Since_Last_Purchase,Sale Notification
20493,Medium,0.6167,Disengaged Customer,Frustrated Customer,Low,Email_Open_Rate,Returns_Rate,Mobile_App_Usage,Re-engagement Email
8059,High,0.9869,Frustrated Customer,Dormant Customer,Medium,Customer_Service_Calls,Total_Purchases,LTV_Per_Purchase,Service Recovery Campaign
10305,Low,0.968,Price Sensitive Shopper,Frustrated Customer,Minimal,Age,Discount_Usage_Rate,Returns_Rate,Sale Notification
47234,Medium,0.9875,Price Sensitive Shopper,Disengaged Customer,Low,Age,Discount_Usage_Rate,Total_Purchases,Promotional Campaign
46826,Medium,0.8871,Price Sensitive Shopper,Frustrated Customer,Low,Returns_Rate,Cart_Abandonment_Rate,Purchase_Frequency,Promotional Campaign
49222,High,0.9751,Frustrated Customer,Dormant Customer,Medium,Customer_Service_Calls,Total_Purchases,Average_Order_Value,Service Recovery Campaign
38464,IMP,0.9914,Frustrated Customer,Price Sensitive Shopper,High,Customer_Service_Calls,Total_Purchases,LTV_Per_Purchase,Priority Support | Service Recovery Campaign
14113,Medium,0.5425,Price Sensitive Shopper,Disengaged Customer,Low,Cart_Abandonment_Rate,Pages_Per_Session,Login_Frequency,Promotional Campaign
32164,Low,0.6563,Price Sensitive Shopper,Disengaged Customer,Minimal,Purchase_Frequency,Cart_Abandonment_Rate,Days_Since_Last_Purchase,Sale Notification
15084,Low,0.9812,Disengaged Customer,Frustrated Customer,Minimal,Cart_Abandonment_Rate,Email_Open_Rate,Age,Newsletter
11512,IMP,0.9875,Frustrated Customer,Price Sensitive Shopper,High,Customer_Service_Calls,Discount_Usage_Rate,Total_Purchases,Priority Support | Service Recovery Campaign
42446,Low,0.7386,Disengaged Customer,Frustrated Customer,Minimal,Customer_Service_Calls,Email_Open_Rate,Product_Reviews_Written,Newsletter
37992,Low,0.5905,Disengaged Customer,Price Sensitive Shopper,Minimal,Email_Open_Rate,Age,Cart_Abandonment_Rate,Newsletter
43172,Medium,0.9037,Price Sensitive Shopper,Disengaged Customer,Low,Cart_Abandonment_Rate,Purchase_Frequency,Wishlist_Items,Promotional Campaign
35690,Medium,0.6957,Frustrated Customer,Price Sensitive Shopper,Low,Purchase_Frequency,Cart_Abandonment_Rate,Returns_Rate,Customer Feedback Survey
47682,High,0.99,Frustrated Customer,Price Sensitive Shopper,Medium,Customer_Service_Calls,Total_Purchases,Average_Order_Value,Service Recovery Campaign
16393,High,0.99,Frustrated Customer,Disengaged Customer,Medium,Customer_Service_Calls,Total_Purchases,LTV_Per_Purchase,Service Recovery Campaign
27086,Low,0.8153,Disengaged Customer,Price Sensitive Shopper,Minimal,Email_Open_Rate,Cart_Abandonment_Rate,Customer_Service_Calls,Newsletter
43808,Low,0.9932,Disengaged Customer,Frustrated Customer,Minimal,Purchase_Frequency,Email_Open_Rate,Returns_Rate,Newsletter
42394,Low,0.6661,Price Sensitive Shopper,Disengaged Customer,Minimal,Cart_Abandonment_Rate,Pages_Per_Session,Session_Duration_Avg,Sale Notification
31462,Medium,0.8029,Price Sensitive Shopper,Disengaged Customer,Low,Cart_Abandonment_Rate,Email_Open_Rate,Login_Frequency,Promotional Campaign
39015,High,0.9858,Frustrated Customer,Price Sensitive Shopper,Medium,Customer_Service_Calls,Returns_Rate,Discount_Usage_Rate,Service Recovery Campaign
1504,Low,0.8595,Dormant Customer,Frustrated Customer,Minimal,Cart_Abandonment_Rate,Purchase_Frequency,Days_Since_Last_Purchase,Newsletter Reminder
7187,Medium,0.8918,Frustrated Customer,Disengaged Customer,Low,Customer_Service_Calls,Returns_Rate,Email_Open_Rate,Customer Feedback Survey
33801,High,0.8253,Frustrated Customer,Dormant Customer,Medium,Customer_Service_Calls,Days_Since_Last_Purchase,Discount_Usage_Rate,Service Recovery Campaign
1850,Low,0.9776,Dormant Customer,Price Sensitive Shopper,Minimal,Purchase_Frequency,Cart_Abandonment_Rate,Days_Since_Last_Purchase,Newsletter Reminder
9204,Low,0.9337,Disengaged Customer,Frustrated Customer,Minimal,Cart_Abandonment_Rate,Purchase_Frequency,Customer_Service_Calls,Newsletter
30599,High,0.9932,Frustrated Customer,Dormant Customer,Medium,Customer_Service_Calls,Total_Purchases,Returns_Rate,Service Recovery Campaign
47506,Low,0.9927,Disengaged Customer,Frustrated Customer,Minimal,Purchase_Frequency,Cart_Abandonment_Rate,Email_Open_Rate,Newsletter
19803,Medium,0.9856,Disengaged Customer,Price Sensitive Shopper,Low,Cart_Abandonment_Rate,Purchase_Frequency,Email_Open_Rate,Re-engagement Email
4705,Low,0.7324,Disengaged Customer,Price Sensitive Shopper,Minimal,Cart_Abandonment_Rate,Email_Open_Rate,Customer_Service_Calls,Newsletter
4682,IMP,0.9905,Frustrated Customer,Price Sensitive Shopper,High,Customer_Service_Calls,Discount_Usage_Rate,Email_Open_Rate,Priority Support | Service Recovery Campaign
29605,Medium,0.9652,Frustrated Customer,Price Sensitive Shopper,Low,Cart_Abandonment_Rate,Purchase_Frequency,Returns_Rate,Customer Feedback Survey
19568,High,0.9907,Frustrated Customer,Price Sensitive Shopper,Medium,Customer_Service_Calls,Total_Purchases,Returns_Rate,Service Recovery Campaign
39773,Medium,0.9821,Price Sensitive Shopper,Dormant Customer,Low,Cart_Abandonment_Rate,Purchase_Frequency,Days_Since_Last_Purchase,Promotional Campaign
43216,High,0.9155,Frustrated Customer,Price Sensitive Shopper,Medium,Customer_Service_Calls,Discount_Usage_Rate,Cart_Abandonment_Rate,Service Recovery Campaign
6466,Medium,0.974,Price Sensitive Shopper,Disengaged Customer,Low,Cart_Abandonment_Rate,Email_Open_Rate,Customer_Service_Calls,Promotional Campaign
3013,High,0.9732,Frustrated Customer,Dormant Customer,Medium,Customer_Service_Calls,Age,Total_Purchases,Service Recovery Campaign
25215,Low,0.9068,Disengaged Customer,Frustrated Customer,Minimal,Purchase_Frequency,Email_Open_Rate,Customer_Service_Calls,Newsletter
22834,Low,0.6028,Disengaged Customer,Price Sensitive Shopper,Minimal,Cart_Abandonment_Rate,Email_Open_Rate,Login_Frequency,Newsletter
13669,Medium,0.5418,Disengaged Customer,Frustrated Customer,Low,Purchase_Frequency,Days_Since_Last_Purchase,Email_Open_Rate,Re-engagement Email
41264,Low,0.7994,Frustrated Customer,Disengaged Customer,Minimal,Purchase_Frequency,Customer_Service_Calls,Email_Open_Rate,Feedback Request
12048,Medium,0.8047,Price Sensitive Shopper,Frustrated Customer,Low,Cart_Abandonment_Rate,Customer_Service_Calls,Login_Frequency,Promotional Campaign
7117,Medium,0.8075,Disengaged Customer,Price Sensitive Shopper,Low,Email_Open_Rate,Cart_Abandonment_Rate,Customer_Service_Calls,Re-engagement Email
40334,High,0.99,Price Sensitive Shopper,Frustrated Customer,Medium,Age,Discount_Usage_Rate,Total_Purchases,Targeted Coupon
41593,Medium,0.9738,Price Sensitive Shopper,Disengaged Customer,Low,Age,Discount_Usage_Rate,Pages_Per_Session,Promotional Campaign
26761,Medium,0.883,Price Sensitive Shopper,Dormant Customer,Low,Purchase_Frequency,Days_Since_Last_Purchase,Cart_Abandonment_Rate,Promotional Campaign
33754,Low,0.9552,Disengaged Customer,Price Sensitive Shopper,Minimal,Cart_Abandonment_Rate,Email_Open_Rate,Pages_Per_Session,Newsletter
222,IMP,0.9795,Frustrated Customer,Price Sensitive Shopper,High,Customer_Service_Calls,Cart_Abandonment_Rate,Pages_Per_Session,Priority Support | Service Recovery Campaign
40564,Medium,0.7504,Dormant Customer,Frustrated Customer,Low,Days_Since_Last_Purchase,Purchase_Frequency,Customer_Service_Calls,Automated Re-engagement Email
45278,Low,0.9864,Disengaged Customer,Frustrated Customer,Minimal,Email_Open_Rate,Returns_Rate,Cart_Abandonment_Rate,Newsletter
32394,High,0.9882,Frustrated Customer,Price Sensitive Shopper,Medium,Customer_Service_Calls,Age,Total_Purchases,Service Recovery Campaign
24498,High,0.7566,Frustrated Customer,Price Sensitive Shopper,Medium,Customer_Service_Calls,Returns_Rate,LTV_Per_Purchase,Service Recovery Campaign
36665,Low,0.9175,Disengaged Customer,Price Sensitive Shopper,Minimal,Cart_Abandonment_Rate,Customer_Service_Calls,Session_Duration_Avg,Newsletter
7081,Medium,0.4614,Dormant Customer,Disengaged Customer,Low,Purchase_Frequency,Days_Since_Last_Purchase,Wishlist_Items,Automated Re-engagement Email
17564,Low,0.5737,Disengaged Customer,Price Sensitive Shopper,Minimal,Email_Open_Rate,Cart_Abandonment_Rate,Wishlist_Items,Newsletter
32342,Medium,0.9427,Dormant Customer,Disengaged Customer,Low,Purchase_Frequency,Days_Since_Last_Purchase,Customer_Service_Calls,Automated Re-engagement Email
28413,IMP,0.9798,Frustrated Customer,Dormant Customer,High,Customer_Service_Calls,Days_Since_Last_Purchase,LTV_Per_Purchase,Priority Support | Service Recovery Campaign
4674,Low,0.9609,Dormant Customer,Disengaged Customer,Minimal,Purchase_Frequency,Days_Since_Last_Purchase,Session_Duration_Avg,Newsletter Reminder
24630,Low,0.9644,Price Sensitive Shopper,Disengaged Customer,Minimal,Cart_Abandonment_Rate,Age,Customer_Service_Calls,Sale Notification
15532,IMP,0.988,Frustrated Customer,Disengaged Customer,High,Customer_Service_Calls,Returns_Rate,LTV_Per_Purchase,Priority Support | Service Recovery Campaign
4183,High,0.9902,Frustrated Customer,Price Sensitive Shopper,Medium,Customer_Service_Calls,Returns_Rate,LTV_Per_Purchase,Service Recovery Campaign
1864,Low,0.9254,Disengaged Customer,Price Sensitive Shopper,Minimal,Cart_Abandonment_Rate,Purchase_Frequency,Email_Open_Rate,Newsletter
35753,High,0.982,Frustrated Customer,Disengaged Customer,Medium,Customer_Service_Calls,Email_Open_Rate,Cart_Abandonment_Rate,Service Recovery Campaign
37987,Low,0.9768,Price Sensitive Shopper,Frustrated Customer,Minimal,Cart_Abandonment_Rate,Returns_Rate,Pages_Per_Session,Sale Notification
5241,Medium,0.4669,Frustrated Customer,Price Sensitive Shopper,Low,Email_Open_Rate,Customer_Service_Calls,Cart_Abandonment_Rate,Customer Feedback Survey
41320,Low,0.9834,Disengaged Customer,Price Sensitive Shopper,Minimal,Cart_Abandonment_Rate,Email_Open_Rate,Customer_Service_Calls,Newsletter
28589,Medium,0.6337,Frustrated Customer,Disengaged Customer,Low,Customer_Service_Calls,Email_Open_Rate,Returns_Rate,Customer Feedback Survey
35357,Medium,0.4408,Frustrated Customer,Disengaged Customer,Low,Returns_Rate,Purchase_Frequency,Customer_Service_Calls,Customer Feedback Survey
28228,Medium,0.9564,Price Sensitive Shopper,Frustrated Customer,Low,Age,Discount_Usage_Rate,Returns_Rate,Promotional Campaign
11745,High,0.991,Frustrated Customer,Price Sensitive Shopper,Medium,Customer_Service_Calls,Total_Purchases,LTV_Per_Purchase,Service Recovery Campaign
22391,Medium,0.9896,Price Sensitive Shopper,Frustrated Customer,Low,Age,Discount_Usage_Rate,Customer_Service_Calls,Promotional Campaign
34154,Low,0.9472,Frustrated Customer,Price Sensitive Shopper,Minimal,Returns_Rate,Cart_Abandonment_Rate,Customer_Service_Calls,Feedback Request
9350,Medium,0.4826,Price Sensitive Shopper,Dormant Customer,Low,Cart_Abandonment_Rate,Days_Since_Last_Purchase,Purchase_Frequency,Promotional Campaign
45176,Low,0.9758,Frustrated Customer,Dormant Customer,Minimal,Purchase_Frequency,Days_Since_Last_Purchase,Customer_Service_Calls,Feedback Request
35513,Low,0.9053,Disengaged Customer,Price Sensitive Shopper,Minimal,Cart_Abandonment_Rate,Email_Open_Rate,Customer_Service_Calls,Newsletter
37980,Low,0.9255,Disengaged Customer,Frustrated Customer,Minimal,Email_Open_Rate,Returns_Rate,Wishlist_Items,Newsletter
28561,Low,0.9688,Disengaged Customer,Dormant Customer,Minimal,Purchase_Frequency,Email_Open_Rate,Days_Since_Last_Purchase,Newsletter
14039,IMP,0.9845,Frustrated Customer,Dormant Customer,High,Customer_Service_Calls,Returns_Rate,Days_Since_Last_Purchase,Priority Support | Service Recovery Campaign
46538,IMP,0.9852,Frustrated Customer,Dormant Customer,High,Customer_Service_Calls,Age,Total_Purchases,Priority Support | Service Recovery Campaign
30249,High,0.9906,Price Sensitive Shopper,Disengaged Customer,Medium,Age,Discount_Usage_Rate,Total_Purchases,Targeted Coupon
44143,Low,0.6861,Disengaged Customer,Price Sensitive Shopper,Minimal,Cart_Abandonment_Rate,Email_Open_Rate,Login_Frequency,Newsletter
36339,High,0.9856,Frustrated Customer,Price Sensitive Shopper,Medium,Customer_Service_Calls,Discount_Usage_Rate,Email_Open_Rate,Service Recovery Campaign
5461,Low,0.875,Price Sensitive Shopper,Disengaged Customer,Minimal,Cart_Abandonment_Rate,Email_Open_Rate,Customer_Service_Calls,Sale Notification
47196,High,0.9999,Price Sensitive Shopper,Frustrated Customer,Medium,Age,Discount_Usage_Rate,Customer_Service_Calls,Targeted Coupon
41906,Medium,0.9851,Price Sensitive Shopper,Frustrated Customer,Low,Age,Discount_Usage_Rate,Customer_Service_Calls,Promotional Campaign
46307,Medium,0.9979,Price Sensitive Shopper,Frustrated Customer,Low,Age,Cart_Abandonment_Rate,Discount_Usage_Rate,Promotional Campaign
5348,High,0.9994,Frustrated Customer,Price Sensitive Shopper,Medium,Age,Discount_Usage_Rate,Customer_Service_Calls,Service Recovery Campaign
23801,Low,0.9874,Price Sensitive Shopper,Frustrated Customer,Minimal,Age,Discount_Usage_Rate,Customer_Service_Calls,Sale Notification
10821,Low,0.9847,Frustrated Customer,Disengaged Customer,Minimal,Returns_Rate,Email_Open_Rate,Cart_Abandonment_Rate,Feedback Request
9097,High,0.9998,Price Sensitive Shopper,Frustrated Customer,Medium,Age,Discount_Usage_Rate,Customer_Service_Calls,Targeted Coupon
26921,Low,0.9541,Price Sensitive Shopper,Disengaged Customer,Minimal,Age,Discount_Usage_Rate,Flag_Missing,Sale Notification
42504,IMP,0.9921,Frustrated Customer,Dormant Customer,High,Customer_Service_Calls,Login_Frequency,Total_Purchases,Priority Support | Service Recovery Campaign
45573,High,0.9918,Frustrated Customer,Dormant Customer,Medium,Customer_Service_Calls,Age,LTV_Per_Purchase,Service Recovery Campaign
23069,High,0.982,Frustrated Customer,Disengaged Customer,Medium,Customer_Service_Calls,Email_Open_Rate,Total_Purchases,Service Recovery Campaign
46075,High,0.9877,Frustrated Customer,Dormant Customer,Medium,Customer_Service_Calls,Total_Purchases,LTV_Per_Purchase,Service Recovery Campaign
18685,Medium,0.9807,Dormant Customer,Frustrated Customer,Low,Purchase_Frequency,Days_Since_Last_Purchase,Customer_Service_Calls,Automated Re-engagement Email
7809,Low,0.6555,Frustrated Customer,Price Sensitive Shopper,Minimal,Purchase_Frequency,Cart_Abandonment_Rate,Age,Feedback Request
39895,Medium,0.9693,Price Sensitive Shopper,Disengaged Customer,Low,Age,Discount_Usage_Rate,Total_Purchases,Promotional Campaign
3053,Low,0.7206,Frustrated Customer,Disengaged Customer,Minimal,Customer_Service_Calls,Purchase_Frequency,Email_Open_Rate,Feedback Request
24870,Low,0.994,Price Sensitive Shopper,Dormant Customer,Minimal,Cart_Abandonment_Rate,Purchase_Frequency,Days_Since_Last_Purchase,Sale Notification
25068,High,0.9907,Frustrated Customer,Price Sensitive Shopper,Medium,Customer_Service_Calls,Total_Purchases,Flag_Missing,Service Recovery Campaign
44879,High,0.9885,Frustrated Customer,Price Sensitive Shopper,Medium,Customer_Service_Calls,Total_Purchases,Returns_Rate,Service Recovery Campaign
48085,High,0.9923,Frustrated Customer,Price Sensitive Shopper,Medium,Customer_Service_Calls,Discount_Usage_Rate,LTV_Per_Purchase,Service Recovery Campaign
21564,Low,0.9771,Price Sensitive Shopper,Disengaged Customer,Minimal,Cart_Abandonment_Rate,Customer_Service_Calls,Purchase_Frequency,Sale Notification
26721,Medium,0.4082,Dormant Customer,Disengaged Customer,Low,Purchase_Frequency,Days_Since_Last_Purchase,Cart_Abandonment_Rate,Automated Re-engagement Email
436,IMP,0.9929,Frustrated Customer,Price Sensitive Shopper,High,Customer_Service_Calls,LTV_Per_Purchase,Average_Order_Value,Priority Support | Service Recovery Campaign
41799,Medium,0.9522,Frustrated Customer,Price Sensitive Shopper,Low,Cart_Abandonment_Rate,Returns_Rate,Customer_Service_Calls,Customer Feedback Survey
18256,Low,0.8164,Price Sensitive Shopper,Disengaged Customer,Minimal,Cart_Abandonment_Rate,Customer_Service_Calls,Product_Reviews_Written,Sale Notification
41261,IMP,0.9866,Frustrated Customer,Price Sensitive Shopper,High,Customer_Service_Calls,Discount_Usage_Rate,Social_Media_Engagement_Score,Priority Support | Service Recovery Campaign
28514,Medium,0.5315,Disengaged Customer,Price Sensitive Shopper,Low,Purchase_Frequency,Email_Open_Rate,Customer_Service_Calls,Re-engagement Email
25519,High,0.9745,Frustrated Customer,Price Sensitive Shopper,Medium,Customer_Service_Calls,Age,Total_Purchases,Service Recovery Campaign
31588,Medium,0.707,Price Sensitive Shopper,Disengaged Customer,Low,Cart_Abandonment_Rate,Customer_Service_Calls,Mobile_App_Usage,Promotional Campaign
2052,Medium,0.5611,Price Sensitive Shopper,Frustrated Customer,Low,Cart_Abandonment_Rate,Customer_Service_Calls,Email_Open_Rate,Promotional Campaign
33547,Medium,0.6217,Frustrated Customer,Disengaged Customer,Low,Returns_Rate,Purchase_Frequency,Days_Since_Last_Purchase,Customer Feedback Survey
30213,High,0.9828,Frustrated Customer,Price Sensitive Shopper,Medium,Customer_Service_Calls,Total_Purchases,Average_Order_Value,Service Recovery Campaign
22254,High,0.9871,Frustrated Customer,Disengaged Customer,Medium,Customer_Service_Calls,Total_Purchases,Returns_Rate,Service Recovery Campaign
26497,Low,0.9313,Price Sensitive Shopper,Disengaged Customer,Minimal,Cart_Abandonment_Rate,Customer_Service_Calls,Purchase_Frequency,Sale Notification
43106,Low,0.9391,Disengaged Customer,Price Sensitive Shopper,Minimal,Cart_Abandonment_Rate,Email_Open_Rate,Customer_Service_Calls,Newsletter
8879,Low,0.5521,Frustrated Customer,Price Sensitive Shopper,Minimal,Cart_Abandonment_Rate,Returns_Rate,Customer_Service_Calls,Feedback Request
29510,High,0.947,Frustrated Customer,Price Sensitive Shopper,Medium,Customer_Service_Calls,Average_Order_Value,LTV_Per_Purchase,Service Recovery Campaign
26081,Low,0.6755,Disengaged Customer,Dormant Customer,Minimal,Purchase_Frequency,Age,Days_Since_Last_Purchase,Newsletter
43208,Medium,0.7097,Price Sensitive Shopper,Disengaged Customer,Low,Cart_Abandonment_Rate,Login_Frequency,Customer_Service_Calls,Promotional Campaign
44782,Low,0.8324,Disengaged Customer,Price Sensitive Shopper,Minimal,Purchase_Frequency,Email_Open_Rate,Pages_Per_Session,Newsletter
41533,High,0.9913,Frustrated Customer,Price Sensitive Shopper,Medium,Customer_Service_Calls,Total_Purchases,Returns_Rate,Service Recovery Campaign
36136,Low,0.9743,Disengaged Customer,Price Sensitive Shopper,Minimal,Cart_Abandonment_Rate,Email_Open_Rate,Returns_Rate,Newsletter
17896,Low,0.9855,Disengaged Customer,Price Sensitive Shopper,Minimal,Purchase_Frequency,Cart_Abandonment_Rate,Days_Since_Last_Purchase,Newsletter
35152,Medium,0.9971,Dormant Customer,Price Sensitive Shopper,Low,Age,Discount_Usage_Rate,Days_Since_Last_Purchase,Automated Re-engagement Email
26563,Medium,0.988,Price Sensitive Shopper,Disengaged Customer,Low,Age,Discount_Usage_Rate,Total_Purchases,Promotional Campaign
44524,Medium,0.6146,Frustrated Customer,Disengaged Customer,Low,Returns_Rate,Days_Since_Last_Purchase,Customer_Service_Calls,Customer Feedback Survey
4909,High,0.9802,Frustrated Customer,Disengaged Customer,Medium,Customer_Service_Calls,Total_Purchases,Returns_Rate,Service Recovery Campaign
24410,Low,0.7586,Frustrated Customer,Dormant Customer,Minimal,Cart_Abandonment_Rate,Customer_Service_Calls,Login_Frequency,Feedback Request
26478,Medium,0.4711,Price Sensitive Shopper,Frustrated Customer,Low,Cart_Abandonment_Rate,Customer_Service_Calls,Wishlist_Items,Promotional Campaign
17568,High,0.9991,Price Sensitive Shopper,Frustrated Customer,Medium,Age,Discount_Usage_Rate,Customer_Service_Calls,Targeted Coupon
25946,Medium,0.9067,Disengaged Customer,Frustrated Customer,Low,Cart_Abandonment_Rate,Customer_Service_Calls,Email_Open_Rate,Re-engagement Email
36060,IMP,0.9997,Price Sensitive Shopper,Frustrated Customer,High,Customer_Service_Calls,Cart_Abandonment_Rate,Email_Open_Rate,Loyalty Rewards | Targeted Coupon
30243,High,0.9869,Frustrated Customer,Dormant Customer,Medium,Customer_Service_Calls,Returns_Rate,Total_Purchases,Service Recovery Campaign
34770,Medium,0.9176,Price Sensitive Shopper,Disengaged Customer,Low,Cart_Abandonment_Rate,Customer_Service_Calls,Mobile_App_Usage,Promotional Campaign
12273,High,0.9805,Price Sensitive Shopper,Dormant Customer,Medium,Age,Discount_Usage_Rate,Total_Purchases,Targeted Coupon
29672,High,0.9933,Frustrated Customer,Dormant Customer,Medium,Customer_Service_Calls,Days_Since_Last_Purchase,Total_Purchases,Service Recovery Campaign
15727,Low,0.9876,Dormant Customer,Price Sensitive Shopper,Minimal,Age,Discount_Usage_Rate,Customer_Service_Calls,Newsletter Reminder
10864,Low,0.6927,Price Sensitive Shopper,Disengaged Customer,Minimal,Cart_Abandonment_Rate,Email_Open_Rate,Wishlist_Items,Sale Notification
49575,Low,0.6169,Price Sensitive Shopper,Frustrated Customer,Minimal,Cart_Abandonment_Rate,Email_Open_Rate,Returns_Rate,Sale Notification
46521,Low,0.9356,Price Sensitive Shopper,Frustrated Customer,Minimal,Age,Discount_Usage_Rate,Customer_Service_Calls,Sale Notification
39039,Medium,0.6559,Frustrated Customer,Price Sensitive Shopper,Low,Customer_Service_Calls,Returns_Rate,Cart_Abandonment_Rate,Customer Feedback Survey
30908,High,0.9894,Frustrated Customer,Price Sensitive Shopper,Medium,Customer_Service_Calls,LTV_Per_Purchase,Total_Purchases,Service Recovery Campaign
35894,High,0.9869,Frustrated Customer,Dormant Customer,Medium,Customer_Service_Calls,Days_Since_Last_Purchase,Login_Frequency,Service Recovery Campaign
26943,Low,0.9768,Frustrated Customer,Price Sensitive Shopper,Minimal,Cart_Abandonment_Rate,Purchase_Frequency,Returns_Rate,Feedback Request
237,Medium,0.5942,Disengaged Customer,Frustrated Customer,Low,Purchase_Frequency,Returns_Rate,Days_Since_Last_Purchase,Re-engagement Email
40907,Medium,0.9305,Price Sensitive Shopper,Disengaged Customer,Low,Cart_Abandonment_Rate,Email_Open_Rate,Customer_Service_Calls,Promotional Campaign
15260,Medium,0.6274,Frustrated Customer,Disengaged Customer,Low,Purchase_Frequency,Customer_Service_Calls,Returns_Rate,Customer Feedback Survey
47843,High,0.9769,Frustrated Customer,Price Sensitive Shopper,Medium,Customer_Service_Calls,Age,Total_Purchases,Service Recovery Campaign
33759,Low,0.9697,Disengaged Customer,Price Sensitive Shopper,Minimal,Cart_Abandonment_Rate,Email_Open_Rate,Purchase_Frequency,Newsletter
46106,IMP,0.9896,Frustrated Customer,Price Sensitive Shopper,High,Customer_Service_Calls,Average_Order_Value,Returns_Rate,Priority Support | Service Recovery Campaign
11865,Medium,0.9475,Price Sensitive Shopper,Frustrated Customer,Low,Age,Discount_Usage_Rate,Customer_Service_Calls,Promotional Campaign
4078,IMP,0.9889,Frustrated Customer,Price Sensitive Shopper,High,Customer_Service_Calls,Discount_Usage_Rate,LTV_Per_Purchase,Priority Support | Service Recovery Campaign
16214,Medium,0.9954,Price Sensitive Shopper,Dormant Customer,Low,Age,Discount_Usage_Rate,Purchase_Frequency,Promotional Campaign
26119,Low,0.6289,Price Sensitive Shopper,Disengaged Customer,Minimal,Cart_Abandonment_Rate,Returns_Rate,Email_Open_Rate,Sale Notification
11012,Medium,0.9763,Price Sensitive Shopper,Disengaged Customer,Low,Cart_Abandonment_Rate,Customer_Service_Calls,Email_Open_Rate,Promotional Campaign
38773,Medium,0.6719,Frustrated Customer,Price Sensitive Shopper,Low,Cart_Abandonment_Rate,Email_Open_Rate,Customer_Service_Calls,Customer Feedback Survey
48740,IMP,0.9876,Frustrated Customer,Dormant Customer,High,Customer_Service_Calls,Days_Since_Last_Purchase,LTV_Per_Purchase,Priority Support | Service Recovery Campaign
9395,High,0.9887,Frustrated Customer,Disengaged Customer,Medium,Customer_Service_Calls,Returns_Rate,Total_Purchases,Service Recovery Campaign
20167,Medium,0.8637,Frustrated Customer,Disengaged Customer,Low,Customer_Service_Calls,Email_Open_Rate,Returns_Rate,Customer Feedback Survey
32299,Low,0.9653,Price Sensitive Shopper,Frustrated Customer,Minimal,Cart_Abandonment_Rate,Purchase_Frequency,Age,Sale Notification
7111,Low,0.9907,Disengaged Customer,Frustrated Customer,Minimal,Purchase_Frequency,Returns_Rate,Cart_Abandonment_Rate,Newsletter
18526,Medium,0.9957,Price Sensitive Shopper,Frustrated Customer,Low,Age,Discount_Usage_Rate,Email_Open_Rate,Promotional Campaign
45444,Low,0.9988,Dormant Customer,Frustrated Customer,Minimal,Purchase_Frequency,Days_Since_Last_Purchase,Cart_Abandonment_Rate,Newsletter Reminder
23195,Medium,0.6831,Dormant Customer,Frustrated Customer,Low,Purchase_Frequency,Days_Since_Last_Purchase,Customer_Service_Calls,Automated Re-engagement Email
29022,Medium,0.9912,Price Sensitive Shopper,Disengaged Customer,Low,Age,Discount_Usage_Rate,Engagement_Score,Promotional Campaign
49369,Low,0.9917,Price Sensitive Shopper,Disengaged Customer,Minimal,Age,Cart_Abandonment_Rate,Discount_Usage_Rate,Sale Notification
22820,Low,0.7773,Price Sensitive Shopper,Frustrated Customer,Minimal,Purchase_Frequency,Cart_Abandonment_Rate,Customer_Service_Calls,Sale Notification
48618,Medium,0.8944,Price Sensitive Shopper,Disengaged Customer,Low,Cart_Abandonment_Rate,Session_Duration_Avg,Engagement_Score,Promotional Campaign
10274,High,0.9845,Frustrated Customer,Dormant Customer,Medium,Customer_Service_Calls,Total_Purchases,LTV_Per_Purchase,Service Recovery Campaign
11600,Medium,0.9764,Price Sensitive Shopper,Frustrated Customer,Low,Age,Discount_Usage_Rate,Customer_Service_Calls,Promotional Campaign
2900,Low,0.9723,Price Sensitive Shopper,Frustrated Customer,Minimal,Cart_Abandonment_Rate,Purchase_Frequency,Returns_Rate,Sale Notification
19648,High,0.9928,Frustrated Customer,Dormant Customer,Medium,Customer_Service_Calls,Total_Purchases,Returns_Rate,Service Recovery Campaign
22005,Low,0.8241,Frustrated Customer,Disengaged Customer,Minimal,Email_Open_Rate,Customer_Service_Calls,Cart_Abandonment_Rate,Feedback Request
24394,Low,0.932,Frustrated Customer,Disengaged Customer,Minimal,Email_Open_Rate,Customer_Service_Calls,Returns_Rate,Feedback Request
11406,High,0.987,Frustrated Customer,Price Sensitive Shopper,Medium,Customer_Service_Calls,Returns_Rate,Total_Purchases,Service Recovery Campaign
2277,Low,0.9993,Dormant Customer,Price Sensitive Shopper,Minimal,Age,Days_Since_Last_Purchase,Discount_Usage_Rate,Newsletter Reminder
4622,Low,0.7025,Frustrated Customer,Price Sensitive Shopper,Minimal,Returns_Rate,Cart_Abandonment_Rate,Customer_Service_Calls,Feedback Request
34873,Medium,0.4183,Price Sensitive Shopper,Frustrated Customer,Low,Cart_Abandonment_Rate,Returns_Rate,Wishlist_Items,Promotional Campaign
43854,Low,0.8437,Disengaged Customer,Dormant Customer,Minimal,Cart_Abandonment_Rate,Email_Open_Rate,Purchase_Frequency,Newsletter
24089,High,0.9908,Frustrated Customer,Price Sensitive Shopper,Medium,Customer_Service_Calls,Total_Purchases,LTV_Per_Purchase,Service Recovery Campaign
46503,High,0.9778,Frustrated Customer,Disengaged Customer,Medium,Customer_Service_Calls,LTV_Per_Purchase,Total_Purchases,Service Recovery Campaign
35563,Medium,0.9631,Dormant Customer,Frustrated Customer,Low,Days_Since_Last_Purchase,Purchase_Frequency,Returns_Rate,Automated Re-engagement Email
4132,Low,0.9611,Frustrated Customer,Disengaged Customer,Minimal,Purchase_Frequency,Email_Open_Rate,Customer_Service_Calls,Feedback Request
46321,Low,0.8398,Frustrated Customer,Disengaged Customer,Minimal,Cart_Abandonment_Rate,Customer_Service_Calls,Pages_Per_Session,Feedback Request
36660,Low,0.9815,Disengaged Customer,Dormant Customer,Minimal,Purchase_Frequency,Days_Since_Last_Purchase,Email_Open_Rate,Newsletter
23397,VIP,0.9738,Frustrated Customer,Price Sensitive Shopper,Critical,Customer_Service_Calls,Discount_Usage_Rate,Average_Order_Value,Dedicated Customer Success Outreach | Priority Support | Returns Experience Review
14106,IMP,0.9891,Frustrated Customer,Disengaged Customer,High,Customer_Service_Calls,Login_Frequency,Wishlist_Items,Priority Support | Service Recovery Campaign
38356,High,0.9895,Frustrated Customer,Price Sensitive Shopper,Medium,Customer_Service_Calls,Discount_Usage_Rate,Total_Purchases,Service Recovery Campaign
32438,High,0.9903,Frustrated Customer,Dormant Customer,Medium,Customer_Service_Calls,Total_Purchases,Average_Order_Value,Service Recovery Campaign
49953,Low,0.8977,Frustrated Customer,Price Sensitive Shopper,Minimal,Purchase_Frequency,Customer_Service_Calls,Cart_Abandonment_Rate,Feedback Request
25695,High,0.9839,Frustrated Customer,Dormant Customer,Medium,Customer_Service_Calls,Returns_Rate,LTV_Per_Purchase,Service Recovery Campaign
10941,High,0.989,Frustrated Customer,Dormant Customer,Medium,Customer_Service_Calls,Discount_Usage_Rate,Login_Frequency,Service Recovery Campaign
31158,Low,0.9837,Disengaged Customer,Price Sensitive Shopper,Minimal,Cart_Abandonment_Rate,Email_Open_Rate,Mobile_App_Usage,Newsletter
39031,Low,0.9895,Disengaged Customer,Frustrated Customer,Minimal,Cart_Abandonment_Rate,Email_Open_Rate,Purchase_Frequency,Newsletter
11110,Low,0.9698,Dormant Customer,Frustrated Customer,Minimal,Purchase_Frequency,Days_Since_Last_Purchase,Cart_Abandonment_Rate,Newsletter Reminder
32166,High,0.9815,Frustrated Customer,Dormant Customer,Medium,Customer_Service_Calls,Total_Purchases,Flag_Missing,Service Recovery Campaign
14990,Low,0.9675,Disengaged Customer,Dormant Customer,Minimal,Purchase_Frequency,Email_Open_Rate,Days_Since_Last_Purchase,Newsletter
1731,Low,0.9143,Disengaged Customer,Price Sensitive Shopper,Minimal,Cart_Abandonment_Rate,Email_Open_Rate,Purchase_Frequency,Newsletter
22566,Medium,0.9931,Price Sensitive Shopper,Frustrated Customer,Low,Age,Discount_Usage_Rate,Cart_Abandonment_Rate,Promotional Campaign
41105,Low,0.9921,Price Sensitive Shopper,Frustrated Customer,Minimal,Age,Discount_Usage_Rate,Cart_Abandonment_Rate,Sale Notification
33930,Low,0.9017,Price Sensitive Shopper,Disengaged Customer,Minimal,Cart_Abandonment_Rate,Purchase_Frequency,Session_Duration_Avg,Sale Notification
39119,Low,0.8211,Frustrated Customer,Disengaged Customer,Minimal,Purchase_Frequency,Customer_Service_Calls,Cart_Abandonment_Rate,Feedback Request
37380,Low,0.9829,Dormant Customer,Disengaged Customer,Minimal,Cart_Abandonment_Rate,Days_Since_Last_Purchase,Email_Open_Rate,Newsletter Reminder
39802,High,0.9848,Frustrated Customer,Dormant Customer,Medium,Customer_Service_Calls,Age,Total_Purchases,Service Recovery Campaign
33702,Medium,0.4439,Frustrated Customer,Disengaged Customer,Low,Age,Cart_Abandonment_Rate,Customer_Service_Calls,Customer Feedback Survey
8159,Low,0.6287,Price Sensitive Shopper,Disengaged Customer,Minimal,Cart_Abandonment_Rate,Email_Open_Rate,Discount_Usage_Rate,Sale Notification
11123,Low,0.871,Price Sensitive Shopper,Disengaged Customer,Minimal,Cart_Abandonment_Rate,Customer_Service_Calls,Wishlist_Items,Sale Notification
41270,Low,0.8776,Disengaged Customer,Dormant Customer,Minimal,Purchase_Frequency,Days_Since_Last_Purchase,Email_Open_Rate,Newsletter
47822,Medium,0.9836,Price Sensitive Shopper,Frustrated Customer,Low,Age,Discount_Usage_Rate,Returns_Rate,Promotional Campaign
4821,Low,0.8962,Disengaged Customer,Frustrated Customer,Minimal,Purchase_Frequency,Email_Open_Rate,Session_Duration_Avg,Newsletter
31095,Low,0.9828,Price Sensitive Shopper,Frustrated Customer,Minimal,Cart_Abandonment_Rate,Returns_Rate,Purchase_Frequency,Sale Notification
24493,Low,0.9802,Price Sensitive Shopper,Disengaged Customer,Minimal,Age,Discount_Usage_Rate,Email_Open_Rate,Sale Notification
35834,Low,0.9227,Price Sensitive Shopper,Frustrated Customer,Minimal,Cart_Abandonment_Rate,Email_Open_Rate,Purchase_Frequency,Sale Notification
39856,High,0.9897,Frustrated Customer,Dormant Customer,Medium,Customer_Service_Calls,Days_Since_Last_Purchase,Returns_Rate,Service Recovery Campaign
38739,Low,0.94,Disengaged Customer,Price Sensitive Shopper,Minimal,Cart_Abandonment_Rate,Email_Open_Rate,Customer_Service_Calls,Newsletter
5929,IMP,0.9933,Frustrated Customer,Dormant Customer,High,Customer_Service_Calls,LTV_Per_Purchase,Total_Purchases,Priority Support | Service Recovery Campaign
46473,High,0.986,Frustrated Customer,Price Sensitive Shopper,Medium,Customer_Service_Calls,Cart_Abandonment_Rate,LTV_Per_Purchase,Service Recovery Campaign
1796,IMP,0.9914,Frustrated Customer,Price Sensitive Shopper,High,Customer_Service_Calls,Discount_Usage_Rate,Total_Purchases,Priority Support | Service Recovery Campaign
48881,Medium,0.9861,Price Sensitive Shopper,Frustrated Customer,Low,Age,Discount_Usage_Rate,Returns_Rate,Promotional Campaign
24881,High,0.9869,Frustrated Customer,Price Sensitive Shopper,Medium,Customer_Service_Calls,Discount_Usage_Rate,Total_Purchases,Service Recovery Campaign
18202,High,0.9211,Frustrated Customer,Price Sensitive Shopper,Medium,Customer_Service_Calls,Product_Reviews_Written,Wishlist_Items,Service Recovery Campaign
17558,Low,0.8426,Frustrated Customer,Disengaged Customer,Minimal,Cart_Abandonment_Rate,Email_Open_Rate,Returns_Rate,Feedback Request
3375,Low,0.9896,Price Sensitive Shopper,Disengaged Customer,Minimal,Purchase_Frequency,Cart_Abandonment_Rate,Returns_Rate,Sale Notification
21168,Low,0.9748,Dormant Customer,Disengaged Customer,Minimal,Purchase_Frequency,Days_Since_Last_Purchase,Email_Open_Rate,Newsletter Reminder
19699,Low,0.8363,Price Sensitive Shopper,Disengaged Customer,Minimal,Cart_Abandonment_Rate,Email_Open_Rate,Customer_Service_Calls,Sale Notification
30893,VIP,0.992,Frustrated Customer,Price Sensitive Shopper,Critical,Customer_Service_Calls,LTV_Per_Purchase,Total_Purchases,Dedicated Customer Success Outreach | Priority Support | Returns Experience Review
13690,Medium,0.9198,Disengaged Customer,Frustrated Customer,Low,Cart_Abandonment_Rate,Email_Open_Rate,Purchase_Frequency,Re-engagement Email
10153,Low,0.9808,Frustrated Customer,Price Sensitive Shopper,Minimal,Age,Discount_Usage_Rate,Customer_Service_Calls,Feedback Request
5835,Low,0.9864,Disengaged Customer,Frustrated Customer,Minimal,Purchase_Frequency,Returns_Rate,Email_Open_Rate,Newsletter
22503,Low,0.9751,Disengaged Customer,Price Sensitive Shopper,Minimal,Cart_Abandonment_Rate,Email_Open_Rate,Customer_Service_Calls,Newsletter
11321,Medium,0.6259,Disengaged Customer,Price Sensitive Shopper,Low,Email_Open_Rate,Wishlist_Items,Customer_Service_Calls,Re-engagement Email
47437,Low,0.9525,Frustrated Customer,Disengaged Customer,Minimal,Returns_Rate,Purchase_Frequency,Session_Duration_Avg,Feedback Request
9769,Medium,0.5265,Dormant Customer,Disengaged Customer,Low,Purchase_Frequency,Age,Returns_Rate,Automated Re-engagement Email
3410,Low,0.9723,Disengaged Customer,Frustrated Customer,Minimal,Customer_Service_Calls,Email_Open_Rate,Cart_Abandonment_Rate,Newsletter
8346,Medium,0.9689,Price Sensitive Shopper,Frustrated Customer,Low,Cart_Abandonment_Rate,Returns_Rate,Email_Open_Rate,Promotional Campaign
23777,High,0.7304,Frustrated Customer,Dormant Customer,Medium,Days_Since_Last_Purchase,Purchase_Frequency,Customer_Service_Calls,Service Recovery Campaign
16771,Medium,0.9848,Price Sensitive Shopper,Frustrated Customer,Low,Age,Discount_Usage_Rate,Customer_Service_Calls,Promotional Campaign
23782,Medium,0.9378,Frustrated Customer,Disengaged Customer,Low,Cart_Abandonment_Rate,Customer_Service_Calls,Returns_Rate,Customer Feedback Survey
32573,IMP,0.9909,Frustrated Customer,Disengaged Customer,High,Customer_Service_Calls,Returns_Rate,LTV_Per_Purchase,Priority Support | Service Recovery Campaign
35146,Medium,0.9625,Price Sensitive Shopper,Frustrated Customer,Low,Age,Discount_Usage_Rate,Customer_Service_Calls,Promotional Campaign
31950,Medium,0.9866,Price Sensitive Shopper,Disengaged Customer,Low,Age,Discount_Usage_Rate,Total_Purchases,Promotional Campaign
12888,Medium,0.7612,Dormant Customer,Price Sensitive Shopper,Low,Customer_Service_Calls,Cart_Abandonment_Rate,Days_Since_Last_Purchase,Automated Re-engagement Email
2068,Low,0.9125,Disengaged Customer,Frustrated Customer,Minimal,Purchase_Frequency,Email_Open_Rate,Customer_Service_Calls,Newsletter
19682,Low,0.6789,Frustrated Customer,Price Sensitive Shopper,Minimal,Cart_Abandonment_Rate,Customer_Service_Calls,Product_Reviews_Written,Feedback Request
22672,Medium,0.988,Price Sensitive Shopper,Frustrated Customer,Low,Age,Discount_Usage_Rate,Returns_Rate,Promotional Campaign
37457,Medium,0.681,Dormant Customer,Frustrated Customer,Low,Days_Since_Last_Purchase,Purchase_Frequency,Customer_Service_Calls,Automated Re-engagement Email
32397,High,0.9928,Frustrated Customer,Disengaged Customer,Medium,Customer_Service_Calls,Total_Purchases,Pages_Per_Session,Service Recovery Campaign
7076,Medium,0.8958,Disengaged Customer,Dormant Customer,Low,Days_Since_Last_Purchase,Purchase_Frequency,Email_Open_Rate,Re-engagement Email
37572,Medium,0.97,Price Sensitive Shopper,Frustrated Customer,Low,Age,Discount_Usage_Rate,Customer_Service_Calls,Promotional Campaign
16701,High,0.9856,Frustrated Customer,Dormant Customer,Medium,Customer_Service_Calls,Age,Days_Since_Last_Purchase,Service Recovery Campaign
40401,IMP,0.9888,Frustrated Customer,Price Sensitive Shopper,High,Customer_Service_Calls,Total_Purchases,LTV_Per_Purchase,Priority Support | Service Recovery Campaign
29364,High,0.9915,Frustrated Customer,Dormant Customer,Medium,Customer_Service_Calls,Total_Purchases,LTV_Per_Purchase,Service Recovery Campaign
273,High,0.9812,Frustrated Customer,Price Sensitive Shopper,Medium,Customer_Service_Calls,Total_Purchases,Average_Order_Value,Service Recovery Campaign
6372,Low,0.9457,Price Sensitive Shopper,Disengaged Customer,Minimal,Cart_Abandonment_Rate,Purchase_Frequency,Days_Since_Last_Purchase,Sale Notification
49548,High,0.9931,Frustrated Customer,Price Sensitive Shopper,Medium,Customer_Service_Calls,Discount_Usage_Rate,Total_Purchases,Service Recovery Campaign
14649,Medium,0.4642,Price Sensitive Shopper,Frustrated Customer,Low,Cart_Abandonment_Rate,Customer_Service_Calls,Wishlist_Items,Promotional Campaign
29980,Low,0.9838,Price Sensitive Shopper,Frustrated Customer,Minimal,Age,Discount_Usage_Rate,Customer_Service_Calls,Sale Notification
44544,Low,0.7062,Disengaged Customer,Dormant Customer,Minimal,Purchase_Frequency,Days_Since_Last_Purchase,Email_Open_Rate,Newsletter
18653,High,0.9922,Frustrated Customer,Price Sensitive Shopper,Medium,Customer_Service_Calls,Discount_Usage_Rate,LTV_Per_Purchase,Service Recovery Campaign
38614,Low,0.5564,Frustrated Customer,Price Sensitive Shopper,Minimal,Age,Customer_Service_Calls,Cart_Abandonment_Rate,Feedback Request
34486,Low,0.9571,Disengaged Customer,Price Sensitive Shopper,Minimal,Cart_Abandonment_Rate,Email_Open_Rate,Purchase_Frequency,Newsletter
36304,Low,0.9928,Price Sensitive Shopper,Disengaged Customer,Minimal,Age,Discount_Usage_Rate,Cart_Abandonment_Rate,Sale Notification
29496,IMP,0.9894,Frustrated Customer,Dormant Customer,High,Customer_Service_Calls,Days_Since_Last_Purchase,Total_Purchases,Priority Support | Service Recovery Campaign
45363,IMP,0.9996,Frustrated Customer,Price Sensitive Shopper,High,Age,Customer_Service_Calls,Discount_Usage_Rate,Priority Support | Service Recovery Campaign
25710,High,0.9934,Frustrated Customer,Disengaged Customer,Medium,Customer_Service_Calls,Total_Purchases,Returns_Rate,Service Recovery Campaign
33018,IMP,0.983,Frustrated Customer,Price Sensitive Shopper,High,Customer_Service_Calls,Total_Purchases,LTV_Per_Purchase,Priority Support | Service Recovery Campaign
22608,Low,0.8806,Disengaged Customer,Price Sensitive Shopper,Minimal,Cart_Abandonment_Rate,Purchase_Frequency,Session_Duration_Avg,Newsletter
24658,High,0.9863,Frustrated Customer,Price Sensitive Shopper,Medium,Customer_Service_Calls,Total_Purchases,Flag_Missing,Service Recovery Campaign
46372,Medium,0.9146,Disengaged Customer,Dormant Customer,Low,Cart_Abandonment_Rate,Returns_Rate,Email_Open_Rate,Re-engagement Email
24920,High,0.9943,Frustrated Customer,Dormant Customer,Medium,Customer_Service_Calls,Days_Since_Last_Purchase,Cart_Abandonment_Rate,Service Recovery Campaign
29085,Low,0.9186,Disengaged Customer,Frustrated Customer,Minimal,Customer_Service_Calls,Cart_Abandonment_Rate,Email_Open_Rate,Newsletter
47556,Low,0.6207,Disengaged Customer,Frustrated Customer,Minimal,Customer_Service_Calls,Email_Open_Rate,Cart_Abandonment_Rate,Newsletter
44750,IMP,0.9896,Frustrated Customer,Price Sensitive Shopper,High,Customer_Service_Calls,Discount_Usage_Rate,LTV_Per_Purchase,Priority Support | Service Recovery Campaign
19459,IMP,0.9917,Frustrated Customer,Price Sensitive Shopper,High,Customer_Service_Calls,LTV_Per_Purchase,Total_Purchases,Priority Support | Service Recovery Campaign
37824,IMP,0.9804,Frustrated Customer,Price Sensitive Shopper,High,Customer_Service_Calls,Discount_Usage_Rate,LTV_Per_Purchase,Priority Support | Service Recovery Campaign
26071,Low,0.8589,Dormant Customer,Disengaged Customer,Minimal,Purchase_Frequency,Days_Since_Last_Purchase,Mobile_App_Usage,Newsletter Reminder
42342,Low,0.6713,Disengaged Customer,Frustrated Customer,Minimal,Email_Open_Rate,Customer_Service_Calls,Purchase_Frequency,Newsletter
37827,High,0.8427,Price Sensitive Shopper,Dormant Customer,Medium,Cart_Abandonment_Rate,Purchase_Frequency,Days_Since_Last_Purchase,Targeted Coupon
24668,IMP,0.9924,Frustrated Customer,Price Sensitive Shopper,High,Customer_Service_Calls,Total_Purchases,LTV_Per_Purchase,Priority Support | Service Recovery Campaign
10576,Low,0.9171,Frustrated Customer,Price Sensitive Shopper,Minimal,Returns_Rate,Purchase_Frequency,Cart_Abandonment_Rate,Feedback Request
47032,Low,0.7115,Frustrated Customer,Disengaged Customer,Minimal,Purchase_Frequency,Customer_Service_Calls,Pages_Per_Session,Feedback Request
35646,High,0.4093,Frustrated Customer,Disengaged Customer,Medium,Cart_Abandonment_Rate,Session_Duration_Avg,Returns_Rate,Service Recovery Campaign
48350,Low,0.733,Disengaged Customer,Dormant Customer,Minimal,Purchase_Frequency,Age,Days_Since_Last_Purchase,Newsletter
14410,Low,0.9142,Price Sensitive Shopper,Disengaged Customer,Minimal,Cart_Abandonment_Rate,Email_Open_Rate,Customer_Service_Calls,Sale Notification
42889,Medium,0.9462,Price Sensitive Shopper,Disengaged Customer,Low,Age,Discount_Usage_Rate,Total_Purchases,Promotional Campaign
14740,High,0.9806,Frustrated Customer,Dormant Customer,Medium,Customer_Service_Calls,Total_Purchases,LTV_Per_Purchase,Service Recovery Campaign
7674,Medium,0.9561,Disengaged Customer,Price Sensitive Shopper,Low,Customer_Service_Calls,Email_Open_Rate,Purchase_Frequency,Re-engagement Email
31968,Medium,0.9448,Disengaged Customer,Dormant Customer,Low,Days_Since_Last_Purchase,Purchase_Frequency,Email_Open_Rate,Re-engagement Email
11862,Low,0.7935,Price Sensitive Shopper,Frustrated Customer,Minimal,Cart_Abandonment_Rate,Purchase_Frequency,Mobile_App_Usage,Sale Notification
15250,High,0.986,Frustrated Customer,Disengaged Customer,Medium,Customer_Service_Calls,Email_Open_Rate,Discount_Usage_Rate,Service Recovery Campaign
32153,Low,0.5875,Price Sensitive Shopper,Frustrated Customer,Minimal,Cart_Abandonment_Rate,Customer_Service_Calls,Mobile_App_Usage,Sale Notification
21228,High,0.9816,Price Sensitive Shopper,Disengaged Customer,Medium,Age,Discount_Usage_Rate,Total_Purchases,Targeted Coupon
26592,High,0.9904,Frustrated Customer,Dormant Customer,Medium,Customer_Service_Calls,Age,Days_Since_Last_Purchase,Service Recovery Campaign
49682,Medium,0.6533,Disengaged Customer,Frustrated Customer,Low,Email_Open_Rate,Age,Returns_Rate,Re-engagement Email
7943,Medium,0.8735,Frustrated Customer,Price Sensitive Shopper,Low,Cart_Abandonment_Rate,Returns_Rate,Purchase_Frequency,Customer Feedback Survey
317,High,0.9855,Frustrated Customer,Disengaged Customer,Medium,Customer_Service_Calls,Total_Purchases,Pages_Per_Session,Service Recovery Campaign
40997,Low,0.9501,Disengaged Customer,Price Sensitive Shopper,Minimal,Email_Open_Rate,Cart_Abandonment_Rate,Age,Newsletter
35840,Medium,0.5451,Disengaged Customer,Price Sensitive Shopper,Low,Cart_Abandonment_Rate,Age,Email_Open_Rate,Re-engagement Email
11411,IMP,0.9881,Price Sensitive Shopper,Disengaged Customer,High,Age,Discount_Usage_Rate,Total_Purchases,Loyalty Rewards | Targeted Coupon
11697,IMP,0.9834,Price Sensitive Shopper,Disengaged Customer,High,Age,Discount_Usage_Rate,Wishlist_Items,Loyalty Rewards | Targeted Coupon
34074,Low,0.9894,Disengaged Customer,Price Sensitive Shopper,Minimal,Cart_Abandonment_Rate,Email_Open_Rate,Customer_Service_Calls,Newsletter
35019,Low,0.9044,Price Sensitive Shopper,Disengaged Customer,Minimal,Cart_Abandonment_Rate,Email_Open_Rate,Customer_Service_Calls,Sale Notification
6486,Low,0.9328,Price Sensitive Shopper,Disengaged Customer,Minimal,Cart_Abandonment_Rate,Email_Open_Rate,Purchase_Frequency,Sale Notification
38003,Medium,0.9234,Frustrated Customer,Disengaged Customer,Low,Returns_Rate,Cart_Abandonment_Rate,Email_Open_Rate,Customer Feedback Survey
44727,Medium,0.968,Price Sensitive Shopper,Disengaged Customer,Low,Age,Discount_Usage_Rate,Email_Open_Rate,Promotional Campaign
39992,IMP,0.9928,Frustrated Customer,Price Sensitive Shopper,High,Customer_Service_Calls,Total_Purchases,LTV_Per_Purchase,Priority Support | Service Recovery Campaign
32300,High,0.9742,Frustrated Customer,Price Sensitive Shopper,Medium,Customer_Service_Calls,LTV_Per_Purchase,Average_Order_Value,Service Recovery Campaign
9382,Medium,0.9762,Price Sensitive Shopper,Frustrated Customer,Low,Age,Discount_Usage_Rate,Returns_Rate,Promotional Campaign
13000,High,0.9889,Frustrated Customer,Dormant Customer,Medium,Customer_Service_Calls,Total_Purchases,Returns_Rate,Service Recovery Campaign
1753,High,0.9998,Frustrated Customer,Price Sensitive Shopper,Medium,Age,Discount_Usage_Rate,Customer_Service_Calls,Service Recovery Campaign
23967,Low,0.9784,Frustrated Customer,Disengaged Customer,Minimal,Cart_Abandonment_Rate,Customer_Service_Calls,Returns_Rate,Feedback Request
32660,IMP,0.9932,Frustrated Customer,Disengaged Customer,High,Customer_Service_Calls,Total_Purchases,LTV_Per_Purchase,Priority Support | Service Recovery Campaign
41708,Medium,0.9175,Dormant Customer,Price Sensitive Shopper,Low,Cart_Abandonment_Rate,Purchase_Frequency,Days_Since_Last_Purchase,Automated Re-engagement Email
13946,High,0.9896,Frustrated Customer,Price Sensitive Shopper,Medium,Customer_Service_Calls,LTV_Per_Purchase,Average_Order_Value,Service Recovery Campaign
14943,High,0.9998,Price Sensitive Shopper,Frustrated Customer,Medium,Age,Discount_Usage_Rate,Customer_Service_Calls,Targeted Coupon
26383,Low,0.9951,Dormant Customer,Price Sensitive Shopper,Minimal,Days_Since_Last_Purchase,Purchase_Frequency,Cart_Abandonment_Rate,Newsletter Reminder
14336,High,0.9727,Frustrated Customer,Price Sensitive Shopper,Medium,Customer_Service_Calls,Returns_Rate,Email_Open_Rate,Service Recovery Campaign
34559,Low,0.979,Price Sensitive Shopper,Disengaged Customer,Minimal,Cart_Abandonment_Rate,Email_Open_Rate,Purchase_Frequency,Sale Notification
29434,High,0.9908,Price Sensitive Shopper,Dormant Customer,Medium,Age,Discount_Usage_Rate,Total_Purchases,Targeted Coupon
31228,Medium,0.5491,Price Sensitive Shopper,Frustrated Customer,Low,Cart_Abandonment_Rate,Customer_Service_Calls,Wishlist_Items,Promotional Campaign
22247,Low,0.9146,Disengaged Customer,Frustrated Customer,Minimal,Cart_Abandonment_Rate,Purchase_Frequency,Days_Since_Last_Purchase,Newsletter
29606,VIP,0.9999,Price Sensitive Shopper,Frustrated Customer,Critical,Age,Discount_Usage_Rate,Customer_Service_Calls,VIP Loyalty Rewards | Exclusive Discount Access
20801,Low,0.6951,Frustrated Customer,Disengaged Customer,Minimal,Customer_Service_Calls,Returns_Rate,Product_Reviews_Written,Feedback Request
48852,Low,0.8515,Disengaged Customer,Frustrated Customer,Minimal,Purchase_Frequency,Returns_Rate,Email_Open_Rate,Newsletter
8719,Low,0.6729,Frustrated Customer,Disengaged Customer,Minimal,Returns_Rate,Customer_Service_Calls,Cart_Abandonment_Rate,Feedback Request
22707,Medium,0.7535,Frustrated Customer,Price Sensitive Shopper,Low,Customer_Service_Calls,Cart_Abandonment_Rate,Purchase_Frequency,Customer Feedback Survey
18693,Medium,0.8171,Price Sensitive Shopper,Disengaged Customer,Low,Cart_Abandonment_Rate,Email_Open_Rate,Login_Frequency,Promotional Campaign
40839,Medium,0.9829,Price Sensitive Shopper,Dormant Customer,Low,Age,Discount_Usage_Rate,Membership_Years,Promotional Campaign
42897,Medium,0.9565,Price Sensitive Shopper,Disengaged Customer,Low,Cart_Abandonment_Rate,Email_Open_Rate,Purchase_Frequency,Promotional Campaign
15533,High,0.9844,Price Sensitive Shopper,Disengaged Customer,Medium,Age,Discount_Usage_Rate,Mobile_App_Usage,Targeted Coupon
26063,Medium,0.9455,Dormant Customer,Disengaged Customer,Low,Purchase_Frequency,Days_Since_Last_Purchase,Email_Open_Rate,Automated Re-engagement Email
23607,High,0.9864,Frustrated Customer,Price Sensitive Shopper,Medium,Customer_Service_Calls,LTV_Per_Purchase,Discount_Usage_Rate,Service Recovery Campaign
35664,High,0.9932,Frustrated Customer,Price Sensitive Shopper,Medium,Customer_Service_Calls,Total_Purchases,LTV_Per_Purchase,Service Recovery Campaign
44192,IMP,0.9901,Frustrated Customer,Price Sensitive Shopper,High,Customer_Service_Calls,Total_Purchases,LTV_Per_Purchase,Priority Support | Service Recovery Campaign
28793,IMP,0.9882,Frustrated Customer,Price Sensitive Shopper,High,Customer_Service_Calls,LTV_Per_Purchase,Total_Purchases,Priority Support | Service Recovery Campaign
7118,Low,0.9742,Frustrated Customer,Price Sensitive Shopper,Minimal,Cart_Abandonment_Rate,Returns_Rate,Email_Open_Rate,Feedback Request
1208,Medium,0.9842,Price Sensitive Shopper,Frustrated Customer,Low,Age,Discount_Usage_Rate,Purchase_Frequency,Promotional Campaign
24472,IMP,0.992,Frustrated Customer,Price Sensitive Shopper,High,Customer_Service_Calls,Discount_Usage_Rate,LTV_Per_Purchase,Priority Support | Service Recovery Campaign
24678,Medium,0.7228,Price Sensitive Shopper,Disengaged Customer,Low,Cart_Abandonment_Rate,Email_Open_Rate,Login_Frequency,Promotional Campaign
41526,Medium,0.838,Disengaged Customer,Frustrated Customer,Low,Email_Open_Rate,Age,Returns_Rate,Re-engagement Email
27956,Low,0.6445,Disengaged Customer,Frustrated Customer,Minimal,Customer_Service_Calls,Email_Open_Rate,Purchase_Frequency,Newsletter
33990,High,0.9929,Frustrated Customer,Disengaged Customer,Medium,Customer_Service_Calls,Cart_Abandonment_Rate,Age,Service Recovery Campaign
29736,Medium,0.6929,Price Sensitive Shopper,Disengaged Customer,Low,Cart_Abandonment_Rate,Email_Open_Rate,Purchase_Frequency,Promotional Campaign
17350,Low,0.9785,Price Sensitive Shopper,Frustrated Customer,Minimal,Age,Discount_Usage_Rate,Email_Open_Rate,Sale Notification
14322,Low,0.5731,Price Sensitive Shopper,Disengaged Customer,Minimal,Cart_Abandonment_Rate,Purchase_Frequency,Customer_Service_Calls,Sale Notification
11498,Low,0.813,Frustrated Customer,Disengaged Customer,Minimal,Purchase_Frequency,Cart_Abandonment_Rate,Customer_Service_Calls,Feedback Request
11617,High,0.9937,Frustrated Customer,Price Sensitive Shopper,Medium,Customer_Service_Calls,Returns_Rate,LTV_Per_Purchase,Service Recovery Campaign
47591,Low,0.5974,Disengaged Customer,Price Sensitive Shopper,Minimal,Cart_Abandonment_Rate,Session_Duration_Avg,Mobile_App_Usage,Newsletter
17687,High,0.9658,Frustrated Customer,Dormant Customer,Medium,Customer_Service_Calls,Total_Purchases,LTV_Per_Purchase,Service Recovery Campaign
34053,Low,0.9303,Price Sensitive Shopper,Disengaged Customer,Minimal,Cart_Abandonment_Rate,Purchase_Frequency,Email_Open_Rate,Sale Notification
5027,IMP,0.9884,Frustrated Customer,Price Sensitive Shopper,High,Customer_Service_Calls,Discount_Usage_Rate,Average_Order_Value,Priority Support | Service Recovery Campaign
26790,IMP,0.984,Frustrated Customer,Price Sensitive Shopper,High,Customer_Service_Calls,Discount_Usage_Rate,Total_Purchases,Priority Support | Service Recovery Campaign
1877,High,0.99,Frustrated Customer,Disengaged Customer,Medium,Customer_Service_Calls,Total_Purchases,LTV_Per_Purchase,Service Recovery Campaign
49616,High,0.9797,Price Sensitive Shopper,Dormant Customer,Medium,Age,Discount_Usage_Rate,Days_Since_Last_Purchase,Targeted Coupon
10516,Low,0.8676,Price Sensitive Shopper,Dormant Customer,Minimal,Age,Discount_Usage_Rate,Wishlist_Items,Sale Notification
12158,Medium,0.4396,Frustrated Customer,Disengaged Customer,Low,Customer_Service_Calls,Email_Open_Rate,Cart_Abandonment_Rate,Customer Feedback Survey
28834,Low,0.7424,Disengaged Customer,Frustrated Customer,Minimal,Email_Open_Rate,Purchase_Frequency,Returns_Rate,Newsletter
44262,IMP,0.9938,Frustrated Customer,Dormant Customer,High,Customer_Service_Calls,Days_Since_Last_Purchase,Returns_Rate,Priority Support | Service Recovery Campaign
47776,Medium,0.8901,Price Sensitive Shopper,Disengaged Customer,Low,Cart_Abandonment_Rate,Email_Open_Rate,Customer_Service_Calls,Promotional Campaign
23391,Medium,0.9945,Price Sensitive Shopper,Frustrated Customer,Low,Age,Discount_Usage_Rate,Returns_Rate,Promotional Campaign
34372,Medium,0.8442,Price Sensitive Shopper,Disengaged Customer,Low,Age,Discount_Usage_Rate,Email_Open_Rate,Promotional Campaign
2825,Medium,0.9855,Disengaged Customer,Price Sensitive Shopper,Low,Cart_Abandonment_Rate,Email_Open_Rate,Customer_Service_Calls,Re-engagement Email
46680,Low,0.8638,Price Sensitive Shopper,Disengaged Customer,Minimal,Cart_Abandonment_Rate,Purchase_Frequency,Customer_Service_Calls,Sale Notification
31336,Medium,0.6608,Price Sensitive Shopper,Frustrated Customer,Low,Cart_Abandonment_Rate,Returns_Rate,Customer_Service_Calls,Promotional Campaign
579,Medium,0.9405,Dormant Customer,Disengaged Customer,Low,Purchase_Frequency,Days_Since_Last_Purchase,Customer_Service_Calls,Automated Re-engagement Email
26840,High,0.9914,Frustrated Customer,Disengaged Customer,Medium,Customer_Service_Calls,Total_Purchases,Pages_Per_Session,Service Recovery Campaign
37681,High,0.9889,Frustrated Customer,Price Sensitive Shopper,Medium,Customer_Service_Calls,Age,LTV_Per_Purchase,Service Recovery Campaign
40083,Low,0.8445,Price Sensitive Shopper,Dormant Customer,Minimal,Cart_Abandonment_Rate,Purchase_Frequency,Customer_Service_Calls,Sale Notification
26108,Low,0.8326,Disengaged Customer,Dormant Customer,Minimal,Purchase_Frequency,Email_Open_Rate,Days_Since_Last_Purchase,Newsletter
26216,High,0.9892,Frustrated Customer,Price Sensitive Shopper,Medium,Customer_Service_Calls,Discount_Usage_Rate,Credit_Balance,Service Recovery Campaign
41584,Medium,0.963,Disengaged Customer,Dormant Customer,Low,Cart_Abandonment_Rate,Purchase_Frequency,Email_Open_Rate,Re-engagement Email
1084,High,0.9278,Frustrated Customer,Price Sensitive Shopper,Medium,Customer_Service_Calls,LTV_Per_Purchase,Average_Order_Value,Service Recovery Campaign
26385,Low,0.9881,Price Sensitive Shopper,Frustrated Customer,Minimal,Age,Discount_Usage_Rate,Cart_Abandonment_Rate,Sale Notification
11715,Medium,0.9919,Price Sensitive Shopper,Disengaged Customer,Low,Age,Discount_Usage_Rate,Membership_Years,Promotional Campaign
18001,High,0.9923,Frustrated Customer,Price Sensitive Shopper,Medium,Customer_Service_Calls,Discount_Usage_Rate,Total_Purchases,Service Recovery Campaign
10559,High,0.9822,Frustrated Customer,Price Sensitive Shopper,Medium,Customer_Service_Calls,LTV_Per_Purchase,Total_Purchases,Service Recovery Campaign
17204,Medium,0.9945,Price Sensitive Shopper,Frustrated Customer,Low,Age,Discount_Usage_Rate,Customer_Service_Calls,Promotional Campaign
12083,Medium,0.5946,Price Sensitive Shopper,Frustrated Customer,Low,Customer_Service_Calls,Purchase_Frequency,Days_Since_Last_Purchase,Promotional Campaign
1957,Medium,0.7272,Disengaged Customer,Frustrated Customer,Low,Cart_Abandonment_Rate,Returns_Rate,Mobile_App_Usage,Re-engagement Email
4202,High,0.9854,Frustrated Customer,Price Sensitive Shopper,Medium,Customer_Service_Calls,Discount_Usage_Rate,Total_Purchases,Service Recovery Campaign
673,Low,0.8734,Dormant Customer,Price Sensitive Shopper,Minimal,Purchase_Frequency,Days_Since_Last_Purchase,Customer_Service_Calls,Newsletter Reminder
40851,High,0.9908,Frustrated Customer,Price Sensitive Shopper,Medium,Customer_Service_Calls,Returns_Rate,Email_Open_Rate,Service Recovery Campaign
28653,IMP,0.9826,Frustrated Customer,Price Sensitive Shopper,High,Customer_Service_Calls,Age,LTV_Per_Purchase,Priority Support | Service Recovery Campaign
9260,Low,0.9555,Disengaged Customer,Price Sensitive Shopper,Minimal,Cart_Abandonment_Rate,Email_Open_Rate,Age,Newsletter
16999,High,0.9785,Frustrated Customer,Price Sensitive Shopper,Medium,Customer_Service_Calls,Discount_Usage_Rate,Days_Since_Last_Purchase,Service Recovery Campaign
36182,Low,0.9557,Disengaged Customer,Price Sensitive Shopper,Minimal,Cart_Abandonment_Rate,Purchase_Frequency,Email_Open_Rate,Newsletter
19844,High,0.9886,Frustrated Customer,Price Sensitive Shopper,Medium,Customer_Service_Calls,Discount_Usage_Rate,Total_Purchases,Service Recovery Campaign
31402,Low,0.7738,Price Sensitive Shopper,Frustrated Customer,Minimal,Cart_Abandonment_Rate,Purchase_Frequency,Pages_Per_Session,Sale Notification
11205,Medium,0.714,Disengaged Customer,Price Sensitive Shopper,Low,Cart_Abandonment_Rate,Email_Open_Rate,Customer_Service_Calls,Re-engagement Email
43177,High,0.9844,Price Sensitive Shopper,Disengaged Customer,Medium,Cart_Abandonment_Rate,Customer_Service_Calls,Pages_Per_Session,Targeted Coupon
18661,Medium,0.991,Price Sensitive Shopper,Disengaged Customer,Low,Age,Discount_Usage_Rate,Total_Purchases,Promotional Campaign
19175,Medium,0.9281,Frustrated Customer,Dormant Customer,Low,Purchase_Frequency,Days_Since_Last_Purchase,Customer_Service_Calls,Customer Feedback Survey
26392,Low,0.7665,Price Sensitive Shopper,Disengaged Customer,Minimal,Cart_Abandonment_Rate,Session_Duration_Avg,Login_Frequency,Sale Notification
20100,Medium,0.9907,Price Sensitive Shopper,Frustrated Customer,Low,Age,Discount_Usage_Rate,Customer_Service_Calls,Promotional Campaign
29576,IMP,0.9946,Frustrated Customer,Price Sensitive Shopper,High,Customer_Service_Calls,Discount_Usage_Rate,Login_Frequency,Priority Support | Service Recovery Campaign
45483,IMP,0.9865,Price Sensitive Shopper,Disengaged Customer,High,Age,Discount_Usage_Rate,Total_Purchases,Loyalty Rewards | Targeted Coupon
17973,Medium,0.9865,Price Sensitive Shopper,Disengaged Customer,Low,Cart_Abandonment_Rate,Customer_Service_Calls,Email_Open_Rate,Promotional Campaign
41281,IMP,0.9895,Frustrated Customer,Price Sensitive Shopper,High,Customer_Service_Calls,Average_Order_Value,Total_Purchases,Priority Support | Service Recovery Campaign
24395,Low,0.9982,Frustrated Customer,Disengaged Customer,Minimal,Purchase_Frequency,Days_Since_Last_Purchase,Returns_Rate,Feedback Request
36243,Low,0.9342,Disengaged Customer,Frustrated Customer,Minimal,Cart_Abandonment_Rate,Returns_Rate,Customer_Service_Calls,Newsletter
7584,IMP,0.99,Frustrated Customer,Price Sensitive Shopper,High,Customer_Service_Calls,LTV_Per_Purchase,Total_Purchases,Priority Support | Service Recovery Campaign
21510,Medium,0.9463,Price Sensitive Shopper,Frustrated Customer,Low,Age,Discount_Usage_Rate,Customer_Service_Calls,Promotional Campaign
22700,Medium,0.7623,Price Sensitive Shopper,Frustrated Customer,Low,Cart_Abandonment_Rate,Returns_Rate,Wishlist_Items,Promotional Campaign
30870,Low,0.7688,Frustrated Customer,Dormant Customer,Minimal,Purchase_Frequency,Cart_Abandonment_Rate,Customer_Service_Calls,Feedback Request
39979,Medium,0.796,Price Sensitive Shopper,Disengaged Customer,Low,Purchase_Frequency,Email_Open_Rate,Cart_Abandonment_Rate,Promotional Campaign
49836,Low,0.8977,Disengaged Customer,Price Sensitive Shopper,Minimal,Cart_Abandonment_Rate,Email_Open_Rate,Customer_Service_Calls,Newsletter
22607,High,0.8189,Frustrated Customer,Price Sensitive Shopper,Medium,Customer_Service_Calls,Age,Average_Order_Value,Service Recovery Campaign
2614,Low,0.8109,Price Sensitive Shopper,Disengaged Customer,Minimal,Cart_Abandonment_Rate,Email_Open_Rate,Wishlist_Items,Sale Notification
38607,Low,0.9569,Frustrated Customer,Disengaged Customer,Minimal,Customer_Service_Calls,Purchase_Frequency,Cart_Abandonment_Rate,Feedback Request
31663,Low,0.9803,Disengaged Customer,Price Sensitive Shopper,Minimal,Cart_Abandonment_Rate,Email_Open_Rate,Customer_Service_Calls,Newsletter
34455,Low,0.9769,Frustrated Customer,Disengaged Customer,Minimal,Purchase_Frequency,Cart_Abandonment_Rate,Customer_Service_Calls,Feedback Request
5408,Low,0.711,Disengaged Customer,Price Sensitive Shopper,Minimal,Purchase_Frequency,Customer_Service_Calls,Session_Duration_Avg,Newsletter
8206,Medium,0.7435,Price Sensitive Shopper,Dormant Customer,Low,Purchase_Frequency,Cart_Abandonment_Rate,Days_Since_Last_Purchase,Promotional Campaign
44962,IMP,0.9984,Price Sensitive Shopper,Frustrated Customer,High,Customer_Service_Calls,Days_Since_Last_Purchase,Cart_Abandonment_Rate,Loyalty Rewards | Targeted Coupon
24711,High,0.9458,Price Sensitive Shopper,Frustrated Customer,Medium,Age,Discount_Usage_Rate,Returns_Rate,Targeted Coupon
33056,Medium,0.4204,Disengaged Customer,Price Sensitive Shopper,Low,Cart_Abandonment_Rate,Email_Open_Rate,Pages_Per_Session,Re-engagement Email
48335,Low,0.879,Frustrated Customer,Disengaged Customer,Minimal,Purchase_Frequency,Email_Open_Rate,Customer_Service_Calls,Feedback Request
43691,Medium,0.9247,Frustrated Customer,Price Sensitive Shopper,Low,Customer_Service_Calls,Cart_Abandonment_Rate,Returns_Rate,Customer Feedback Survey
27724,Medium,0.9693,Price Sensitive Shopper,Frustrated Customer,Low,Age,Discount_Usage_Rate,Customer_Service_Calls,Promotional Campaign
21291,IMP,0.9898,Frustrated Customer,Price Sensitive Shopper,High,Customer_Service_Calls,Total_Purchases,LTV_Per_Purchase,Priority Support | Service Recovery Campaign
43515,VIP,0.993,Frustrated Customer,Dormant Customer,Critical,Customer_Service_Calls,Total_Purchases,Gender,Dedicated Customer Success Outreach | Priority Support | Returns Experience Review
38961,High,0.9847,Frustrated Customer,Price Sensitive Shopper,Medium,Customer_Service_Calls,Discount_Usage_Rate,Total_Purchases,Service Recovery Campaign
16370,Medium,0.9563,Disengaged Customer,Price Sensitive Shopper,Low,Cart_Abandonment_Rate,Email_Open_Rate,Days_Since_Last_Purchase,Re-engagement Email
43654,High,0.9877,Frustrated Customer,Price Sensitive Shopper,Medium,Customer_Service_Calls,LTV_Per_Purchase,Total_Purchases,Service Recovery Campaign
4659,Low,0.8561,Disengaged Customer,Frustrated Customer,Minimal,Cart_Abandonment_Rate,Email_Open_Rate,Customer_Service_Calls,Newsletter
35415,VIP,0.9893,Frustrated Customer,Price Sensitive Shopper,Critical,Customer_Service_Calls,LTV_Per_Purchase,Discount_Usage_Rate,Dedicated Customer Success Outreach | Priority Support | Returns Experience Review
4235,Medium,0.9734,Price Sensitive Shopper,Frustrated Customer,Low,Age,Discount_Usage_Rate,Customer_Service_Calls,Promotional Campaign
42569,IMP,0.9929,Frustrated Customer,Dormant Customer,High,Customer_Service_Calls,Total_Purchases,Gender,Priority Support | Service Recovery Campaign
23501,Medium,0.9588,Disengaged Customer,Price Sensitive Shopper,Low,Cart_Abandonment_Rate,Purchase_Frequency,Email_Open_Rate,Re-engagement Email
45490,Medium,0.9772,Price Sensitive Shopper,Dormant Customer,Low,Age,Discount_Usage_Rate,Days_Since_Last_Purchase,Promotional Campaign
36183,Low,0.7215,Price Sensitive Shopper,Frustrated Customer,Minimal,Cart_Abandonment_Rate,Returns_Rate,Customer_Service_Calls,Sale Notification
13903,Medium,0.6776,Disengaged Customer,Frustrated Customer,Low,Cart_Abandonment_Rate,Email_Open_Rate,Customer_Service_Calls,Re-engagement Email
47504,High,0.9847,Frustrated Customer,Price Sensitive Shopper,Medium,Customer_Service_Calls,Discount_Usage_Rate,Total_Purchases,Service Recovery Campaign
23764,Medium,0.51,Dormant Customer,Disengaged Customer,Low,Customer_Service_Calls,Age,Cart_Abandonment_Rate,Automated Re-engagement Email
13628,Low,0.9541,Frustrated Customer,Price Sensitive Shopper,Minimal,Cart_Abandonment_Rate,Customer_Service_Calls,Returns_Rate,Feedback Request
45740,Low,0.6664,Price Sensitive Shopper,Disengaged Customer,Minimal,Cart_Abandonment_Rate,Purchase_Frequency,Pages_Per_Session,Sale Notification
37100,High,0.9093,Frustrated Customer,Disengaged Customer,Medium,Customer_Service_Calls,Total_Purchases,Pages_Per_Session,Service Recovery Campaign
44073,Low,0.9013,Price Sensitive Shopper,Disengaged Customer,Minimal,Cart_Abandonment_Rate,Pages_Per_Session,Customer_Service_Calls,Sale Notification
7836,Medium,0.4178,Price Sensitive Shopper,Disengaged Customer,Low,Cart_Abandonment_Rate,Wishlist_Items,Pages_Per_Session,Promotional Campaign
23788,Low,0.7782,Disengaged Customer,Frustrated Customer,Minimal,Cart_Abandonment_Rate,Email_Open_Rate,Purchase_Frequency,Newsletter
43533,Low,0.9843,Disengaged Customer,Dormant Customer,Minimal,Purchase_Frequency,Email_Open_Rate,Age,Newsletter
37090,Low,0.6635,Price Sensitive Shopper,Disengaged Customer,Minimal,Cart_Abandonment_Rate,Email_Open_Rate,Age,Sale Notification
4609,Low,0.9931,Disengaged Customer,Frustrated Customer,Minimal,Cart_Abandonment_Rate,Email_Open_Rate,Returns_Rate,Newsletter
43442,Low,0.9199,Price Sensitive Shopper,Disengaged Customer,Minimal,Cart_Abandonment_Rate,Email_Open_Rate,Purchase_Frequency,Sale Notification
44036,Low,0.947,Price Sensitive Shopper,Disengaged Customer,Minimal,Age,Discount_Usage_Rate,Purchase_Frequency,Sale Notification
7464,Medium,0.943,Disengaged Customer,Dormant Customer,Low,Purchase_Frequency,Days_Since_Last_Purchase,Email_Open_Rate,Re-engagement Email
33762,Low,0.8393,Dormant Customer,Price Sensitive Shopper,Minimal,Purchase_Frequency,Days_Since_Last_Purchase,Customer_Service_Calls,Newsletter Reminder
7341,Low,0.7837,Disengaged Customer,Price Sensitive Shopper,Minimal,Cart_Abandonment_Rate,Email_Open_Rate,Customer_Service_Calls,Newsletter
20305,High,0.9946,Dormant Customer,Frustrated Customer,Medium,Customer_Service_Calls,Days_Since_Last_Purchase,Cart_Abandonment_Rate,Win-back Campaign | Personalized Product Recommendations
8441,Low,0.973,Disengaged Customer,Price Sensitive Shopper,Minimal,Purchase_Frequency,Cart_Abandonment_Rate,Email_Open_Rate,Newsletter
13970,IMP,0.988,Frustrated Customer,Price Sensitive Shopper,High,Customer_Service_Calls,LTV_Per_Purchase,Average_Order_Value,Priority Support | Service Recovery Campaign
44464,Low,0.9387,Frustrated Customer,Price Sensitive Shopper,Minimal,Customer_Service_Calls,Cart_Abandonment_Rate,Purchase_Frequency,Feedback Request
8105,Medium,0.9909,Price Sensitive Shopper,Frustrated Customer,Low,Age,Discount_Usage_Rate,Customer_Service_Calls,Promotional Campaign
41788,High,0.9915,Frustrated Customer,Price Sensitive Shopper,Medium,Customer_Service_Calls,Discount_Usage_Rate,Total_Purchases,Service Recovery Campaign
26806,High,0.947,Disengaged Customer,Price Sensitive Shopper,Medium,Cart_Abandonment_Rate,Email_Open_Rate,Pages_Per_Session,Product Discovery Campaign
6985,High,0.9667,Frustrated Customer,Price Sensitive Shopper,Medium,Customer_Service_Calls,Flag_Missing,LTV_Per_Purchase,Service Recovery Campaign
36749,Low,0.7108,Dormant Customer,Disengaged Customer,Minimal,Purchase_Frequency,Customer_Service_Calls,Days_Since_Last_Purchase,Newsletter Reminder
2063,Low,0.9257,Disengaged Customer,Price Sensitive Shopper,Minimal,Cart_Abandonment_Rate,Email_Open_Rate,Pages_Per_Session,Newsletter
45470,Low,0.8514,Disengaged Customer,Frustrated Customer,Minimal,Cart_Abandonment_Rate,Email_Open_Rate,Session_Duration_Avg,Newsletter
5690,Low,0.7041,Disengaged Customer,Frustrated Customer,Minimal,Returns_Rate,Email_Open_Rate,Session_Duration_Avg,Newsletter
22923,VIP,0.9892,Frustrated Customer,Dormant Customer,Critical,Customer_Service_Calls,Days_Since_Last_Purchase,Average_Order_Value,Dedicated Customer Success Outreach | Priority Support | Returns Experience Review
8277,Medium,0.4725,Disengaged Customer,Price Sensitive Shopper,Low,Email_Open_Rate,Purchase_Frequency,Customer_Service_Calls,Re-engagement Email
12941,Low,0.6262,Disengaged Customer,Dormant Customer,Minimal,Cart_Abandonment_Rate,Session_Duration_Avg,Login_Frequency,Newsletter
16230,Low,0.58,Frustrated Customer,Price Sensitive Shopper,Minimal,Cart_Abandonment_Rate,Customer_Service_Calls,Age,Feedback Request
16238,Low,0.908,Price Sensitive Shopper,Frustrated Customer,Minimal,Cart_Abandonment_Rate,Customer_Service_Calls,Wishlist_Items,Sale Notification
8125,Medium,0.8919,Frustrated Customer,Price Sensitive Shopper,Low,Cart_Abandonment_Rate,Returns_Rate,Customer_Service_Calls,Customer Feedback Survey
16068,Medium,0.9838,Price Sensitive Shopper,Disengaged Customer,Low,Age,Discount_Usage_Rate,Email_Open_Rate,Promotional Campaign
35632,High,0.9902,Frustrated Customer,Price Sensitive Shopper,Medium,Customer_Service_Calls,Returns_Rate,LTV_Per_Purchase,Service Recovery Campaign
43963,Medium,0.8451,Price Sensitive Shopper,Frustrated Customer,Low,Cart_Abandonment_Rate,Returns_Rate,Login_Frequency,Promotional Campaign
40182,High,0.9879,Price Sensitive Shopper,Frustrated Customer,Medium,Age,Discount_Usage_Rate,Total_Purchases,Targeted Coupon
3463,High,0.9927,Frustrated Customer,Dormant Customer,Medium,Customer_Service_Calls,Total_Purchases,LTV_Per_Purchase,Service Recovery Campaign
21533,Medium,0.9818,Price Sensitive Shopper,Frustrated Customer,Low,Age,Discount_Usage_Rate,Customer_Service_Calls,Promotional Campaign
3145,Low,0.9692,Disengaged Customer,Price Sensitive Shopper,Minimal,Cart_Abandonment_Rate,Purchase_Frequency,Email_Open_Rate,Newsletter
40784,Low,0.7692,Price Sensitive Shopper,Disengaged Customer,Minimal,Cart_Abandonment_Rate,Email_Open_Rate,Customer_Service_Calls,Sale Notification
22457,Low,0.7132,Disengaged Customer,Price Sensitive Shopper,Minimal,Cart_Abandonment_Rate,Mobile_App_Usage,Pages_Per_Session,Newsletter
26019,Medium,0.6381,Frustrated Customer,Disengaged Customer,Low,Returns_Rate,Email_Open_Rate,Engagement_Score,Customer Feedback Survey
42128,Medium,0.4145,Price Sensitive Shopper,Dormant Customer,Low,Cart_Abandonment_Rate,Purchase_Frequency,Customer_Service_Calls,Promotional Campaign
39006,IMP,0.9915,Frustrated Customer,Price Sensitive Shopper,High,Customer_Service_Calls,Returns_Rate,LTV_Per_Purchase,Priority Support | Service Recovery Campaign
14509,High,0.9997,Frustrated Customer,Price Sensitive Shopper,Medium,Age,Discount_Usage_Rate,Customer_Service_Calls,Service Recovery Campaign
79,Low,0.9979,Price Sensitive Shopper,Disengaged Customer,Minimal,Age,Discount_Usage_Rate,Email_Open_Rate,Sale Notification
43612,Medium,0.8264,Price Sensitive Shopper,Dormant Customer,Low,Age,Discount_Usage_Rate,Wishlist_Items,Promotional Campaign
7376,Medium,0.7889,Frustrated Customer,Disengaged Customer,Low,Purchase_Frequency,Customer_Service_Calls,Returns_Rate,Customer Feedback Survey
25098,High,0.9934,Frustrated Customer,Price Sensitive Shopper,Medium,Customer_Service_Calls,Discount_Usage_Rate,LTV_Per_Purchase,Service Recovery Campaign
36365,Low,0.9679,Disengaged Customer,Dormant Customer,Minimal,Purchase_Frequency,Cart_Abandonment_Rate,Days_Since_Last_Purchase,Newsletter
20524,Low,0.6914,Frustrated Customer,Disengaged Customer,Minimal,Email_Open_Rate,Returns_Rate,Wishlist_Items,Feedback Request
47559,High,0.9916,Frustrated Customer,Dormant Customer,Medium,Customer_Service_Calls,Total_Purchases,Returns_Rate,Service Recovery Campaign
34298,Medium,0.9322,Disengaged Customer,Frustrated Customer,Low,Cart_Abandonment_Rate,Customer_Service_Calls,Email_Open_Rate,Re-engagement Email
2673,Low,0.6557,Disengaged Customer,Frustrated Customer,Minimal,Email_Open_Rate,Customer_Service_Calls,Session_Duration_Avg,Newsletter
27894,High,0.9873,Frustrated Customer,Price Sensitive Shopper,Medium,Customer_Service_Calls,Discount_Usage_Rate,Days_Since_Last_Purchase,Service Recovery Campaign
45561,Medium,0.9342,Price Sensitive Shopper,Frustrated Customer,Low,Age,Discount_Usage_Rate,Customer_Service_Calls,Promotional Campaign
43495,Medium,0.4224,Price Sensitive Shopper,Frustrated Customer,Low,Cart_Abandonment_Rate,Age,Email_Open_Rate,Promotional Campaign
26217,High,0.9828,Price Sensitive Shopper,Disengaged Customer,Medium,Age,Discount_Usage_Rate,Mobile_App_Usage,Targeted Coupon
4189,High,0.4189,Frustrated Customer,Disengaged Customer,Medium,Customer_Service_Calls,Total_Purchases,Country,Service Recovery Campaign
8451,Low,0.9222,Price Sensitive Shopper,Disengaged Customer,Minimal,Cart_Abandonment_Rate,Email_Open_Rate,Customer_Service_Calls,Sale Notification
37038,Medium,0.572,Frustrated Customer,Dormant Customer,Low,Purchase_Frequency,Days_Since_Last_Purchase,Customer_Service_Calls,Customer Feedback Survey
28167,Medium,0.9831,Price Sensitive Shopper,Frustrated Customer,Low,Cart_Abandonment_Rate,Email_Open_Rate,Customer_Service_Calls,Promotional Campaign
31816,Medium,0.9464,Disengaged Customer,Dormant Customer,Low,Purchase_Frequency,Customer_Service_Calls,Days_Since_Last_Purchase,Re-engagement Email
2364,High,0.9906,Frustrated Customer,Price Sensitive Shopper,Medium,Customer_Service_Calls,Total_Purchases,LTV_Per_Purchase,Service Recovery Campaign
18805,Medium,0.9856,Price Sensitive Shopper,Frustrated Customer,Low,Age,Discount_Usage_Rate,Customer_Service_Calls,Promotional Campaign
2904,High,0.9997,Price Sensitive Shopper,Frustrated Customer,Medium,Age,Discount_Usage_Rate,Customer_Service_Calls,Targeted Coupon
34734,Low,0.982,Dormant Customer,Disengaged Customer,Minimal,Purchase_Frequency,Days_Since_Last_Purchase,Customer_Service_Calls,Newsletter Reminder
16584,IMP,0.9998,Price Sensitive Shopper,Frustrated Customer,High,Age,Customer_Service_Calls,Discount_Usage_Rate,Loyalty Rewards | Targeted Coupon
3088,Medium,0.9852,Price Sensitive Shopper,Disengaged Customer,Low,Age,Discount_Usage_Rate,Email_Open_Rate,Promotional Campaign
10286,High,0.985,Frustrated Customer,Price Sensitive Shopper,Medium,Customer_Service_Calls,Total_Purchases,Average_Order_Value,Service Recovery Campaign
27867,IMP,0.9848,Frustrated Customer,Disengaged Customer,High,Customer_Service_Calls,Total_Purchases,LTV_Per_Purchase,Priority Support | Service Recovery Campaign
13031,High,0.9949,Frustrated Customer,Price Sensitive Shopper,Medium,Customer_Service_Calls,Cart_Abandonment_Rate,Email_Open_Rate,Service Recovery Campaign
24184,IMP,0.9979,Frustrated Customer,Price Sensitive Shopper,High,Customer_Service_Calls,Cart_Abandonment_Rate,Product_Reviews_Written,Priority Support | Service Recovery Campaign
27413,Medium,0.8947,Dormant Customer,Disengaged Customer,Low,Purchase_Frequency,Days_Since_Last_Purchase,Email_Open_Rate,Automated Re-engagement Email
46103,IMP,0.9946,Frustrated Customer,Dormant Customer,High,Customer_Service_Calls,Days_Since_Last_Purchase,Membership_Years,Priority Support | Service Recovery Campaign
27483,IMP,0.9853,Frustrated Customer,Price Sensitive Shopper,High,Customer_Service_Calls,Cart_Abandonment_Rate,Email_Open_Rate,Priority Support | Service Recovery Campaign
1366,Low,0.9248,Disengaged Customer,Price Sensitive Shopper,Minimal,Cart_Abandonment_Rate,Email_Open_Rate,Purchase_Frequency,Newsletter
13051,High,0.9863,Frustrated Customer,Disengaged Customer,Medium,Customer_Service_Calls,Product_Reviews_Written,Email_Open_Rate,Service Recovery Campaign
35068,Low,0.887,Disengaged Customer,Frustrated Customer,Minimal,Cart_Abandonment_Rate,Email_Open_Rate,Returns_Rate,Newsletter
40989,Medium,0.9481,Price Sensitive Shopper,Frustrated Customer,Low,Age,Discount_Usage_Rate,Customer_Service_Calls,Promotional Campaign
48673,Medium,0.9122,Price Sensitive Shopper,Disengaged Customer,Low,Cart_Abandonment_Rate,Email_Open_Rate,Age,Promotional Campaign
48521,High,0.958,Price Sensitive Shopper,Disengaged Customer,Medium,Age,Discount_Usage_Rate,LTV_Per_Purchase,Targeted Coupon
29115,Medium,0.8698,Frustrated Customer,Price Sensitive Shopper,Low,Returns_Rate,Purchase_Frequency,Customer_Service_Calls,Customer Feedback Survey
33243,IMP,0.9914,Frustrated Customer,Dormant Customer,High,Customer_Service_Calls,Credit_Balance,LTV_Per_Purchase,Priority Support | Service Recovery Campaign
37202,High,0.9784,Frustrated Customer,Price Sensitive Shopper,Medium,Customer_Service_Calls,LTV_Per_Purchase,Flag_Missing,Service Recovery Campaign
45117,Medium,0.9804,Price Sensitive Shopper,Frustrated Customer,Low,Age,Discount_Usage_Rate,Customer_Service_Calls,Promotional Campaign
17681,Medium,0.8738,Price Sensitive Shopper,Disengaged Customer,Low,Cart_Abandonment_Rate,Customer_Service_Calls,Pages_Per_Session,Promotional Campaign
19199,Low,0.9674,Frustrated Customer,Disengaged Customer,Minimal,Returns_Rate,Email_Open_Rate,Cart_Abandonment_Rate,Feedback Request
27651,Low,0.954,Price Sensitive Shopper,Disengaged Customer,Minimal,Cart_Abandonment_Rate,Email_Open_Rate,Age,Sale Notification
23425,IMP,0.9917,Frustrated Customer,Price Sensitive Shopper,High,Customer_Service_Calls,LTV_Per_Purchase,Total_Purchases,Priority Support | Service Recovery Campaign
32196,Low,0.8639,Price Sensitive Shopper,Frustrated Customer,Minimal,Cart_Abandonment_Rate,Returns_Rate,Customer_Service_Calls,Sale Notification
5594,High,0.9872,Frustrated Customer,Disengaged Customer,Medium,Customer_Service_Calls,Total_Purchases,LTV_Per_Purchase,Service Recovery Campaign
38420,Medium,0.9871,Price Sensitive Shopper,Disengaged Customer,Low,Age,Discount_Usage_Rate,Returns_Rate,Promotional Campaign
48647,Low,0.9446,Price Sensitive Shopper,Frustrated Customer,Minimal,Cart_Abandonment_Rate,Purchase_Frequency,Returns_Rate,Sale Notification
31012,Medium,0.6626,Disengaged Customer,Price Sensitive Shopper,Low,Cart_Abandonment_Rate,Email_Open_Rate,Mobile_App_Usage,Re-engagement Email
37773,Low,0.9693,Price Sensitive Shopper,Dormant Customer,Minimal,Cart_Abandonment_Rate,Purchase_Frequency,Days_Since_Last_Purchase,Sale Notification
30061,Medium,0.7683,Price Sensitive Shopper,Disengaged Customer,Low,Cart_Abandonment_Rate,Customer_Service_Calls,Mobile_App_Usage,Promotional Campaign
41412,Low,0.9446,Price Sensitive Shopper,Disengaged Customer,Minimal,Cart_Abandonment_Rate,Customer_Service_Calls,Session_Duration_Avg,Sale Notification
19169,Medium,0.7083,Frustrated Customer,Price Sensitive Shopper,Low,Cart_Abandonment_Rate,Purchase_Frequency,Customer_Service_Calls,Customer Feedback Survey
15255,IMP,0.9888,Frustrated Customer,Dormant Customer,High,Customer_Service_Calls,Total_Purchases,Average_Order_Value,Priority Support | Service Recovery Campaign
31617,High,0.9893,Frustrated Customer,Price Sensitive Shopper,Medium,Customer_Service_Calls,Cart_Abandonment_Rate,Social_Media_Engagement_Score,Service Recovery Campaign
36264,Medium,0.9955,Disengaged Customer,Dormant Customer,Low,Cart_Abandonment_Rate,Days_Since_Last_Purchase,Purchase_Frequency,Re-engagement Email
34696,IMP,0.9999,Frustrated Customer,Price Sensitive Shopper,High,Age,Discount_Usage_Rate,Customer_Service_Calls,Priority Support | Service Recovery Campaign
5215,Low,0.788,Price Sensitive Shopper,Dormant Customer,Minimal,Cart_Abandonment_Rate,Purchase_Frequency,Customer_Service_Calls,Sale Notification
92,Medium,0.9752,Disengaged Customer,Price Sensitive Shopper,Low,Cart_Abandonment_Rate,Email_Open_Rate,Purchase_Frequency,Re-engagement Email
15705,Low,0.9346,Price Sensitive Shopper,Frustrated Customer,Minimal,Cart_Abandonment_Rate,Pages_Per_Session,Purchase_Frequency,Sale Notification
22105,Medium,0.9859,Price Sensitive Shopper,Disengaged Customer,Low,Age,Discount_Usage_Rate,Total_Purchases,Promotional Campaign
19281,Medium,0.8862,Frustrated Customer,Disengaged Customer,Low,Returns_Rate,Email_Open_Rate,Customer_Service_Calls,Customer Feedback Survey
38516,High,0.9879,Price Sensitive Shopper,Disengaged Customer,Medium,Age,Discount_Usage_Rate,Total_Purchases,Targeted Coupon
38216,Low,0.8006,Price Sensitive Shopper,Disengaged Customer,Minimal,Cart_Abandonment_Rate,Purchase_Frequency,Customer_Service_Calls,Sale Notification
36796,Low,0.7266,Frustrated Customer,Dormant Customer,Minimal,Purchase_Frequency,Returns_Rate,Customer_Service_Calls,Feedback Request
37076,Medium,0.8674,Disengaged Customer,Price Sensitive Shopper,Low,Email_Open_Rate,Cart_Abandonment_Rate,Customer_Service_Calls,Re-engagement Email
36345,Medium,0.4183,Price Sensitive Shopper,Frustrated Customer,Low,Customer_Service_Calls,Age,Cart_Abandonment_Rate,Promotional Campaign
23483,Low,0.9171,Frustrated Customer,Disengaged Customer,Minimal,Returns_Rate,Email_Open_Rate,Customer_Service_Calls,Feedback Request
24656,High,0.9932,Frustrated Customer,Price Sensitive Shopper,Medium,Customer_Service_Calls,Average_Order_Value,Total_Purchases,Service Recovery Campaign
578,Low,0.9594,Price Sensitive Shopper,Disengaged Customer,Minimal,Age,Discount_Usage_Rate,Purchase_Frequency,Sale Notification
1879,Low,0.923,Price Sensitive Shopper,Disengaged Customer,Minimal,Cart_Abandonment_Rate,Email_Open_Rate,Purchase_Frequency,Sale Notification
12223,Low,0.7174,Price Sensitive Shopper,Disengaged Customer,Minimal,Cart_Abandonment_Rate,Purchase_Frequency,Wishlist_Items,Sale Notification
5310,Low,0.9959,Disengaged Customer,Price Sensitive Shopper,Minimal,Cart_Abandonment_Rate,Returns_Rate,Email_Open_Rate,Newsletter
30918,Medium,0.6572,Price Sensitive Shopper,Disengaged Customer,Low,Cart_Abandonment_Rate,Email_Open_Rate,Returns_Rate,Promotional Campaign
7969,High,0.7749,Disengaged Customer,Dormant Customer,Medium,Email_Open_Rate,Days_Since_Last_Purchase,Session_Duration_Avg,Product Discovery Campaign
18812,IMP,0.9866,Frustrated Customer,Price Sensitive Shopper,High,Customer_Service_Calls,Discount_Usage_Rate,Returns_Rate,Priority Support | Service Recovery Campaign
2570,Medium,0.7053,Dormant Customer,Disengaged Customer,Low,Purchase_Frequency,Days_Since_Last_Purchase,Email_Open_Rate,Automated Re-engagement Email
3366,Low,0.9702,Price Sensitive Shopper,Disengaged Customer,Minimal,Cart_Abandonment_Rate,Email_Open_Rate,Wishlist_Items,Sale Notification
38009,High,0.9539,Frustrated Customer,Disengaged Customer,Medium,Customer_Service_Calls,Email_Open_Rate,Total_Purchases,Service Recovery Campaign
29447,Low,0.8204,Disengaged Customer,Frustrated Customer,Minimal,Email_Open_Rate,Customer_Service_Calls,Cart_Abandonment_Rate,Newsletter
23102,Low,0.6518,Dormant Customer,Disengaged Customer,Minimal,Purchase_Frequency,Days_Since_Last_Purchase,Discount_Usage_Rate,Newsletter Reminder
38370,Low,0.6235,Dormant Customer,Disengaged Customer,Minimal,Purchase_Frequency,Days_Since_Last_Purchase,Customer_Service_Calls,Newsletter Reminder
42845,Medium,0.762,Disengaged Customer,Price Sensitive Shopper,Low,Cart_Abandonment_Rate,Email_Open_Rate,Product_Reviews_Written,Re-engagement Email
14396,IMP,0.9887,Frustrated Customer,Price Sensitive Shopper,High,Customer_Service_Calls,Discount_Usage_Rate,Total_Purchases,Priority Support | Service Recovery Campaign
23052,Low,0.8994,Price Sensitive Shopper,Disengaged Customer,Minimal,Cart_Abandonment_Rate,Customer_Service_Calls,Engagement_Score,Sale Notification
28332,Low,0.9688,Disengaged Customer,Frustrated Customer,Minimal,Cart_Abandonment_Rate,Customer_Service_Calls,Email_Open_Rate,Newsletter
45612,Low,0.8181,Price Sensitive Shopper,Disengaged Customer,Minimal,Cart_Abandonment_Rate,Purchase_Frequency,Session_Duration_Avg,Sale Notification
20022,Low,0.8256,Price Sensitive Shopper,Disengaged Customer,Minimal,Cart_Abandonment_Rate,Email_Open_Rate,Product_Reviews_Written,Sale Notification
47344,Medium,0.5094,Price Sensitive Shopper,Frustrated Customer,Low,Email_Open_Rate,Cart_Abandonment_Rate,Purchase_Frequency,Promotional Campaign
7696,Medium,0.9464,Price Sensitive Shopper,Frustrated Customer,Low,Cart_Abandonment_Rate,Purchase_Frequency,Customer_Service_Calls,Promotional Campaign
6258,Low,0.7846,Disengaged Customer,Frustrated Customer,Minimal,Cart_Abandonment_Rate,Customer_Service_Calls,Session_Duration_Avg,Newsletter
2669,Medium,0.9502,Frustrated Customer,Price Sensitive Shopper,Low,Purchase_Frequency,Returns_Rate,Email_Open_Rate,Customer Feedback Survey
5818,High,0.9688,Price Sensitive Shopper,Frustrated Customer,Medium,Age,Discount_Usage_Rate,Returns_Rate,Targeted Coupon
4588,Medium,0.6087,Frustrated Customer,Price Sensitive Shopper,Low,Returns_Rate,Customer_Service_Calls,Cart_Abandonment_Rate,Customer Feedback Survey
5217,Low,0.9869,Price Sensitive Shopper,Disengaged Customer,Minimal,Cart_Abandonment_Rate,Email_Open_Rate,Customer_Service_Calls,Sale Notification
32523,Low,0.7628,Dormant Customer,Frustrated Customer,Minimal,Days_Since_Last_Purchase,Purchase_Frequency,Customer_Service_Calls,Newsletter Reminder
27673,High,0.9765,Frustrated Customer,Price Sensitive Shopper,Medium,Customer_Service_Calls,Discount_Usage_Rate,Days_Since_Last_Purchase,Service Recovery Campaign
31696,High,0.9839,Frustrated Customer,Price Sensitive Shopper,Medium,Customer_Service_Calls,Discount_Usage_Rate,LTV_Per_Purchase,Service Recovery Campaign
34373,Low,0.6677,Frustrated Customer,Price Sensitive Shopper,Minimal,Returns_Rate,Customer_Service_Calls,Cart_Abandonment_Rate,Feedback Request
36495,Low,0.9601,Price Sensitive Shopper,Frustrated Customer,Minimal,Age,Discount_Usage_Rate,Customer_Service_Calls,Sale Notification
20157,Low,0.8868,Disengaged Customer,Price Sensitive Shopper,Minimal,Cart_Abandonment_Rate,Email_Open_Rate,Customer_Service_Calls,Newsletter
44118,Medium,0.5873,Dormant Customer,Disengaged Customer,Low,Cart_Abandonment_Rate,Days_Since_Last_Purchase,Purchase_Frequency,Automated Re-engagement Email
40877,High,0.9934,Frustrated Customer,Price Sensitive Shopper,Medium,Customer_Service_Calls,Total_Purchases,Returns_Rate,Service Recovery Campaign
42661,High,0.9907,Frustrated Customer,Price Sensitive Shopper,Medium,Customer_Service_Calls,Total_Purchases,Average_Order_Value,Service Recovery Campaign
36817,Low,0.6988,Frustrated Customer,Disengaged Customer,Minimal,Returns_Rate,Purchase_Frequency,Social_Media_Engagement_Score,Feedback Request
30516,Low,0.8099,Disengaged Customer,Dormant Customer,Minimal,Days_Since_Last_Purchase,Purchase_Frequency,Customer_Service_Calls,Newsletter
7983,Low,0.7643,Price Sensitive Shopper,Disengaged Customer,Minimal,Cart_Abandonment_Rate,Customer_Service_Calls,Returns_Rate,Sale Notification
39080,Low,0.8013,Frustrated Customer,Disengaged Customer,Minimal,Purchase_Frequency,Returns_Rate,Customer_Service_Calls,Feedback Request
29346,High,0.8892,Price Sensitive Shopper,Disengaged Customer,Medium,Cart_Abandonment_Rate,Email_Open_Rate,Purchase_Frequency,Targeted Coupon
19429,Medium,0.9646,Disengaged Customer,Price Sensitive Shopper,Low,Cart_Abandonment_Rate,Purchase_Frequency,Email_Open_Rate,Re-engagement Email
34799,Medium,0.5091,Frustrated Customer,Price Sensitive Shopper,Low,Customer_Service_Calls,Purchase_Frequency,Cart_Abandonment_Rate,Customer Feedback Survey
21513,High,0.9802,Frustrated Customer,Price Sensitive Shopper,Medium,Customer_Service_Calls,LTV_Per_Purchase,Product_Reviews_Written,Service Recovery Campaign
34856,Low,0.9455,Price Sensitive Shopper,Disengaged Customer,Minimal,Cart_Abandonment_Rate,Purchase_Frequency,Customer_Service_Calls,Sale Notification
42283,Low,0.9584,Disengaged Customer,Price Sensitive Shopper,Minimal,Cart_Abandonment_Rate,Email_Open_Rate,Customer_Service_Calls,Newsletter
591,IMP,0.9846,Frustrated Customer,Price Sensitive Shopper,High,Customer_Service_Calls,Discount_Usage_Rate,Average_Order_Value,Priority Support | Service Recovery Campaign
48981,Medium,0.9895,Price Sensitive Shopper,Dormant Customer,Low,Age,Discount_Usage_Rate,Days_Since_Last_Purchase,Promotional Campaign
26660,High,0.9986,Frustrated Customer,Disengaged Customer,Medium,Customer_Service_Calls,Returns_Rate,Days_Since_Last_Purchase,Service Recovery Campaign
35468,Low,0.9629,Disengaged Customer,Price Sensitive Shopper,Minimal,Purchase_Frequency,Cart_Abandonment_Rate,Email_Open_Rate,Newsletter
20458,High,0.9588,Price Sensitive Shopper,Disengaged Customer,Medium,Age,Discount_Usage_Rate,Total_Purchases,Targeted Coupon
7600,Medium,0.5585,Frustrated Customer,Price Sensitive Shopper,Low,Returns_Rate,Cart_Abandonment_Rate,Customer_Service_Calls,Customer Feedback Survey
48185,Low,0.7943,Frustrated Customer,Price Sensitive Shopper,Minimal,Cart_Abandonment_Rate,Customer_Service_Calls,Email_Open_Rate,Feedback Request
47603,VIP,0.9894,Price Sensitive Shopper,Frustrated Customer,Critical,Age,Discount_Usage_Rate,LTV_Per_Purchase,VIP Loyalty Rewards | Exclusive Discount Access
14472,Low,0.712,Disengaged Customer,Price Sensitive Shopper,Minimal,Age,Email_Open_Rate,Cart_Abandonment_Rate,Newsletter
12298,Low,0.9587,Frustrated Customer,Dormant Customer,Minimal,Purchase_Frequency,Days_Since_Last_Purchase,Customer_Service_Calls,Feedback Request
37378,Low,0.9686,Price Sensitive Shopper,Frustrated Customer,Minimal,Age,Discount_Usage_Rate,Customer_Service_Calls,Sale Notification
16982,Low,0.6674,Disengaged Customer,Dormant Customer,Minimal,Purchase_Frequency,Age,Customer_Service_Calls,Newsletter
41021,IMP,0.9914,Frustrated Customer,Dormant Customer,High,Customer_Service_Calls,LTV_Per_Purchase,Returns_Rate,Priority Support | Service Recovery Campaign
28254,Medium,0.6006,Frustrated Customer,Disengaged Customer,Low,Cart_Abandonment_Rate,Email_Open_Rate,Returns_Rate,Customer Feedback Survey
24034,High,0.9859,Frustrated Customer,Disengaged Customer,Medium,Customer_Service_Calls,Returns_Rate,Total_Purchases,Service Recovery Campaign
39945,Medium,0.9605,Price Sensitive Shopper,Frustrated Customer,Low,Age,Discount_Usage_Rate,Returns_Rate,Promotional Campaign
37321,Medium,0.8779,Dormant Customer,Price Sensitive Shopper,Low,Purchase_Frequency,Days_Since_Last_Purchase,Customer_Service_Calls,Automated Re-engagement Email
10510,High,0.9856,Frustrated Customer,Price Sensitive Shopper,Medium,Customer_Service_Calls,Discount_Usage_Rate,Returns_Rate,Service Recovery Campaign
7155,Medium,0.9966,Price Sensitive Shopper,Disengaged Customer,Low,Age,Discount_Usage_Rate,Email_Open_Rate,Promotional Campaign
42990,High,0.9816,Price Sensitive Shopper,Disengaged Customer,Medium,Age,Discount_Usage_Rate,Mobile_App_Usage,Targeted Coupon
41480,Medium,0.9833,Price Sensitive Shopper,Frustrated Customer,Low,Age,Discount_Usage_Rate,Customer_Service_Calls,Promotional Campaign
2603,Low,0.9932,Frustrated Customer,Disengaged Customer,Minimal,Age,Discount_Usage_Rate,Email_Open_Rate,Feedback Request
48195,Low,0.7042,Dormant Customer,Price Sensitive Shopper,Minimal,Purchase_Frequency,Cart_Abandonment_Rate,Days_Since_Last_Purchase,Newsletter Reminder
44491,High,0.991,Frustrated Customer,Dormant Customer,Medium,Customer_Service_Calls,LTV_Per_Purchase,Credit_Balance,Service Recovery Campaign
5772,High,0.8729,Frustrated Customer,Dormant Customer,Medium,Customer_Service_Calls,Email_Open_Rate,Days_Since_Last_Purchase,Service Recovery Campaign
20866,Medium,0.7164,Price Sensitive Shopper,Dormant Customer,Low,Cart_Abandonment_Rate,Purchase_Frequency,Customer_Service_Calls,Promotional Campaign
35982,IMP,0.9722,Frustrated Customer,Price Sensitive Shopper,High,Customer_Service_Calls,Discount_Usage_Rate,Email_Open_Rate,Priority Support | Service Recovery Campaign
42653,Low,0.8326,Price Sensitive Shopper,Disengaged Customer,Minimal,Cart_Abandonment_Rate,Customer_Service_Calls,Wishlist_Items,Sale Notification
24911,Low,0.9626,Disengaged Customer,Price Sensitive Shopper,Minimal,Cart_Abandonment_Rate,Customer_Service_Calls,Purchase_Frequency,Newsletter
25111,Medium,0.707,Disengaged Customer,Frustrated Customer,Low,Customer_Service_Calls,Email_Open_Rate,Cart_Abandonment_Rate,Re-engagement Email
36331,Low,0.5505,Frustrated Customer,Disengaged Customer,Minimal,Returns_Rate,Email_Open_Rate,Total_Purchases,Feedback Request
31866,Low,0.98,Price Sensitive Shopper,Dormant Customer,Minimal,Age,Discount_Usage_Rate,Cart_Abandonment_Rate,Sale Notification
38002,Low,0.9892,Price Sensitive Shopper,Disengaged Customer,Minimal,Purchase_Frequency,Cart_Abandonment_Rate,Days_Since_Last_Purchase,Sale Notification
7726,Low,0.9293,Price Sensitive Shopper,Frustrated Customer,Minimal,Age,Discount_Usage_Rate,Customer_Service_Calls,Sale Notification
45153,High,0.9892,Frustrated Customer,Price Sensitive Shopper,Medium,Customer_Service_Calls,LTV_Per_Purchase,Total_Purchases,Service Recovery Campaign
33961,IMP,0.9904,Frustrated Customer,Price Sensitive Shopper,High,Customer_Service_Calls,Discount_Usage_Rate,Total_Purchases,Priority Support | Service Recovery Campaign
8046,Low,0.8336,Dormant Customer,Frustrated Customer,Minimal,Purchase_Frequency,Cart_Abandonment_Rate,Days_Since_Last_Purchase,Newsletter Reminder
13128,Low,0.9536,Disengaged Customer,Frustrated Customer,Minimal,Customer_Service_Calls,Email_Open_Rate,Days_Since_Last_Purchase,Newsletter
33291,Medium,0.9996,Price Sensitive Shopper,Dormant Customer,Low,Age,Days_Since_Last_Purchase,Discount_Usage_Rate,Promotional Campaign
8635,Medium,0.8626,Disengaged Customer,Dormant Customer,Low,Purchase_Frequency,Days_Since_Last_Purchase,Email_Open_Rate,Re-engagement Email
23887,Low,0.8885,Disengaged Customer,Frustrated Customer,Minimal,Customer_Service_Calls,Email_Open_Rate,Days_Since_Last_Purchase,Newsletter
2716,Low,0.949,Price Sensitive Shopper,Disengaged Customer,Minimal,Cart_Abandonment_Rate,Email_Open_Rate,Customer_Service_Calls,Sale Notification
42112,Medium,0.9377,Price Sensitive Shopper,Disengaged Customer,Low,Cart_Abandonment_Rate,Returns_Rate,Email_Open_Rate,Promotional Campaign
16609,Medium,0.9873,Price Sensitive Shopper,Disengaged Customer,Low,Age,Discount_Usage_Rate,Pages_Per_Session,Promotional Campaign
48209,Low,0.967,Frustrated Customer,Price Sensitive Shopper,Minimal,Age,Discount_Usage_Rate,Customer_Service_Calls,Feedback Request
7020,Medium,0.5377,Frustrated Customer,Price Sensitive Shopper,Low,Customer_Service_Calls,Cart_Abandonment_Rate,Purchase_Frequency,Customer Feedback Survey
870,High,0.9783,Frustrated Customer,Price Sensitive Shopper,Medium,Customer_Service_Calls,Discount_Usage_Rate,Total_Purchases,Service Recovery Campaign
44773,Medium,0.9841,Price Sensitive Shopper,Frustrated Customer,Low,Age,Discount_Usage_Rate,Customer_Service_Calls,Promotional Campaign
35064,Medium,0.9764,Dormant Customer,Disengaged Customer,Low,Purchase_Frequency,Days_Since_Last_Purchase,Cart_Abandonment_Rate,Automated Re-engagement Email
34306,IMP,0.9882,Frustrated Customer,Dormant Customer,High,Customer_Service_Calls,Credit_Balance,Average_Order_Value,Priority Support | Service Recovery Campaign
40652,High,0.9922,Frustrated Customer,Disengaged Customer,Medium,Customer_Service_Calls,Total_Purchases,LTV_Per_Purchase,Service Recovery Campaign
2740,IMP,0.9942,Frustrated Customer,Price Sensitive Shopper,High,Customer_Service_Calls,LTV_Per_Purchase,Total_Purchases,Priority Support | Service Recovery Campaign
29799,Medium,0.6105,Frustrated Customer,Price Sensitive Shopper,Low,Cart_Abandonment_Rate,Returns_Rate,Customer_Service_Calls,Customer Feedback Survey
47384,Low,0.8843,Price Sensitive Shopper,Dormant Customer,Minimal,Purchase_Frequency,Cart_Abandonment_Rate,Days_Since_Last_Purchase,Sale Notification
26270,Low,0.5731,Frustrated Customer,Price Sensitive Shopper,Minimal,Returns_Rate,Customer_Service_Calls,Session_Duration_Avg,Feedback Request
47116,Medium,0.9521,Price Sensitive Shopper,Disengaged Customer,Low,Cart_Abandonment_Rate,Email_Open_Rate,Days_Since_Last_Purchase,Promotional Campaign
41214,High,0.9852,Frustrated Customer,Price Sensitive Shopper,Medium,Customer_Service_Calls,Discount_Usage_Rate,Total_Purchases,Service Recovery Campaign
27264,Low,0.8861,Frustrated Customer,Disengaged Customer,Minimal,Returns_Rate,Cart_Abandonment_Rate,Login_Frequency,Feedback Request
40827,IMP,0.9813,Frustrated Customer,Dormant Customer,High,Customer_Service_Calls,Age,Days_Since_Last_Purchase,Priority Support | Service Recovery Campaign
7351,High,0.9809,Frustrated Customer,Price Sensitive Shopper,Medium,Customer_Service_Calls,Average_Order_Value,Pages_Per_Session,Service Recovery Campaign
8037,Medium,0.9857,Price Sensitive Shopper,Frustrated Customer,Low,Age,Discount_Usage_Rate,Returns_Rate,Promotional Campaign
38869,High,0.9944,Frustrated Customer,Price Sensitive Shopper,Medium,Customer_Service_Calls,Returns_Rate,Cart_Abandonment_Rate,Service Recovery Campaign
17441,Low,0.9965,Price Sensitive Shopper,Disengaged Customer,Minimal,Age,Cart_Abandonment_Rate,Discount_Usage_Rate,Sale Notification
22618,Medium,0.7985,Frustrated Customer,Price Sensitive Shopper,Low,Purchase_Frequency,Returns_Rate,Email_Open_Rate,Customer Feedback Survey
44330,Low,0.9599,Disengaged Customer,Price Sensitive Shopper,Minimal,Cart_Abandonment_Rate,Purchase_Frequency,Email_Open_Rate,Newsletter
14088,High,0.9897,Frustrated Customer,Price Sensitive Shopper,Medium,Customer_Service_Calls,Average_Order_Value,Returns_Rate,Service Recovery Campaign
40628,Medium,0.9063,Price Sensitive Shopper,Disengaged Customer,Low,Age,Discount_Usage_Rate,Email_Open_Rate,Promotional Campaign
4738,IMP,0.3183,Disengaged Customer,Frustrated Customer,High,Age,Returns_Rate,Mobile_App_Usage,Personalized Recommendations | Mobile Push Campaign
25971,High,0.9635,Frustrated Customer,Dormant Customer,Medium,Customer_Service_Calls,Age,Days_Since_Last_Purchase,Service Recovery Campaign
3352,High,0.9921,Frustrated Customer,Price Sensitive Shopper,Medium,Customer_Service_Calls,Returns_Rate,LTV_Per_Purchase,Service Recovery Campaign
44485,Low,0.8385,Disengaged Customer,Price Sensitive Shopper,Minimal,Cart_Abandonment_Rate,Email_Open_Rate,Session_Duration_Avg,Newsletter
42728,Low,0.9906,Price Sensitive Shopper,Frustrated Customer,Minimal,Age,Discount_Usage_Rate,Customer_Service_Calls,Sale Notification
8238,High,0.9908,Frustrated Customer,Price Sensitive Shopper,Medium,Customer_Service_Calls,Discount_Usage_Rate,Total_Purchases,Service Recovery Campaign
55,High,0.9965,Frustrated Customer,Dormant Customer,Medium,Customer_Service_Calls,Days_Since_Last_Purchase,Returns_Rate,Service Recovery Campaign
38979,Medium,0.8268,Price Sensitive Shopper,Frustrated Customer,Low,Cart_Abandonment_Rate,Email_Open_Rate,Customer_Service_Calls,Promotional Campaign
13468,High,0.9907,Frustrated Customer,Price Sensitive Shopper,Medium,Customer_Service_Calls,LTV_Per_Purchase,Total_Purchases,Service Recovery Campaign
11632,High,0.9943,Frustrated Customer,Price Sensitive Shopper,Medium,Customer_Service_Calls,Returns_Rate,Cart_Abandonment_Rate,Service Recovery Campaign
34476,High,0.9908,Frustrated Customer,Disengaged Customer,Medium,Customer_Service_Calls,Total_Purchases,Engagement_Score,Service Recovery Campaign
49633,Low,0.9193,Price Sensitive Shopper,Disengaged Customer,Minimal,Cart_Abandonment_Rate,Email_Open_Rate,Purchase_Frequency,Sale Notification
5606,Medium,0.9769,Price Sensitive Shopper,Frustrated Customer,Low,Age,Discount_Usage_Rate,Customer_Service_Calls,Promotional Campaign
22383,Low,0.9772,Disengaged Customer,Price Sensitive Shopper,Minimal,Age,Discount_Usage_Rate,Email_Open_Rate,Newsletter
8106,High,0.9891,Frustrated Customer,Price Sensitive Shopper,Medium,Customer_Service_Calls,Discount_Usage_Rate,LTV_Per_Purchase,Service Recovery Campaign
42768,Low,0.9848,Price Sensitive Shopper,Disengaged Customer,Minimal,Cart_Abandonment_Rate,Purchase_Frequency,Days_Since_Last_Purchase,Sale Notification
34387,Medium,0.9514,Price Sensitive Shopper,Frustrated Customer,Low,Age,Discount_Usage_Rate,Customer_Service_Calls,Promotional Campaign
35092,Low,0.9851,Price Sensitive Shopper,Disengaged Customer,Minimal,Age,Discount_Usage_Rate,Email_Open_Rate,Sale Notification
30807,IMP,0.9917,Frustrated Customer,Disengaged Customer,High,Customer_Service_Calls,Total_Purchases,LTV_Per_Purchase,Priority Support | Service Recovery Campaign
38635,Medium,0.4603,Dormant Customer,Frustrated Customer,Low,Purchase_Frequency,Days_Since_Last_Purchase,Customer_Service_Calls,Automated Re-engagement Email
29186,Low,0.7531,Disengaged Customer,Price Sensitive Shopper,Minimal,Cart_Abandonment_Rate,Customer_Service_Calls,Login_Frequency,Newsletter
20623,IMP,0.9908,Frustrated Customer,Dormant Customer,High,Customer_Service_Calls,Email_Open_Rate,Days_Since_Last_Purchase,Priority Support | Service Recovery Campaign
10901,Low,0.9823,Price Sensitive Shopper,Disengaged Customer,Minimal,Cart_Abandonment_Rate,Email_Open_Rate,Customer_Service_Calls,Sale Notification
16409,Medium,0.987,Frustrated Customer,Price Sensitive Shopper,Low,Cart_Abandonment_Rate,Returns_Rate,Customer_Service_Calls,Customer Feedback Survey
29658,Low,0.7066,Disengaged Customer,Price Sensitive Shopper,Minimal,Cart_Abandonment_Rate,Age,Customer_Service_Calls,Newsletter
40371,IMP,0.9908,Frustrated Customer,Price Sensitive Shopper,High,Customer_Service_Calls,Discount_Usage_Rate,Total_Purchases,Priority Support | Service Recovery Campaign
26602,Medium,0.804,Frustrated Customer,Price Sensitive Shopper,Low,Cart_Abandonment_Rate,Returns_Rate,Mobile_App_Usage,Customer Feedback Survey
4190,Low,0.8516,Price Sensitive Shopper,Frustrated Customer,Minimal,Cart_Abandonment_Rate,Customer_Service_Calls,Email_Open_Rate,Sale Notification
23663,Medium,0.9546,Price Sensitive Shopper,Dormant Customer,Low,Cart_Abandonment_Rate,Purchase_Frequency,Email_Open_Rate,Promotional Campaign
13390,Medium,0.6548,Price Sensitive Shopper,Disengaged Customer,Low,Cart_Abandonment_Rate,Customer_Service_Calls,Login_Frequency,Promotional Campaign
26050,Low,0.8196,Price Sensitive Shopper,Disengaged Customer,Minimal,Cart_Abandonment_Rate,Engagement_Score,Session_Duration_Avg,Sale Notification
49645,Medium,0.9302,Disengaged Customer,Frustrated Customer,Low,Cart_Abandonment_Rate,Returns_Rate,Email_Open_Rate,Re-engagement Email
44653,High,0.9856,Frustrated Customer,Disengaged Customer,Medium,Customer_Service_Calls,Total_Purchases,Session_Duration_Avg,Service Recovery Campaign
41556,High,0.993,Frustrated Customer,Disengaged Customer,Medium,Customer_Service_Calls,Total_Purchases,Membership_Years,Service Recovery Campaign
98,IMP,0.9933,Frustrated Customer,Dormant Customer,High,Customer_Service_Calls,LTV_Per_Purchase,Total_Purchases,Priority Support | Service Recovery Campaign
21408,VIP,0.9898,Frustrated Customer,Price Sensitive Shopper,Critical,Customer_Service_Calls,Discount_Usage_Rate,Total_Purchases,Dedicated Customer Success Outreach | Priority Support | Returns Experience Review
2769,Low,0.8564,Frustrated Customer,Disengaged Customer,Minimal,Returns_Rate,Customer_Service_Calls,Cart_Abandonment_Rate,Feedback Request
41303,Medium,0.4609,Price Sensitive Shopper,Disengaged Customer,Low,Cart_Abandonment_Rate,Purchase_Frequency,Customer_Service_Calls,Promotional Campaign
47848,Low,0.9753,Disengaged Customer,Dormant Customer,Minimal,Cart_Abandonment_Rate,Purchase_Frequency,Email_Open_Rate,Newsletter
19740,IMP,0.993,Frustrated Customer,Disengaged Customer,High,Customer_Service_Calls,Email_Open_Rate,Credit_Balance,Priority Support | Service Recovery Campaign
23617,Medium,0.6633,Frustrated Customer,Dormant Customer,Low,Returns_Rate,Purchase_Frequency,Customer_Service_Calls,Customer Feedback Survey
16549,Low,0.9521,Disengaged Customer,Price Sensitive Shopper,Minimal,Purchase_Frequency,Email_Open_Rate,Cart_Abandonment_Rate,Newsletter
28191,High,0.9918,Frustrated Customer,Dormant Customer,Medium,Customer_Service_Calls,Total_Purchases,Returns_Rate,Service Recovery Campaign
29568,Low,0.8593,Frustrated Customer,Disengaged Customer,Minimal,Cart_Abandonment_Rate,Returns_Rate,Email_Open_Rate,Feedback Request
16157,Medium,0.9153,Frustrated Customer,Price Sensitive Shopper,Low,Customer_Service_Calls,Cart_Abandonment_Rate,Returns_Rate,Customer Feedback Survey
43409,Low,0.873,Dormant Customer,Disengaged Customer,Minimal,Purchase_Frequency,Days_Since_Last_Purchase,Cart_Abandonment_Rate,Newsletter Reminder
6773,Medium,0.9262,Dormant Customer,Frustrated Customer,Low,Days_Since_Last_Purchase,Purchase_Frequency,Age,Automated Re-engagement Email
45102,High,0.9764,Frustrated Customer,Dormant Customer,Medium,Customer_Service_Calls,Days_Since_Last_Purchase,Total_Purchases,Service Recovery Campaign
351,Medium,0.516,Price Sensitive Shopper,Frustrated Customer,Low,Cart_Abandonment_Rate,Customer_Service_Calls,Returns_Rate,Promotional Campaign
2846,IMP,0.9896,Frustrated Customer,Price Sensitive Shopper,High,Customer_Service_Calls,Discount_Usage_Rate,LTV_Per_Purchase,Priority Support | Service Recovery Campaign
4520,Medium,0.8903,Disengaged Customer,Price Sensitive Shopper,Low,Cart_Abandonment_Rate,Email_Open_Rate,Mobile_App_Usage,Re-engagement Email
19672,High,0.9925,Frustrated Customer,Disengaged Customer,Medium,Customer_Service_Calls,LTV_Per_Purchase,Average_Order_Value,Service Recovery Campaign
13937,Medium,0.978,Frustrated Customer,Disengaged Customer,Low,Purchase_Frequency,Days_Since_Last_Purchase,Returns_Rate,Customer Feedback Survey
45199,High,0.8827,Frustrated Customer,Price Sensitive Shopper,Medium,Customer_Service_Calls,Discount_Usage_Rate,Total_Purchases,Service Recovery Campaign
16056,Low,0.7649,Disengaged Customer,Price Sensitive Shopper,Minimal,Cart_Abandonment_Rate,Email_Open_Rate,Purchase_Frequency,Newsletter
38053,High,0.9892,Frustrated Customer,Dormant Customer,Medium,Customer_Service_Calls,Credit_Balance,Total_Purchases,Service Recovery Campaign
44039,Medium,0.6875,Price Sensitive Shopper,Disengaged Customer,Low,Cart_Abandonment_Rate,Customer_Service_Calls,Email_Open_Rate,Promotional Campaign
7387,Low,0.832,Frustrated Customer,Disengaged Customer,Minimal,Customer_Service_Calls,Returns_Rate,Email_Open_Rate,Feedback Request
15980,Medium,0.9379,Price Sensitive Shopper,Frustrated Customer,Low,Age,Discount_Usage_Rate,Customer_Service_Calls,Promotional Campaign
25472,Low,0.9377,Dormant Customer,Frustrated Customer,Minimal,Purchase_Frequency,Days_Since_Last_Purchase,Returns_Rate,Newsletter Reminder
17114,IMP,0.9917,Frustrated Customer,Price Sensitive Shopper,High,Customer_Service_Calls,LTV_Per_Purchase,Total_Purchases,Priority Support | Service Recovery Campaign
29863,High,0.9879,Frustrated Customer,Dormant Customer,Medium,Customer_Service_Calls,Total_Purchases,LTV_Per_Purchase,Service Recovery Campaign
23137,Low,0.9895,Price Sensitive Shopper,Frustrated Customer,Minimal,Age,Discount_Usage_Rate,Customer_Service_Calls,Sale Notification
40271,Medium,0.9563,Price Sensitive Shopper,Disengaged Customer,Low,Cart_Abandonment_Rate,Purchase_Frequency,Email_Open_Rate,Promotional Campaign
18061,Low,0.6947,Disengaged Customer,Price Sensitive Shopper,Minimal,Email_Open_Rate,Customer_Service_Calls,Cart_Abandonment_Rate,Newsletter
27668,Medium,0.9877,Price Sensitive Shopper,Disengaged Customer,Low,Age,Discount_Usage_Rate,Total_Purchases,Promotional Campaign
29921,IMP,0.9932,Frustrated Customer,Disengaged Customer,High,Customer_Service_Calls,Total_Purchases,LTV_Per_Purchase,Priority Support | Service Recovery Campaign
3250,Low,0.6204,Price Sensitive Shopper,Frustrated Customer,Minimal,Cart_Abandonment_Rate,Purchase_Frequency,Customer_Service_Calls,Sale Notification
8882,High,0.9764,Frustrated Customer,Price Sensitive Shopper,Medium,Customer_Service_Calls,LTV_Per_Purchase,Average_Order_Value,Service Recovery Campaign
35347,Low,0.8534,Price Sensitive Shopper,Disengaged Customer,Minimal,Cart_Abandonment_Rate,Product_Reviews_Written,Pages_Per_Session,Sale Notification
21235,Low,0.9554,Disengaged Customer,Price Sensitive Shopper,Minimal,Cart_Abandonment_Rate,Email_Open_Rate,Wishlist_Items,Newsletter
44626,Low,0.992,Dormant Customer,Price Sensitive Shopper,Minimal,Days_Since_Last_Purchase,Purchase_Frequency,Cart_Abandonment_Rate,Newsletter Reminder
22109,High,0.986,Frustrated Customer,Price Sensitive Shopper,Medium,Customer_Service_Calls,Discount_Usage_Rate,Total_Purchases,Service Recovery Campaign
30578,High,0.9887,Frustrated Customer,Price Sensitive Shopper,Medium,Customer_Service_Calls,LTV_Per_Purchase,Total_Purchases,Service Recovery Campaign
16722,IMP,0.9962,Frustrated Customer,Dormant Customer,High,Customer_Service_Calls,Days_Since_Last_Purchase,Discount_Usage_Rate,Priority Support | Service Recovery Campaign
25411,IMP,0.9903,Frustrated Customer,Dormant Customer,High,Customer_Service_Calls,Average_Order_Value,Total_Purchases,Priority Support | Service Recovery Campaign
25182,High,0.993,Frustrated Customer,Dormant Customer,Medium,Customer_Service_Calls,LTV_Per_Purchase,Credit_Balance,Service Recovery Campaign
5379,Low,0.9713,Price Sensitive Shopper,Frustrated Customer,Minimal,Cart_Abandonment_Rate,Customer_Service_Calls,Wishlist_Items,Sale Notification
49339,High,0.9886,Frustrated Customer,Dormant Customer,Medium,Customer_Service_Calls,LTV_Per_Purchase,Days_Since_Last_Purchase,Service Recovery Campaign
20229,Low,0.9664,Disengaged Customer,Price Sensitive Shopper,Minimal,Purchase_Frequency,Cart_Abandonment_Rate,Email_Open_Rate,Newsletter
31596,High,0.985,Price Sensitive Shopper,Frustrated Customer,Medium,Age,Discount_Usage_Rate,Total_Purchases,Targeted Coupon
18277,High,0.9906,Frustrated Customer,Disengaged Customer,Medium,Customer_Service_Calls,Total_Purchases,Social_Media_Engagement_Score,Service Recovery Campaign
31926,Low,0.8391,Price Sensitive Shopper,Disengaged Customer,Minimal,Cart_Abandonment_Rate,Pages_Per_Session,Customer_Service_Calls,Sale Notification
4510,Medium,0.7703,Dormant Customer,Frustrated Customer,Low,Days_Since_Last_Purchase,Purchase_Frequency,Customer_Service_Calls,Automated Re-engagement Email
13656,Low,0.9622,Disengaged Customer,Price Sensitive Shopper,Minimal,Cart_Abandonment_Rate,Purchase_Frequency,Email_Open_Rate,Newsletter
10136,Low,0.5833,Frustrated Customer,Disengaged Customer,Minimal,Customer_Service_Calls,Age,Email_Open_Rate,Feedback Request
39885,Medium,0.6433,Frustrated Customer,Dormant Customer,Low,Cart_Abandonment_Rate,Days_Since_Last_Purchase,Customer_Service_Calls,Customer Feedback Survey
34550,Low,0.9515,Frustrated Customer,Dormant Customer,Minimal,Purchase_Frequency,Customer_Service_Calls,Days_Since_Last_Purchase,Feedback Request
28141,High,0.9927,Frustrated Customer,Price Sensitive Shopper,Medium,Customer_Service_Calls,Discount_Usage_Rate,Total_Purchases,Service Recovery Campaign
37835,High,0.649,Frustrated Customer,Price Sensitive Shopper,Medium,Cart_Abandonment_Rate,Customer_Service_Calls,Product_Reviews_Written,Service Recovery Campaign
46919,IMP,0.9938,Frustrated Customer,Price Sensitive Shopper,High,Customer_Service_Calls,Total_Purchases,Average_Order_Value,Priority Support | Service Recovery Campaign
13125,High,0.9829,Frustrated Customer,Disengaged Customer,Medium,Customer_Service_Calls,Age,Total_Purchases,Service Recovery Campaign
10519,Medium,0.8127,Frustrated Customer,Disengaged Customer,Low,Returns_Rate,Purchase_Frequency,Customer_Service_Calls,Customer Feedback Survey
5341,High,0.9906,Frustrated Customer,Price Sensitive Shopper,Medium,Customer_Service_Calls,Total_Purchases,Average_Order_Value,Service Recovery Campaign
6000,Medium,0.9428,Price Sensitive Shopper,Disengaged Customer,Low,Age,Discount_Usage_Rate,Mobile_App_Usage,Promotional Campaign
17039,High,0.9891,Frustrated Customer,Dormant Customer,Medium,Customer_Service_Calls,Login_Frequency,Total_Purchases,Service Recovery Campaign
14604,Medium,0.9784,Dormant Customer,Frustrated Customer,Low,Purchase_Frequency,Days_Since_Last_Purchase,Age,Automated Re-engagement Email
38549,Medium,0.9481,Frustrated Customer,Price Sensitive Shopper,Low,Cart_Abandonment_Rate,Purchase_Frequency,Returns_Rate,Customer Feedback Survey
49970,High,0.9825,Frustrated Customer,Disengaged Customer,Medium,Customer_Service_Calls,Total_Purchases,Returns_Rate,Service Recovery Campaign
46873,High,0.9746,Frustrated Customer,Price Sensitive Shopper,Medium,Customer_Service_Calls,Days_Since_Last_Purchase,LTV_Per_Purchase,Service Recovery Campaign
47911,High,0.9907,Frustrated Customer,Dormant Customer,Medium,Customer_Service_Calls,Days_Since_Last_Purchase,Discount_Usage_Rate,Service Recovery Campaign
22093,Medium,0.9736,Frustrated Customer,Disengaged Customer,Low,Purchase_Frequency,Customer_Service_Calls,Days_Since_Last_Purchase,Customer Feedback Survey
6829,Medium,0.8225,Dormant Customer,Frustrated Customer,Low,Purchase_Frequency,Days_Since_Last_Purchase,Customer_Service_Calls,Automated Re-engagement Email
47272,IMP,0.9922,Frustrated Customer,Price Sensitive Shopper,High,Customer_Service_Calls,Discount_Usage_Rate,Total_Purchases,Priority Support | Service Recovery Campaign
9142,High,0.9846,Frustrated Customer,Dormant Customer,Medium,Customer_Service_Calls,Credit_Balance,Days_Since_Last_Purchase,Service Recovery Campaign
13213,IMP,0.965,Price Sensitive Shopper,Dormant Customer,High,Age,Discount_Usage_Rate,Total_Purchases,Loyalty Rewards | Targeted Coupon
42588,Low,0.9779,Price Sensitive Shopper,Disengaged Customer,Minimal,Age,Discount_Usage_Rate,Email_Open_Rate,Sale Notification
41690,Medium,0.8181,Dormant Customer,Frustrated Customer,Low,Cart_Abandonment_Rate,Customer_Service_Calls,Purchase_Frequency,Automated Re-engagement Email
29948,Medium,0.9275,Dormant Customer,Disengaged Customer,Low,Purchase_Frequency,Days_Since_Last_Purchase,Cart_Abandonment_Rate,Automated Re-engagement Email
47106,IMP,0.993,Frustrated Customer,Dormant Customer,High,Customer_Service_Calls,Purchase_Frequency,Returns_Rate,Priority Support | Service Recovery Campaign
3451,IMP,0.987,Price Sensitive Shopper,Disengaged Customer,High,Age,Discount_Usage_Rate,Total_Purchases,Loyalty Rewards | Targeted Coupon
22308,Medium,0.4362,Price Sensitive Shopper,Frustrated Customer,Low,Cart_Abandonment_Rate,Product_Reviews_Written,Credit_Balance,Promotional Campaign
43581,Medium,0.9921,Price Sensitive Shopper,Disengaged Customer,Low,Age,Discount_Usage_Rate,Total_Purchases,Promotional Campaign
47663,Medium,0.9333,Disengaged Customer,Price Sensitive Shopper,Low,Cart_Abandonment_Rate,Email_Open_Rate,Age,Re-engagement Email
3811,Medium,0.9144,Disengaged Customer,Dormant Customer,Low,Purchase_Frequency,Email_Open_Rate,Customer_Service_Calls,Re-engagement Email
31827,High,0.9909,Frustrated Customer,Dormant Customer,Medium,Customer_Service_Calls,Returns_Rate,LTV_Per_Purchase,Service Recovery Campaign
36420,Low,0.8528,Disengaged Customer,Dormant Customer,Minimal,Purchase_Frequency,Days_Since_Last_Purchase,Email_Open_Rate,Newsletter
47922,Low,0.9717,Dormant Customer,Disengaged Customer,Minimal,Purchase_Frequency,Days_Since_Last_Purchase,Cart_Abandonment_Rate,Newsletter Reminder
37388,IMP,0.991,Frustrated Customer,Price Sensitive Shopper,High,Customer_Service_Calls,Cart_Abandonment_Rate,Average_Order_Value,Priority Support | Service Recovery Campaign
31705,High,0.9794,Frustrated Customer,Price Sensitive Shopper,Medium,Customer_Service_Calls,Discount_Usage_Rate,Total_Purchases,Service Recovery Campaign
47996,Low,0.9946,Frustrated Customer,Price Sensitive Shopper,Minimal,Age,Discount_Usage_Rate,Returns_Rate,Feedback Request
45137,High,0.9872,Frustrated Customer,Price Sensitive Shopper,Medium,Customer_Service_Calls,LTV_Per_Purchase,Total_Purchases,Service Recovery Campaign
33573,High,0.9923,Price Sensitive Shopper,Dormant Customer,Medium,Age,Discount_Usage_Rate,Returns_Rate,Targeted Coupon
12660,Medium,0.6123,Dormant Customer,Frustrated Customer,Low,Purchase_Frequency,Days_Since_Last_Purchase,Email_Open_Rate,Automated Re-engagement Email
44255,Low,0.953,Disengaged Customer,Price Sensitive Shopper,Minimal,Purchase_Frequency,Cart_Abandonment_Rate,Email_Open_Rate,Newsletter
33875,Medium,0.9415,Disengaged Customer,Price Sensitive Shopper,Low,Cart_Abandonment_Rate,Email_Open_Rate,Customer_Service_Calls,Re-engagement Email
48928,Medium,0.6851,Disengaged Customer,Frustrated Customer,Low,Cart_Abandonment_Rate,Customer_Service_Calls,Age,Re-engagement Email
39788,High,0.9906,Frustrated Customer,Price Sensitive Shopper,Medium,Customer_Service_Calls,Discount_Usage_Rate,Total_Purchases,Service Recovery Campaign
10875,Medium,0.9917,Price Sensitive Shopper,Frustrated Customer,Low,Age,Discount_Usage_Rate,Total_Purchases,Promotional Campaign
44770,High,0.9912,Frustrated Customer,Disengaged Customer,Medium,Customer_Service_Calls,Total_Purchases,LTV_Per_Purchase,Service Recovery Campaign
16524,High,0.9767,Frustrated Customer,Price Sensitive Shopper,Medium,Customer_Service_Calls,Total_Purchases,LTV_Per_Purchase,Service Recovery Campaign
4151,Low,0.7734,Dormant Customer,Price Sensitive Shopper,Minimal,Purchase_Frequency,Days_Since_Last_Purchase,Cart_Abandonment_Rate,Newsletter Reminder
24161,Low,0.6061,Disengaged Customer,Price Sensitive Shopper,Minimal,Cart_Abandonment_Rate,Email_Open_Rate,Login_Frequency,Newsletter
31329,Medium,0.5723,Frustrated Customer,Price Sensitive Shopper,Low,Returns_Rate,Cart_Abandonment_Rate,Customer_Service_Calls,Customer Feedback Survey
21931,High,0.9909,Frustrated Customer,Price Sensitive Shopper,Medium,Customer_Service_Calls,Total_Purchases,Flag_Missing,Service Recovery Campaign
13287,Medium,0.9132,Disengaged Customer,Price Sensitive Shopper,Low,Cart_Abandonment_Rate,Purchase_Frequency,Session_Duration_Avg,Re-engagement Email
28255,Medium,0.9901,Price Sensitive Shopper,Frustrated Customer,Low,Age,Discount_Usage_Rate,Customer_Service_Calls,Promotional Campaign
44242,IMP,0.9696,Frustrated Customer,Price Sensitive Shopper,High,Customer_Service_Calls,Product_Reviews_Written,Average_Order_Value,Priority Support | Service Recovery Campaign
5582,Low,0.9719,Price Sensitive Shopper,Disengaged Customer,Minimal,Purchase_Frequency,Cart_Abandonment_Rate,Email_Open_Rate,Sale Notification
3331,Medium,0.9915,Price Sensitive Shopper,Frustrated Customer,Low,Age,Discount_Usage_Rate,Total_Purchases,Promotional Campaign
74,Medium,0.9735,Price Sensitive Shopper,Frustrated Customer,Low,Age,Discount_Usage_Rate,Customer_Service_Calls,Promotional Campaign
34428,High,0.9749,Frustrated Customer,Price Sensitive Shopper,Medium,Customer_Service_Calls,Discount_Usage_Rate,LTV_Per_Purchase,Service Recovery Campaign
23055,Low,0.9488,Disengaged Customer,Price Sensitive Shopper,Minimal,Cart_Abandonment_Rate,Email_Open_Rate,Session_Duration_Avg,Newsletter
18158,High,0.9914,Frustrated Customer,Disengaged Customer,Medium,Customer_Service_Calls,Returns_Rate,Total_Purchases,Service Recovery Campaign
9467,Medium,0.9786,Price Sensitive Shopper,Dormant Customer,Low,Age,Discount_Usage_Rate,Days_Since_Last_Purchase,Promotional Campaign
33699,Medium,0.4154,Disengaged Customer,Dormant Customer,Low,Purchase_Frequency,Email_Open_Rate,Days_Since_Last_Purchase,Re-engagement Email
1297,High,0.9804,Frustrated Customer,Price Sensitive Shopper,Medium,Customer_Service_Calls,Discount_Usage_Rate,Total_Purchases,Service Recovery Campaign
12513,Low,0.958,Disengaged Customer,Price Sensitive Shopper,Minimal,Cart_Abandonment_Rate,Email_Open_Rate,Purchase_Frequency,Newsletter
21623,Low,0.9179,Price Sensitive Shopper,Disengaged Customer,Minimal,Cart_Abandonment_Rate,Purchase_Frequency,Customer_Service_Calls,Sale Notification
9237,IMP,0.9836,Frustrated Customer,Disengaged Customer,High,Customer_Service_Calls,Age,Total_Purchases,Priority Support | Service Recovery Campaign
19991,Medium,0.6511,Disengaged Customer,Frustrated Customer,Low,Email_Open_Rate,Purchase_Frequency,Customer_Service_Calls,Re-engagement Email
22766,Low,0.9826,Disengaged Customer,Frustrated Customer,Minimal,Purchase_Frequency,Customer_Service_Calls,Email_Open_Rate,Newsletter
43392,Low,0.936,Frustrated Customer,Disengaged Customer,Minimal,Purchase_Frequency,Returns_Rate,Customer_Service_Calls,Feedback Request
33821,Medium,0.9001,Price Sensitive Shopper,Frustrated Customer,Low,Cart_Abandonment_Rate,Customer_Service_Calls,Wishlist_Items,Promotional Campaign
4027,High,0.9617,Frustrated Customer,Price Sensitive Shopper,Medium,Customer_Service_Calls,Average_Order_Value,LTV_Per_Purchase,Service Recovery Campaign
48503,Medium,0.8518,Dormant Customer,Disengaged Customer,Low,Purchase_Frequency,Days_Since_Last_Purchase,Customer_Service_Calls,Automated Re-engagement Email
14792,Low,0.9066,Frustrated Customer,Disengaged Customer,Minimal,Purchase_Frequency,Cart_Abandonment_Rate,Days_Since_Last_Purchase,Feedback Request
40866,Medium,0.9736,Disengaged Customer,Frustrated Customer,Low,Cart_Abandonment_Rate,Email_Open_Rate,Returns_Rate,Re-engagement Email
41289,IMP,0.9947,Frustrated Customer,Dormant Customer,High,Customer_Service_Calls,Days_Since_Last_Purchase,Discount_Usage_Rate,Priority Support | Service Recovery Campaign
20465,Low,0.8971,Frustrated Customer,Dormant Customer,Minimal,Purchase_Frequency,Days_Since_Last_Purchase,Customer_Service_Calls,Feedback Request
25697,IMP,0.9892,Frustrated Customer,Price Sensitive Shopper,High,Customer_Service_Calls,Total_Purchases,Average_Order_Value,Priority Support | Service Recovery Campaign
43046,Low,0.7426,Frustrated Customer,Disengaged Customer,Minimal,Purchase_Frequency,Customer_Service_Calls,Wishlist_Items,Feedback Request
28354,Low,0.6973,Price Sensitive Shopper,Frustrated Customer,Minimal,Cart_Abandonment_Rate,Customer_Service_Calls,Login_Frequency,Sale Notification
13304,High,0.9901,Frustrated Customer,Dormant Customer,Medium,Customer_Service_Calls,Age,Total_Purchases,Service Recovery Campaign
8309,High,0.9627,Frustrated Customer,Price Sensitive Shopper,Medium,Customer_Service_Calls,Discount_Usage_Rate,Total_Purchases,Service Recovery Campaign
12841,Low,0.9664,Price Sensitive Shopper,Disengaged Customer,Minimal,Cart_Abandonment_Rate,Age,Email_Open_Rate,Sale Notification
11752,Low,0.7263,Frustrated Customer,Price Sensitive Shopper,Minimal,Purchase_Frequency,Customer_Service_Calls,Returns_Rate,Feedback Request
19687,Medium,0.9774,Price Sensitive Shopper,Disengaged Customer,Low,Cart_Abandonment_Rate,Email_Open_Rate,Purchase_Frequency,Promotional Campaign
16986,Low,0.9983,Frustrated Customer,Disengaged Customer,Minimal,Purchase_Frequency,Returns_Rate,Customer_Service_Calls,Feedback Request
13057,IMP,0.9637,Price Sensitive Shopper,Disengaged Customer,High,Age,Discount_Usage_Rate,Total_Purchases,Loyalty Rewards | Targeted Coupon
7303,Low,0.9749,Price Sensitive Shopper,Disengaged Customer,Minimal,Cart_Abandonment_Rate,Pages_Per_Session,Customer_Service_Calls,Sale Notification
9635,Medium,0.9962,Price Sensitive Shopper,Frustrated Customer,Low,Age,Discount_Usage_Rate,Cart_Abandonment_Rate,Promotional Campaign
5207,Low,0.9709,Price Sensitive Shopper,Frustrated Customer,Minimal,Cart_Abandonment_Rate,Customer_Service_Calls,Email_Open_Rate,Sale Notification
37085,Low,0.8618,Disengaged Customer,Price Sensitive Shopper,Minimal,Cart_Abandonment_Rate,Email_Open_Rate,Customer_Service_Calls,Newsletter
26853,IMP,0.9912,Frustrated Customer,Price Sensitive Shopper,High,Customer_Service_Calls,Returns_Rate,LTV_Per_Purchase,Priority Support | Service Recovery Campaign
30711,IMP,0.9967,Frustrated Customer,Disengaged Customer,High,Customer_Service_Calls,Cart_Abandonment_Rate,Email_Open_Rate,Priority Support | Service Recovery Campaign
8400,Low,0.7017,Price Sensitive Shopper,Frustrated Customer,Minimal,Purchase_Frequency,Cart_Abandonment_Rate,Customer_Service_Calls,Sale Notification
18275,Medium,0.6571,Dormant Customer,Price Sensitive Shopper,Low,Days_Since_Last_Purchase,Purchase_Frequency,Cart_Abandonment_Rate,Automated Re-engagement Email
39738,Medium,0.4818,Disengaged Customer,Frustrated Customer,Low,Email_Open_Rate,Returns_Rate,Engagement_Score,Re-engagement Email
10453,High,0.9942,Frustrated Customer,Dormant Customer,Medium,Customer_Service_Calls,Days_Since_Last_Purchase,Returns_Rate,Service Recovery Campaign
40927,Low,0.9379,Disengaged Customer,Price Sensitive Shopper,Minimal,Cart_Abandonment_Rate,Email_Open_Rate,Age,Newsletter
28190,Medium,0.9947,Dormant Customer,Frustrated Customer,Low,Purchase_Frequency,Days_Since_Last_Purchase,Age,Automated Re-engagement Email
40106,Medium,0.9572,Price Sensitive Shopper,Dormant Customer,Low,Age,Discount_Usage_Rate,Days_Since_Last_Purchase,Promotional Campaign
41100,Low,0.9816,Disengaged Customer,Price Sensitive Shopper,Minimal,Purchase_Frequency,Email_Open_Rate,Cart_Abandonment_Rate,Newsletter
28073,IMP,0.9914,Frustrated Customer,Price Sensitive Shopper,High,Customer_Service_Calls,Total_Purchases,Average_Order_Value,Priority Support | Service Recovery Campaign
1390,High,0.9943,Frustrated Customer,Dormant Customer,Medium,Customer_Service_Calls,Returns_Rate,Membership_Years,Service Recovery Campaign
26390,Low,0.9893,Price Sensitive Shopper,Frustrated Customer,Minimal,Cart_Abandonment_Rate,Returns_Rate,Purchase_Frequency,Sale Notification
43475,High,0.9978,Disengaged Customer,Frustrated Customer,Medium,Cart_Abandonment_Rate,Customer_Service_Calls,Email_Open_Rate,Product Discovery Campaign
24928,High,0.9923,Frustrated Customer,Price Sensitive Shopper,Medium,Customer_Service_Calls,Total_Purchases,LTV_Per_Purchase,Service Recovery Campaign
8661,IMP,0.9913,Frustrated Customer,Price Sensitive Shopper,High,Customer_Service_Calls,LTV_Per_Purchase,Returns_Rate,Priority Support | Service Recovery Campaign
835,Low,0.6606,Frustrated Customer,Disengaged Customer,Minimal,Returns_Rate,Purchase_Frequency,Mobile_App_Usage,Feedback Request
16359,Medium,0.4253,Disengaged Customer,Dormant Customer,Low,Customer_Service_Calls,Cart_Abandonment_Rate,Session_Duration_Avg,Re-engagement Email
49152,Low,0.6233,Dormant Customer,Disengaged Customer,Minimal,Purchase_Frequency,Cart_Abandonment_Rate,Days_Since_Last_Purchase,Newsletter Reminder
31317,Medium,0.9408,Price Sensitive Shopper,Disengaged Customer,Low,Cart_Abandonment_Rate,Email_Open_Rate,Purchase_Frequency,Promotional Campaign
45368,IMP,0.9913,Disengaged Customer,Price Sensitive Shopper,High,Customer_Service_Calls,Cart_Abandonment_Rate,Email_Open_Rate,Personalized Recommendations | Mobile Push Campaign
21072,Medium,0.9243,Frustrated Customer,Disengaged Customer,Low,Email_Open_Rate,Returns_Rate,Purchase_Frequency,Customer Feedback Survey
12444,Medium,0.9903,Frustrated Customer,Dormant Customer,Low,Purchase_Frequency,Days_Since_Last_Purchase,Returns_Rate,Customer Feedback Survey
31554,Medium,0.5093,Disengaged Customer,Price Sensitive Shopper,Low,Cart_Abandonment_Rate,Age,Customer_Service_Calls,Re-engagement Email
33830,Medium,0.8474,Price Sensitive Shopper,Disengaged Customer,Low,Cart_Abandonment_Rate,Session_Duration_Avg,Engagement_Score,Promotional Campaign
20258,High,0.9918,Frustrated Customer,Price Sensitive Shopper,Medium,Customer_Service_Calls,Cart_Abandonment_Rate,Returns_Rate,Service Recovery Campaign
1204,Low,0.9201,Price Sensitive Shopper,Disengaged Customer,Minimal,Cart_Abandonment_Rate,Purchase_Frequency,Customer_Service_Calls,Sale Notification
3637,High,0.9897,Frustrated Customer,Price Sensitive Shopper,Medium,Customer_Service_Calls,Returns_Rate,LTV_Per_Purchase,Service Recovery Campaign
16081,Low,0.8701,Price Sensitive Shopper,Disengaged Customer,Minimal,Cart_Abandonment_Rate,Purchase_Frequency,Customer_Service_Calls,Sale Notification
16573,High,0.9686,Frustrated Customer,Price Sensitive Shopper,Medium,Customer_Service_Calls,Returns_Rate,Discount_Usage_Rate,Service Recovery Campaign
8680,Medium,0.9687,Price Sensitive Shopper,Disengaged Customer,Low,Age,Discount_Usage_Rate,Total_Purchases,Promotional Campaign
32723,Low,0.8373,Disengaged Customer,Frustrated Customer,Minimal,Email_Open_Rate,Returns_Rate,Customer_Service_Calls,Newsletter
39259,Low,0.9619,Frustrated Customer,Dormant Customer,Minimal,Days_Since_Last_Purchase,Purchase_Frequency,Cart_Abandonment_Rate,Feedback Request
16770,Medium,0.9868,Disengaged Customer,Frustrated Customer,Low,Email_Open_Rate,Days_Since_Last_Purchase,Returns_Rate,Re-engagement Email
45245,Medium,0.9396,Disengaged Customer,Frustrated Customer,Low,Returns_Rate,Cart_Abandonment_Rate,Purchase_Frequency,Re-engagement Email
35065,IMP,0.99,Frustrated Customer,Price Sensitive Shopper,High,Customer_Service_Calls,Discount_Usage_Rate,Returns_Rate,Priority Support | Service Recovery Campaign
36307,Low,0.9676,Price Sensitive Shopper,Disengaged Customer,Minimal,Cart_Abandonment_Rate,Email_Open_Rate,Customer_Service_Calls,Sale Notification
24274,High,0.9952,Frustrated Customer,Price Sensitive Shopper,Medium,Customer_Service_Calls,Returns_Rate,Credit_Balance,Service Recovery Campaign
47582,Medium,0.9417,Price Sensitive Shopper,Frustrated Customer,Low,Age,Discount_Usage_Rate,Customer_Service_Calls,Promotional Campaign
3559,Low,0.9834,Price Sensitive Shopper,Frustrated Customer,Minimal,Age,Discount_Usage_Rate,Customer_Service_Calls,Sale Notification
37312,Low,0.6285,Frustrated Customer,Price Sensitive Shopper,Minimal,Cart_Abandonment_Rate,Customer_Service_Calls,Product_Reviews_Written,Feedback Request
7087,Medium,0.9832,Frustrated Customer,Price Sensitive Shopper,Low,Cart_Abandonment_Rate,Returns_Rate,Customer_Service_Calls,Customer Feedback Survey
40332,High,0.9768,Price Sensitive Shopper,Dormant Customer,Medium,Age,Discount_Usage_Rate,Cart_Abandonment_Rate,Targeted Coupon
32541,Low,0.9983,Price Sensitive Shopper,Disengaged Customer,Minimal,Age,Cart_Abandonment_Rate,Discount_Usage_Rate,Sale Notification
46554,IMP,0.9869,Frustrated Customer,Price Sensitive Shopper,High,Customer_Service_Calls,Discount_Usage_Rate,Total_Purchases,Priority Support | Service Recovery Campaign
40128,Medium,0.989,Price Sensitive Shopper,Frustrated Customer,Low,Age,Discount_Usage_Rate,Customer_Service_Calls,Promotional Campaign
37579,High,0.9857,Frustrated Customer,Price Sensitive Shopper,Medium,Customer_Service_Calls,Discount_Usage_Rate,Returns_Rate,Service Recovery Campaign
38541,High,0.9868,Frustrated Customer,Price Sensitive Shopper,Medium,Customer_Service_Calls,Returns_Rate,Discount_Usage_Rate,Service Recovery Campaign
36408,IMP,0.9845,Frustrated Customer,Price Sensitive Shopper,High,Customer_Service_Calls,Discount_Usage_Rate,Returns_Rate,Priority Support | Service Recovery Campaign
47159,Medium,0.9966,Dormant Customer,Disengaged Customer,Low,Cart_Abandonment_Rate,Days_Since_Last_Purchase,Purchase_Frequency,Automated Re-engagement Email
16484,IMP,0.9923,Frustrated Customer,Disengaged Customer,High,Customer_Service_Calls,Total_Purchases,LTV_Per_Purchase,Priority Support | Service Recovery Campaign
27618,High,0.9912,Frustrated Customer,Price Sensitive Shopper,Medium,Customer_Service_Calls,Total_Purchases,LTV_Per_Purchase,Service Recovery Campaign
7388,Low,0.6992,Price Sensitive Shopper,Disengaged Customer,Minimal,Cart_Abandonment_Rate,Purchase_Frequency,Mobile_App_Usage,Sale Notification
23222,Medium,0.6095,Dormant Customer,Frustrated Customer,Low,Customer_Service_Calls,Days_Since_Last_Purchase,Mobile_App_Usage,Automated Re-engagement Email
41891,Medium,0.9889,Price Sensitive Shopper,Disengaged Customer,Low,Age,Discount_Usage_Rate,Total_Purchases,Promotional Campaign
38536,Low,0.8994,Price Sensitive Shopper,Frustrated Customer,Minimal,Cart_Abandonment_Rate,Returns_Rate,Customer_Service_Calls,Sale Notification
1234,Medium,0.4004,Frustrated Customer,Price Sensitive Shopper,Low,Customer_Service_Calls,Wishlist_Items,Cart_Abandonment_Rate,Customer Feedback Survey
32615,Low,0.9883,Disengaged Customer,Price Sensitive Shopper,Minimal,Cart_Abandonment_Rate,Purchase_Frequency,Days_Since_Last_Purchase,Newsletter
11813,Medium,0.5415,Price Sensitive Shopper,Dormant Customer,Low,Cart_Abandonment_Rate,Purchase_Frequency,Customer_Service_Calls,Promotional Campaign
10552,Medium,0.9662,Dormant Customer,Disengaged Customer,Low,Purchase_Frequency,Days_Since_Last_Purchase,Cart_Abandonment_Rate,Automated Re-engagement Email
2961,IMP,0.9916,Frustrated Customer,Disengaged Customer,High,Customer_Service_Calls,LTV_Per_Purchase,Total_Purchases,Priority Support | Service Recovery Campaign
30597,Low,0.943,Disengaged Customer,Frustrated Customer,Minimal,Returns_Rate,Email_Open_Rate,Cart_Abandonment_Rate,Newsletter
7189,Medium,0.8909,Price Sensitive Shopper,Disengaged Customer,Low,Cart_Abandonment_Rate,Email_Open_Rate,Age,Promotional Campaign
4847,Medium,0.9747,Dormant Customer,Frustrated Customer,Low,Purchase_Frequency,Days_Since_Last_Purchase,Customer_Service_Calls,Automated Re-engagement Email
35927,IMP,0.9939,Frustrated Customer,Disengaged Customer,High,Customer_Service_Calls,Total_Purchases,Average_Order_Value,Priority Support | Service Recovery Campaign
28152,High,0.986,Frustrated Customer,Price Sensitive Shopper,Medium,Customer_Service_Calls,Average_Order_Value,Product_Reviews_Written,Service Recovery Campaign
25136,Medium,0.6763,Dormant Customer,Frustrated Customer,Low,Purchase_Frequency,Days_Since_Last_Purchase,Cart_Abandonment_Rate,Automated Re-engagement Email
49550,Medium,0.9837,Price Sensitive Shopper,Frustrated Customer,Low,Age,Discount_Usage_Rate,Returns_Rate,Promotional Campaign
15330,High,0.9869,Frustrated Customer,Dormant Customer,Medium,Customer_Service_Calls,Days_Since_Last_Purchase,Total_Purchases,Service Recovery Campaign
42605,Medium,0.6596,Price Sensitive Shopper,Frustrated Customer,Low,Cart_Abandonment_Rate,Customer_Service_Calls,Pages_Per_Session,Promotional Campaign
3745,Low,0.9933,Frustrated Customer,Price Sensitive Shopper,Minimal,Purchase_Frequency,Returns_Rate,Email_Open_Rate,Feedback Request
40382,IMP,0.9998,Frustrated Customer,Price Sensitive Shopper,High,Age,Customer_Service_Calls,Discount_Usage_Rate,Priority Support | Service Recovery Campaign
31757,Medium,0.7205,Disengaged Customer,Price Sensitive Shopper,Low,Email_Open_Rate,Cart_Abandonment_Rate,Mobile_App_Usage,Re-engagement Email
40292,Medium,0.5249,Frustrated Customer,Dormant Customer,Low,Purchase_Frequency,Days_Since_Last_Purchase,Customer_Service_Calls,Customer Feedback Survey
44169,Low,0.9744,Price Sensitive Shopper,Frustrated Customer,Minimal,Age,Discount_Usage_Rate,Customer_Service_Calls,Sale Notification
32856,High,0.9593,Frustrated Customer,Disengaged Customer,Medium,Customer_Service_Calls,Average_Order_Value,Total_Purchases,Service Recovery Campaign
43194,High,0.8793,Frustrated Customer,Price Sensitive Shopper,Medium,Customer_Service_Calls,Email_Open_Rate,Discount_Usage_Rate,Service Recovery Campaign
19647,Low,0.8454,Price Sensitive Shopper,Disengaged Customer,Minimal,Cart_Abandonment_Rate,Email_Open_Rate,Age,Sale Notification
44869,High,0.9617,Frustrated Customer,Dormant Customer,Medium,Customer_Service_Calls,Age,LTV_Per_Purchase,Service Recovery Campaign
21004,Low,0.9923,Frustrated Customer,Disengaged Customer,Minimal,Cart_Abandonment_Rate,Email_Open_Rate,Purchase_Frequency,Feedback Request
45904,High,0.9548,Frustrated Customer,Price Sensitive Shopper,Medium,Customer_Service_Calls,Discount_Usage_Rate,Total_Purchases,Service Recovery Campaign
12755,Low,0.9898,Frustrated Customer,Disengaged Customer,Minimal,Purchase_Frequency,Cart_Abandonment_Rate,Returns_Rate,Feedback Request
26034,Low,0.9573,Frustrated Customer,Price Sensitive Shopper,Minimal,Purchase_Frequency,Cart_Abandonment_Rate,Days_Since_Last_Purchase,Feedback Request
25205,High,0.9409,Frustrated Customer,Disengaged Customer,Medium,Customer_Service_Calls,Email_Open_Rate,Cart_Abandonment_Rate,Service Recovery Campaign
11943,Low,0.7698,Price Sensitive Shopper,Frustrated Customer,Minimal,Cart_Abandonment_Rate,Customer_Service_Calls,Login_Frequency,Sale Notification
14973,High,0.9939,Frustrated Customer,Dormant Customer,Medium,Customer_Service_Calls,Returns_Rate,LTV_Per_Purchase,Service Recovery Campaign
37470,Low,0.7,Price Sensitive Shopper,Frustrated Customer,Minimal,Cart_Abandonment_Rate,Returns_Rate,Engagement_Score,Sale Notification
3419,IMP,0.993,Frustrated Customer,Price Sensitive Shopper,High,Customer_Service_Calls,Discount_Usage_Rate,Total_Purchases,Priority Support | Service Recovery Campaign
32359,Medium,0.8111,Price Sensitive Shopper,Disengaged Customer,Low,Cart_Abandonment_Rate,Purchase_Frequency,Days_Since_Last_Purchase,Promotional Campaign
34753,IMP,0.9876,Frustrated Customer,Price Sensitive Shopper,High,Customer_Service_Calls,LTV_Per_Purchase,Average_Order_Value,Priority Support | Service Recovery Campaign
8120,Medium,0.8632,Disengaged Customer,Frustrated Customer,Low,Cart_Abandonment_Rate,Email_Open_Rate,Customer_Service_Calls,Re-engagement Email
26733,Medium,0.537,Disengaged Customer,Price Sensitive Shopper,Low,Email_Open_Rate,Cart_Abandonment_Rate,Product_Reviews_Written,Re-engagement Email
38809,High,0.9907,Frustrated Customer,Price Sensitive Shopper,Medium,Customer_Service_Calls,Total_Purchases,Average_Order_Value,Service Recovery Campaign
37694,Medium,0.9342,Disengaged Customer,Frustrated Customer,Low,Purchase_Frequency,Customer_Service_Calls,Email_Open_Rate,Re-engagement Email
5311,High,0.8826,Frustrated Customer,Dormant Customer,Medium,Customer_Service_Calls,Returns_Rate,Days_Since_Last_Purchase,Service Recovery Campaign
485,Low,0.7742,Disengaged Customer,Dormant Customer,Minimal,Purchase_Frequency,Email_Open_Rate,Age,Newsletter
36795,Low,0.8603,Price Sensitive Shopper,Disengaged Customer,Minimal,Cart_Abandonment_Rate,Purchase_Frequency,Customer_Service_Calls,Sale Notification
38483,Low,0.9883,Disengaged Customer,Frustrated Customer,Minimal,Cart_Abandonment_Rate,Email_Open_Rate,Returns_Rate,Newsletter
24675,IMP,0.9934,Frustrated Customer,Price Sensitive Shopper,High,Customer_Service_Calls,Average_Order_Value,LTV_Per_Purchase,Priority Support | Service Recovery Campaign
30098,Medium,0.5923,Frustrated Customer,Price Sensitive Shopper,Low,Returns_Rate,Cart_Abandonment_Rate,Purchase_Frequency,Customer Feedback Survey
17803,Medium,0.5049,Price Sensitive Shopper,Disengaged Customer,Low,Cart_Abandonment_Rate,Customer_Service_Calls,Session_Duration_Avg,Promotional Campaign
24424,Medium,0.5432,Disengaged Customer,Price Sensitive Shopper,Low,Email_Open_Rate,Cart_Abandonment_Rate,Wishlist_Items,Re-engagement Email
49838,Low,0.8946,Price Sensitive Shopper,Dormant Customer,Minimal,Cart_Abandonment_Rate,Email_Open_Rate,Customer_Service_Calls,Sale Notification
35891,IMP,0.9921,Frustrated Customer,Price Sensitive Shopper,High,Customer_Service_Calls,Age,Total_Purchases,Priority Support | Service Recovery Campaign
8450,Medium,0.9658,Price Sensitive Shopper,Frustrated Customer,Low,Age,Discount_Usage_Rate,Customer_Service_Calls,Promotional Campaign
29993,High,0.9826,Price Sensitive Shopper,Disengaged Customer,Medium,Age,Discount_Usage_Rate,Returns_Rate,Targeted Coupon
26858,High,0.9913,Frustrated Customer,Price Sensitive Shopper,Medium,Customer_Service_Calls,LTV_Per_Purchase,Average_Order_Value,Service Recovery Campaign
24428,High,0.9999,Price Sensitive Shopper,Frustrated Customer,Medium,Age,Customer_Service_Calls,Discount_Usage_Rate,Targeted Coupon
37989,Low,0.6363,Frustrated Customer,Price Sensitive Shopper,Minimal,Cart_Abandonment_Rate,Returns_Rate,Customer_Service_Calls,Feedback Request
34780,IMP,0.9912,Frustrated Customer,Dormant Customer,High,Customer_Service_Calls,LTV_Per_Purchase,Total_Purchases,Priority Support | Service Recovery Campaign
43685,Medium,0.9865,Price Sensitive Shopper,Frustrated Customer,Low,Age,Discount_Usage_Rate,Customer_Service_Calls,Promotional Campaign
44007,IMP,0.9864,Frustrated Customer,Disengaged Customer,High,Customer_Service_Calls,LTV_Per_Purchase,Flag_Missing,Priority Support | Service Recovery Campaign
34558,Medium,0.9983,Price Sensitive Shopper,Disengaged Customer,Low,Age,Discount_Usage_Rate,Cart_Abandonment_Rate,Promotional Campaign
48128,Low,0.9398,Price Sensitive Shopper,Frustrated Customer,Minimal,Cart_Abandonment_Rate,Customer_Service_Calls,Wishlist_Items,Sale Notification
41477,IMP,0.9878,Frustrated Customer,Price Sensitive Shopper,High,Customer_Service_Calls,Total_Purchases,LTV_Per_Purchase,Priority Support | Service Recovery Campaign
9120,Low,0.9863,Frustrated Customer,Price Sensitive Shopper,Minimal,Age,Discount_Usage_Rate,Email_Open_Rate,Feedback Request
11529,Low,0.8737,Disengaged Customer,Dormant Customer,Minimal,Purchase_Frequency,Cart_Abandonment_Rate,Customer_Service_Calls,Newsletter
49563,Low,0.5971,Frustrated Customer,Disengaged Customer,Minimal,Purchase_Frequency,Returns_Rate,Days_Since_Last_Purchase,Feedback Request
18906,High,0.9998,Price Sensitive Shopper,Frustrated Customer,Medium,Age,Discount_Usage_Rate,Customer_Service_Calls,Targeted Coupon
31708,Low,0.961,Price Sensitive Shopper,Frustrated Customer,Minimal,Age,Discount_Usage_Rate,Customer_Service_Calls,Sale Notification
47191,Medium,0.8604,Frustrated Customer,Dormant Customer,Low,Purchase_Frequency,Returns_Rate,Days_Since_Last_Purchase,Customer Feedback Survey
29031,Low,0.989,Price Sensitive Shopper,Disengaged Customer,Minimal,Cart_Abandonment_Rate,Customer_Service_Calls,Email_Open_Rate,Sale Notification
928,Low,0.8869,Price Sensitive Shopper,Disengaged Customer,Minimal,Cart_Abandonment_Rate,Pages_Per_Session,Wishlist_Items,Sale Notification
25157,High,0.9875,Frustrated Customer,Disengaged Customer,Medium,Customer_Service_Calls,LTV_Per_Purchase,Flag_Missing,Service Recovery Campaign
38050,Medium,0.9829,Price Sensitive Shopper,Frustrated Customer,Low,Age,Discount_Usage_Rate,Customer_Service_Calls,Promotional Campaign
11975,Low,0.9319,Price Sensitive Shopper,Frustrated Customer,Minimal,Cart_Abandonment_Rate,Email_Open_Rate,Age,Sale Notification
2558,High,0.9583,Frustrated Customer,Price Sensitive Shopper,Medium,Customer_Service_Calls,Average_Order_Value,LTV_Per_Purchase,Service Recovery Campaign
13244,Medium,0.8752,Dormant Customer,Disengaged Customer,Low,Days_Since_Last_Purchase,Purchase_Frequency,Email_Open_Rate,Automated Re-engagement Email
28926,Low,0.9893,Frustrated Customer,Disengaged Customer,Minimal,Returns_Rate,Email_Open_Rate,Purchase_Frequency,Feedback Request
142,Low,0.7294,Disengaged Customer,Price Sensitive Shopper,Minimal,Email_Open_Rate,Age,Cart_Abandonment_Rate,Newsletter
3055,IMP,0.9809,Frustrated Customer,Dormant Customer,High,Customer_Service_Calls,Returns_Rate,LTV_Per_Purchase,Priority Support | Service Recovery Campaign
40633,Medium,0.8376,Price Sensitive Shopper,Frustrated Customer,Low,Cart_Abandonment_Rate,Wishlist_Items,Returns_Rate,Promotional Campaign
49172,Medium,0.9774,Price Sensitive Shopper,Frustrated Customer,Low,Age,Discount_Usage_Rate,Customer_Service_Calls,Promotional Campaign
46915,Medium,0.6861,Price Sensitive Shopper,Frustrated Customer,Low,Cart_Abandonment_Rate,Email_Open_Rate,Customer_Service_Calls,Promotional Campaign
42257,Low,0.9605,Price Sensitive Shopper,Frustrated Customer,Minimal,Cart_Abandonment_Rate,Customer_Service_Calls,Wishlist_Items,Sale Notification
30358,High,0.9948,Frustrated Customer,Disengaged Customer,Medium,Customer_Service_Calls,Total_Purchases,Session_Duration_Avg,Service Recovery Campaign
39575,Medium,0.7149,Price Sensitive Shopper,Disengaged Customer,Low,Cart_Abandonment_Rate,Purchase_Frequency,Customer_Service_Calls,Promotional Campaign
13235,High,0.9906,Frustrated Customer,Disengaged Customer,Medium,Customer_Service_Calls,Total_Purchases,LTV_Per_Purchase,Service Recovery Campaign
43634,IMP,0.9902,Frustrated Customer,Price Sensitive Shopper,High,Customer_Service_Calls,Discount_Usage_Rate,Total_Purchases,Priority Support | Service Recovery Campaign
34034,Low,0.9617,Disengaged Customer,Frustrated Customer,Minimal,Purchase_Frequency,Email_Open_Rate,Customer_Service_Calls,Newsletter
27646,Medium,0.9879,Price Sensitive Shopper,Disengaged Customer,Low,Age,Discount_Usage_Rate,Total_Purchases,Promotional Campaign
45141,Medium,0.9701,Disengaged Customer,Frustrated Customer,Low,Customer_Service_Calls,Cart_Abandonment_Rate,Email_Open_Rate,Re-engagement Email
593,IMP,0.9884,Frustrated Customer,Price Sensitive Shopper,High,Customer_Service_Calls,Discount_Usage_Rate,Total_Purchases,Priority Support | Service Recovery Campaign
6193,Low,0.9085,Price Sensitive Shopper,Disengaged Customer,Minimal,Cart_Abandonment_Rate,Purchase_Frequency,Email_Open_Rate,Sale Notification
49013,High,0.9903,Frustrated Customer,Dormant Customer,Medium,Customer_Service_Calls,Membership_Years,Total_Purchases,Service Recovery Campaign
45178,Low,0.6388,Price Sensitive Shopper,Disengaged Customer,Minimal,Cart_Abandonment_Rate,Returns_Rate,Mobile_App_Usage,Sale Notification
3271,Low,0.7005,Disengaged Customer,Price Sensitive Shopper,Minimal,Cart_Abandonment_Rate,Email_Open_Rate,Customer_Service_Calls,Newsletter
5893,Medium,0.9889,Price Sensitive Shopper,Disengaged Customer,Low,Age,Discount_Usage_Rate,Total_Purchases,Promotional Campaign
21847,IMP,0.9906,Frustrated Customer,Price Sensitive Shopper,High,Customer_Service_Calls,Discount_Usage_Rate,LTV_Per_Purchase,Priority Support | Service Recovery Campaign
19494,Low,0.6042,Price Sensitive Shopper,Dormant Customer,Minimal,Purchase_Frequency,Days_Since_Last_Purchase,Cart_Abandonment_Rate,Sale Notification
33920,Low,0.9698,Price Sensitive Shopper,Frustrated Customer,Minimal,Cart_Abandonment_Rate,Purchase_Frequency,Returns_Rate,Sale Notification
45011,IMP,0.9999,Price Sensitive Shopper,Frustrated Customer,High,Age,Discount_Usage_Rate,Customer_Service_Calls,Loyalty Rewards | Targeted Coupon
41657,High,0.9816,Frustrated Customer,Disengaged Customer,Medium,Customer_Service_Calls,Total_Purchases,Returns_Rate,Service Recovery Campaign
36723,High,0.9826,Frustrated Customer,Disengaged Customer,Medium,Customer_Service_Calls,Age,Returns_Rate,Service Recovery Campaign
2164,High,0.9767,Frustrated Customer,Dormant Customer,Medium,Customer_Service_Calls,Returns_Rate,Total_Purchases,Service Recovery Campaign
13158,Medium,0.9804,Price Sensitive Shopper,Frustrated Customer,Low,Age,Discount_Usage_Rate,Customer_Service_Calls,Promotional Campaign
26830,Medium,0.8981,Price Sensitive Shopper,Frustrated Customer,Low,Age,Discount_Usage_Rate,Customer_Service_Calls,Promotional Campaign
4007,High,0.9911,Frustrated Customer,Disengaged Customer,Medium,Customer_Service_Calls,Total_Purchases,Returns_Rate,Service Recovery Campaign
2022,IMP,0.9891,Frustrated Customer,Price Sensitive Shopper,High,Customer_Service_Calls,Discount_Usage_Rate,Total_Purchases,Priority Support | Service Recovery Campaign
21632,Low,0.9819,Frustrated Customer,Disengaged Customer,Minimal,Cart_Abandonment_Rate,Returns_Rate,Customer_Service_Calls,Feedback Request
24261,High,0.9917,Frustrated Customer,Price Sensitive Shopper,Medium,Customer_Service_Calls,Discount_Usage_Rate,Total_Purchases,Service Recovery Campaign
9130,Medium,0.6317,Price Sensitive Shopper,Frustrated Customer,Low,Cart_Abandonment_Rate,Returns_Rate,Customer_Service_Calls,Promotional Campaign
14276,IMP,0.9839,Frustrated Customer,Dormant Customer,High,Customer_Service_Calls,LTV_Per_Purchase,Total_Purchases,Priority Support | Service Recovery Campaign
47126,Low,0.9492,Price Sensitive Shopper,Disengaged Customer,Minimal,Cart_Abandonment_Rate,Email_Open_Rate,Customer_Service_Calls,Sale Notification
16019,High,0.9883,Frustrated Customer,Disengaged Customer,Medium,Customer_Service_Calls,Total_Purchases,Pages_Per_Session,Service Recovery Campaign
16783,Medium,0.5818,Price Sensitive Shopper,Frustrated Customer,Low,Cart_Abandonment_Rate,Customer_Service_Calls,Product_Reviews_Written,Promotional Campaign
28893,IMP,0.9855,Frustrated Customer,Price Sensitive Shopper,High,Customer_Service_Calls,Discount_Usage_Rate,Total_Purchases,Priority Support | Service Recovery Campaign
11328,Low,0.8288,Price Sensitive Shopper,Disengaged Customer,Minimal,Cart_Abandonment_Rate,Email_Open_Rate,Discount_Usage_Rate,Sale Notification
9163,Low,0.9804,Dormant Customer,Disengaged Customer,Minimal,Purchase_Frequency,Days_Since_Last_Purchase,Email_Open_Rate,Newsletter Reminder
38142,Low,0.9832,Frustrated Customer,Disengaged Customer,Minimal,Purchase_Frequency,Cart_Abandonment_Rate,Returns_Rate,Feedback Request
26168,IMP,0.9904,Frustrated Customer,Dormant Customer,High,Customer_Service_Calls,Total_Purchases,LTV_Per_Purchase,Priority Support | Service Recovery Campaign
16077,Medium,0.9132,Disengaged Customer,Dormant Customer,Low,Cart_Abandonment_Rate,Purchase_Frequency,Email_Open_Rate,Re-engagement Email
14236,Low,0.9715,Disengaged Customer,Price Sensitive Shopper,Minimal,Cart_Abandonment_Rate,Email_Open_Rate,Customer_Service_Calls,Newsletter
7061,Medium,0.9279,Dormant Customer,Disengaged Customer,Low,Days_Since_Last_Purchase,Purchase_Frequency,Email_Open_Rate,Automated Re-engagement Email
15121,Medium,0.7011,Dormant Customer,Frustrated Customer,Low,Days_Since_Last_Purchase,Purchase_Frequency,Customer_Service_Calls,Automated Re-engagement Email
8977,Low,0.9335,Price Sensitive Shopper,Disengaged Customer,Minimal,Purchase_Frequency,Email_Open_Rate,Cart_Abandonment_Rate,Sale Notification
5481,Low,0.9548,Price Sensitive Shopper,Disengaged Customer,Minimal,Cart_Abandonment_Rate,Session_Duration_Avg,Customer_Service_Calls,Sale Notification
12740,IMP,0.989,Price Sensitive Shopper,Disengaged Customer,High,Age,Discount_Usage_Rate,Total_Purchases,Loyalty Rewards | Targeted Coupon
44710,Medium,0.7564,Price Sensitive Shopper,Disengaged Customer,Low,Purchase_Frequency,Cart_Abandonment_Rate,Email_Open_Rate,Promotional Campaign
31480,High,0.9789,Frustrated Customer,Dormant Customer,Medium,Customer_Service_Calls,Total_Purchases,Credit_Balance,Service Recovery Campaign
4614,Low,0.78,Frustrated Customer,Dormant Customer,Minimal,Purchase_Frequency,Customer_Service_Calls,Days_Since_Last_Purchase,Feedback Request
25514,Medium,0.7328,Price Sensitive Shopper,Disengaged Customer,Low,Cart_Abandonment_Rate,Customer_Service_Calls,Mobile_App_Usage,Promotional Campaign
33645,Medium,0.8288,Disengaged Customer,Price Sensitive Shopper,Low,Email_Open_Rate,Cart_Abandonment_Rate,Customer_Service_Calls,Re-engagement Email
8866,Low,0.8169,Disengaged Customer,Frustrated Customer,Minimal,Email_Open_Rate,Cart_Abandonment_Rate,Customer_Service_Calls,Newsletter
37839,Low,0.6963,Price Sensitive Shopper,Disengaged Customer,Minimal,Cart_Abandonment_Rate,Email_Open_Rate,Wishlist_Items,Sale Notification
13838,Low,0.9218,Frustrated Customer,Disengaged Customer,Minimal,Cart_Abandonment_Rate,Returns_Rate,Email_Open_Rate,Feedback Request
34547,Medium,0.9728,Price Sensitive Shopper,Frustrated Customer,Low,Age,Discount_Usage_Rate,Customer_Service_Calls,Promotional Campaign
36075,Medium,0.9134,Price Sensitive Shopper,Frustrated Customer,Low,Cart_Abandonment_Rate,Email_Open_Rate,Customer_Service_Calls,Promotional Campaign
47963,IMP,0.9924,Frustrated Customer,Price Sensitive Shopper,High,Customer_Service_Calls,LTV_Per_Purchase,Total_Purchases,Priority Support | Service Recovery Campaign
40162,Medium,0.9858,Price Sensitive Shopper,Frustrated Customer,Low,Age,Discount_Usage_Rate,Returns_Rate,Promotional Campaign
6987,Low,0.665,Dormant Customer,Frustrated Customer,Minimal,Customer_Service_Calls,Cart_Abandonment_Rate,Purchase_Frequency,Newsletter Reminder
13119,Low,0.8297,Dormant Customer,Disengaged Customer,Minimal,Email_Open_Rate,Customer_Service_Calls,Purchase_Frequency,Newsletter Reminder
12349,High,0.9616,Frustrated Customer,Price Sensitive Shopper,Medium,Customer_Service_Calls,Returns_Rate,Email_Open_Rate,Service Recovery Campaign
43608,High,0.9768,Frustrated Customer,Price Sensitive Shopper,Medium,Customer_Service_Calls,Discount_Usage_Rate,Returns_Rate,Service Recovery Campaign
2867,Low,0.9793,Frustrated Customer,Disengaged Customer,Minimal,Cart_Abandonment_Rate,Purchase_Frequency,Customer_Service_Calls,Feedback Request
49135,Low,0.9796,Disengaged Customer,Price Sensitive Shopper,Minimal,Purchase_Frequency,Email_Open_Rate,Cart_Abandonment_Rate,Newsletter
18723,IMP,0.9792,Price Sensitive Shopper,Disengaged Customer,High,Age,Discount_Usage_Rate,Total_Purchases,Loyalty Rewards | Targeted Coupon
41506,Medium,0.9685,Frustrated Customer,Disengaged Customer,Low,Cart_Abandonment_Rate,Email_Open_Rate,Returns_Rate,Customer Feedback Survey
5933,Medium,0.9561,Price Sensitive Shopper,Frustrated Customer,Low,Age,Discount_Usage_Rate,Customer_Service_Calls,Promotional Campaign
234,Low,0.87,Dormant Customer,Disengaged Customer,Minimal,Days_Since_Last_Purchase,Purchase_Frequency,Email_Open_Rate,Newsletter Reminder
18225,High,0.9998,Frustrated Customer,Price Sensitive Shopper,Medium,Age,Customer_Service_Calls,Discount_Usage_Rate,Service Recovery Campaign
38784,High,0.9858,Frustrated Customer,Dormant Customer,Medium,Customer_Service_Calls,Days_Since_Last_Purchase,Total_Purchases,Service Recovery Campaign
3593,Medium,0.549,Frustrated Customer,Disengaged Customer,Low,Returns_Rate,Customer_Service_Calls,Age,Customer Feedback Survey
27805,Low,0.8647,Price Sensitive Shopper,Disengaged Customer,Minimal,Age,Discount_Usage_Rate,Total_Purchases,Sale Notification
47202,Medium,0.9804,Price Sensitive Shopper,Frustrated Customer,Low,Age,Discount_Usage_Rate,Customer_Service_Calls,Promotional Campaign
33567,Medium,0.994,Price Sensitive Shopper,Disengaged Customer,Low,Age,Discount_Usage_Rate,Total_Purchases,Promotional Campaign
19228,Low,0.9805,Disengaged Customer,Price Sensitive Shopper,Minimal,Cart_Abandonment_Rate,Email_Open_Rate,Purchase_Frequency,Newsletter
49568,High,0.9895,Frustrated Customer,Price Sensitive Shopper,Medium,Customer_Service_Calls,Age,Returns_Rate,Service Recovery Campaign
18536,IMP,0.9886,Frustrated Customer,Price Sensitive Shopper,High,Customer_Service_Calls,Age,Total_Purchases,Priority Support | Service Recovery Campaign
30430,Low,0.6347,Disengaged Customer,Frustrated Customer,Minimal,Email_Open_Rate,Cart_Abandonment_Rate,Customer_Service_Calls,Newsletter
32857,Low,0.7369,Disengaged Customer,Frustrated Customer,Minimal,Cart_Abandonment_Rate,Customer_Service_Calls,Email_Open_Rate,Newsletter
12090,Medium,0.9365,Price Sensitive Shopper,Dormant Customer,Low,Purchase_Frequency,Cart_Abandonment_Rate,Days_Since_Last_Purchase,Promotional Campaign
4848,High,0.9975,Frustrated Customer,Disengaged Customer,Medium,Customer_Service_Calls,Returns_Rate,Cart_Abandonment_Rate,Service Recovery Campaign
2155,Low,0.8335,Price Sensitive Shopper,Disengaged Customer,Minimal,Cart_Abandonment_Rate,Wishlist_Items,Customer_Service_Calls,Sale Notification
20111,Medium,0.9597,Dormant Customer,Frustrated Customer,Low,Purchase_Frequency,Cart_Abandonment_Rate,Customer_Service_Calls,Automated Re-engagement Email
34882,Low,0.7973,Dormant Customer,Price Sensitive Shopper,Minimal,Purchase_Frequency,Days_Since_Last_Purchase,Cart_Abandonment_Rate,Newsletter Reminder
10298,Medium,0.6437,Frustrated Customer,Disengaged Customer,Low,Customer_Service_Calls,Session_Duration_Avg,Returns_Rate,Customer Feedback Survey
5620,Medium,0.9954,Dormant Customer,Disengaged Customer,Low,Days_Since_Last_Purchase,Purchase_Frequency,Cart_Abandonment_Rate,Automated Re-engagement Email
11127,Low,0.9818,Dormant Customer,Price Sensitive Shopper,Minimal,Purchase_Frequency,Days_Since_Last_Purchase,Cart_Abandonment_Rate,Newsletter Reminder
17262,Low,0.9936,Frustrated Customer,Price Sensitive Shopper,Minimal,Cart_Abandonment_Rate,Returns_Rate,Purchase_Frequency,Feedback Request
26575,High,0.9892,Frustrated Customer,Price Sensitive Shopper,Medium,Customer_Service_Calls,Total_Purchases,Average_Order_Value,Service Recovery Campaign
10224,Low,0.9901,Price Sensitive Shopper,Dormant Customer,Minimal,Purchase_Frequency,Cart_Abandonment_Rate,Days_Since_Last_Purchase,Sale Notification
42252,IMP,0.994,Frustrated Customer,Disengaged Customer,High,Customer_Service_Calls,Total_Purchases,Returns_Rate,Priority Support | Service Recovery Campaign
26663,High,0.9934,Frustrated Customer,Dormant Customer,Medium,Customer_Service_Calls,Discount_Usage_Rate,Total_Purchases,Service Recovery Campaign
19665,Medium,0.6446,Dormant Customer,Price Sensitive Shopper,Low,Days_Since_Last_Purchase,Purchase_Frequency,Returns_Rate,Automated Re-engagement Email
39999,Low,0.7575,Price Sensitive Shopper,Frustrated Customer,Minimal,Cart_Abandonment_Rate,Purchase_Frequency,Customer_Service_Calls,Sale Notification
24374,Medium,0.989,Price Sensitive Shopper,Disengaged Customer,Low,Age,Discount_Usage_Rate,Total_Purchases,Promotional Campaign
36093,IMP,0.9869,Frustrated Customer,Price Sensitive Shopper,High,Customer_Service_Calls,Discount_Usage_Rate,Average_Order_Value,Priority Support | Service Recovery Campaign
18117,IMP,0.9964,Frustrated Customer,Price Sensitive Shopper,High,Customer_Service_Calls,Returns_Rate,Cart_Abandonment_Rate,Priority Support | Service Recovery Campaign
15055,Low,0.938,Price Sensitive Shopper,Disengaged Customer,Minimal,Cart_Abandonment_Rate,Age,Email_Open_Rate,Sale Notification
45467,Medium,0.9169,Disengaged Customer,Dormant Customer,Low,Purchase_Frequency,Email_Open_Rate,Customer_Service_Calls,Re-engagement Email
7743,Medium,0.7021,Price Sensitive Shopper,Frustrated Customer,Low,Cart_Abandonment_Rate,Customer_Service_Calls,Returns_Rate,Promotional Campaign
2875,VIP,0.7492,Frustrated Customer,Dormant Customer,Critical,Customer_Service_Calls,Returns_Rate,Age,Dedicated Customer Success Outreach | Priority Support | Returns Experience Review
46005,High,0.9994,Frustrated Customer,Price Sensitive Shopper,Medium,Age,Customer_Service_Calls,Discount_Usage_Rate,Service Recovery Campaign
42381,Medium,0.6041,Disengaged Customer,Frustrated Customer,Low,Returns_Rate,Purchase_Frequency,Email_Open_Rate,Re-engagement Email
29131,Low,0.9943,Price Sensitive Shopper,Dormant Customer,Minimal,Age,Purchase_Frequency,Discount_Usage_Rate,Sale Notification
34381,Low,0.9759,Price Sensitive Shopper,Frustrated Customer,Minimal,Cart_Abandonment_Rate,Customer_Service_Calls,Mobile_App_Usage,Sale Notification
29486,IMP,0.9871,Frustrated Customer,Price Sensitive Shopper,High,Customer_Service_Calls,Total_Purchases,LTV_Per_Purchase,Priority Support | Service Recovery Campaign
23962,Low,0.9175,Disengaged Customer,Price Sensitive Shopper,Minimal,Cart_Abandonment_Rate,Email_Open_Rate,Mobile_App_Usage,Newsletter
5041,Medium,0.979,Price Sensitive Shopper,Disengaged Customer,Low,Age,Discount_Usage_Rate,Pages_Per_Session,Promotional Campaign
37367,Low,0.7116,Price Sensitive Shopper,Disengaged Customer,Minimal,Cart_Abandonment_Rate,Session_Duration_Avg,Purchase_Frequency,Sale Notification
27026,Low,0.944,Price Sensitive Shopper,Disengaged Customer,Minimal,Cart_Abandonment_Rate,Email_Open_Rate,Session_Duration_Avg,Sale Notification
47900,High,0.9929,Frustrated Customer,Disengaged Customer,Medium,Customer_Service_Calls,Total_Purchases,Pages_Per_Session,Service Recovery Campaign
21080,Low,0.9152,Price Sensitive Shopper,Frustrated Customer,Minimal,Cart_Abandonment_Rate,Email_Open_Rate,Customer_Service_Calls,Sale Notification
44988,Low,0.9871,Price Sensitive Shopper,Dormant Customer,Minimal,Purchase_Frequency,Cart_Abandonment_Rate,Days_Since_Last_Purchase,Sale Notification
45583,Medium,0.9808,Price Sensitive Shopper,Disengaged Customer,Low,Cart_Abandonment_Rate,Email_Open_Rate,Customer_Service_Calls,Promotional Campaign
43647,Medium,0.5644,Frustrated Customer,Disengaged Customer,Low,Email_Open_Rate,Cart_Abandonment_Rate,Customer_Service_Calls,Customer Feedback Survey
18564,Low,0.8241,Frustrated Customer,Price Sensitive Shopper,Minimal,Returns_Rate,Purchase_Frequency,Cart_Abandonment_Rate,Feedback Request
33442,IMP,0.9925,Frustrated Customer,Price Sensitive Shopper,High,Customer_Service_Calls,Total_Purchases,Membership_Years,Priority Support | Service Recovery Campaign
20798,High,0.9859,Frustrated Customer,Dormant Customer,Medium,Customer_Service_Calls,Days_Since_Last_Purchase,Returns_Rate,Service Recovery Campaign
45905,Low,0.9946,Price Sensitive Shopper,Frustrated Customer,Minimal,Age,Discount_Usage_Rate,Returns_Rate,Sale Notification
37863,High,0.9996,Frustrated Customer,Dormant Customer,Medium,Customer_Service_Calls,Days_Since_Last_Purchase,Purchase_Frequency,Service Recovery Campaign
49119,Medium,0.9744,Price Sensitive Shopper,Disengaged Customer,Low,Age,Discount_Usage_Rate,Days_Since_Last_Purchase,Promotional Campaign
27140,Medium,0.9799,Dormant Customer,Price Sensitive Shopper,Low,Age,Discount_Usage_Rate,Days_Since_Last_Purchase,Automated Re-engagement Email
40473,High,0.9881,Frustrated Customer,Disengaged Customer,Medium,Customer_Service_Calls,Age,Total_Purchases,Service Recovery Campaign
45610,Medium,0.795,Frustrated Customer,Price Sensitive Shopper,Low,Purchase_Frequency,Cart_Abandonment_Rate,Days_Since_Last_Purchase,Customer Feedback Survey
10148,Medium,0.99,Price Sensitive Shopper,Disengaged Customer,Low,Age,Discount_Usage_Rate,Login_Frequency,Promotional Campaign
27803,VIP,0.9645,Price Sensitive Shopper,Dormant Customer,Critical,Age,Discount_Usage_Rate,Total_Purchases,VIP Loyalty Rewards | Exclusive Discount Access
17357,High,0.9982,Frustrated Customer,Price Sensitive Shopper,Medium,Customer_Service_Calls,Cart_Abandonment_Rate,Returns_Rate,Service Recovery Campaign
10014,Low,0.7945,Frustrated Customer,Dormant Customer,Minimal,Purchase_Frequency,Customer_Service_Calls,Days_Since_Last_Purchase,Feedback Request
961,High,0.9774,Frustrated Customer,Disengaged Customer,Medium,Customer_Service_Calls,Email_Open_Rate,Average_Order_Value,Service Recovery Campaign
38391,High,0.9769,Frustrated Customer,Price Sensitive Shopper,Medium,Customer_Service_Calls,Age,LTV_Per_Purchase,Service Recovery Campaign
31794,High,0.9893,Dormant Customer,Price Sensitive Shopper,Medium,Age,Discount_Usage_Rate,Days_Since_Last_Purchase,Win-back Campaign | Personalized Product Recommendations
18936,High,0.9571,Frustrated Customer,Dormant Customer,Medium,Customer_Service_Calls,Days_Since_Last_Purchase,Product_Reviews_Written,Service Recovery Campaign
39954,Medium,0.8353,Price Sensitive Shopper,Frustrated Customer,Low,Age,Discount_Usage_Rate,Customer_Service_Calls,Promotional Campaign
11317,High,0.4292,Frustrated Customer,Dormant Customer,Medium,Customer_Service_Calls,Returns_Rate,Total_Purchases,Service Recovery Campaign
40337,Low,0.9521,Price Sensitive Shopper,Disengaged Customer,Minimal,Cart_Abandonment_Rate,Purchase_Frequency,Customer_Service_Calls,Sale Notification
22238,Medium,0.5318,Disengaged Customer,Price Sensitive Shopper,Low,Cart_Abandonment_Rate,Customer_Service_Calls,Email_Open_Rate,Re-engagement Email
19639,High,0.9872,Frustrated Customer,Price Sensitive Shopper,Medium,Customer_Service_Calls,Discount_Usage_Rate,Average_Order_Value,Service Recovery Campaign
23509,Low,0.8681,Disengaged Customer,Price Sensitive Shopper,Minimal,Cart_Abandonment_Rate,Email_Open_Rate,Purchase_Frequency,Newsletter
2568,Low,0.935,Frustrated Customer,Disengaged Customer,Minimal,Returns_Rate,Cart_Abandonment_Rate,Customer_Service_Calls,Feedback Request
22164,Medium,0.5542,Frustrated Customer,Disengaged Customer,Low,Purchase_Frequency,Customer_Service_Calls,Discount_Usage_Rate,Customer Feedback Survey
34622,Low,0.8838,Disengaged Customer,Price Sensitive Shopper,Minimal,Cart_Abandonment_Rate,Email_Open_Rate,Customer_Service_Calls,Newsletter
5302,High,0.988,Frustrated Customer,Price Sensitive Shopper,Medium,Customer_Service_Calls,Total_Purchases,LTV_Per_Purchase,Service Recovery Campaign
23031,Low,0.717,Frustrated Customer,Disengaged Customer,Minimal,Customer_Service_Calls,Returns_Rate,Email_Open_Rate,Feedback Request
34204,Medium,0.9797,Price Sensitive Shopper,Frustrated Customer,Low,Cart_Abandonment_Rate,Returns_Rate,Purchase_Frequency,Promotional Campaign
18470,Low,0.7941,Frustrated Customer,Price Sensitive Shopper,Minimal,Returns_Rate,Cart_Abandonment_Rate,Email_Open_Rate,Feedback Request
28994,Medium,0.9894,Price Sensitive Shopper,Disengaged Customer,Low,Age,Discount_Usage_Rate,Login_Frequency,Promotional Campaign
7025,High,0.9807,Frustrated Customer,Price Sensitive Shopper,Medium,Customer_Service_Calls,Discount_Usage_Rate,Total_Purchases,Service Recovery Campaign
24241,Low,0.9659,Disengaged Customer,Price Sensitive Shopper,Minimal,Cart_Abandonment_Rate,Purchase_Frequency,Email_Open_Rate,Newsletter
34790,Medium,0.7299,Disengaged Customer,Price Sensitive Shopper,Low,Cart_Abandonment_Rate,Session_Duration_Avg,Email_Open_Rate,Re-engagement Email
16479,Low,0.9547,Disengaged Customer,Frustrated Customer,Minimal,Purchase_Frequency,Returns_Rate,Email_Open_Rate,Newsletter
43411,High,0.9821,Frustrated Customer,Price Sensitive Shopper,Medium,Customer_Service_Calls,Discount_Usage_Rate,LTV_Per_Purchase,Service Recovery Campaign
41655,High,0.9875,Frustrated Customer,Price Sensitive Shopper,Medium,Customer_Service_Calls,Discount_Usage_Rate,Total_Purchases,Service Recovery Campaign
24367,High,0.9883,Frustrated Customer,Price Sensitive Shopper,Medium,Customer_Service_Calls,Total_Purchases,Average_Order_Value,Service Recovery Campaign
39930,Medium,0.9979,Price Sensitive Shopper,Frustrated Customer,Low,Age,Discount_Usage_Rate,Returns_Rate,Promotional Campaign
30070,Medium,0.9543,Disengaged Customer,Price Sensitive Shopper,Low,Cart_Abandonment_Rate,Email_Open_Rate,Age,Re-engagement Email
5,High,0.9896,Frustrated Customer,Price Sensitive Shopper,Medium,Customer_Service_Calls,Cart_Abandonment_Rate,Returns_Rate,Service Recovery Campaign
40873,Low,0.7949,Disengaged Customer,Frustrated Customer,Minimal,Purchase_Frequency,Session_Duration_Avg,Returns_Rate,Newsletter
49426,Low,0.9333,Disengaged Customer,Price Sensitive Shopper,Minimal,Cart_Abandonment_Rate,Purchase_Frequency,Pages_Per_Session,Newsletter
20481,Low,0.809,Price Sensitive Shopper,Disengaged Customer,Minimal,Cart_Abandonment_Rate,Wishlist_Items,Product_Reviews_Written,Sale Notification
44660,High,0.9873,Price Sensitive Shopper,Dormant Customer,Medium,Age,Discount_Usage_Rate,Total_Purchases,Targeted Coupon
8348,Medium,0.7823,Price Sensitive Shopper,Frustrated Customer,Low,Cart_Abandonment_Rate,Purchase_Frequency,Customer_Service_Calls,Promotional Campaign
6093,Low,0.7457,Price Sensitive Shopper,Frustrated Customer,Minimal,Cart_Abandonment_Rate,Email_Open_Rate,Customer_Service_Calls,Sale Notification
46809,Medium,0.9898,Price Sensitive Shopper,Frustrated Customer,Low,Age,Discount_Usage_Rate,Customer_Service_Calls,Promotional Campaign
33290,Medium,0.561,Price Sensitive Shopper,Dormant Customer,Low,Age,Discount_Usage_Rate,Total_Purchases,Promotional Campaign
7727,Medium,0.9801,Price Sensitive Shopper,Disengaged Customer,Low,Age,Discount_Usage_Rate,Engagement_Score,Promotional Campaign
36341,Low,0.9284,Price Sensitive Shopper,Disengaged Customer,Minimal,Cart_Abandonment_Rate,Purchase_Frequency,Login_Frequency,Sale Notification
6126,Low,0.7452,Price Sensitive Shopper,Disengaged Customer,Minimal,Cart_Abandonment_Rate,Wishlist_Items,Customer_Service_Calls,Sale Notification
42007,High,0.9893,Frustrated Customer,Price Sensitive Shopper,Medium,Customer_Service_Calls,Discount_Usage_Rate,Total_Purchases,Service Recovery Campaign
35372,Low,0.6887,Disengaged Customer,Price Sensitive Shopper,Minimal,Cart_Abandonment_Rate,Customer_Service_Calls,Login_Frequency,Newsletter
22427,Medium,0.9578,Price Sensitive Shopper,Frustrated Customer,Low,Cart_Abandonment_Rate,Customer_Service_Calls,Returns_Rate,Promotional Campaign
15117,IMP,0.9939,Frustrated Customer,Dormant Customer,High,Customer_Service_Calls,LTV_Per_Purchase,Total_Purchases,Priority Support | Service Recovery Campaign
11225,Medium,0.9543,Price Sensitive Shopper,Dormant Customer,Low,Age,Discount_Usage_Rate,Days_Since_Last_Purchase,Promotional Campaign
32105,Low,0.9806,Price Sensitive Shopper,Frustrated Customer,Minimal,Cart_Abandonment_Rate,Purchase_Frequency,Customer_Service_Calls,Sale Notification
27408,High,0.9897,Frustrated Customer,Price Sensitive Shopper,Medium,Customer_Service_Calls,Total_Purchases,Pages_Per_Session,Service Recovery Campaign
12510,Low,0.8743,Price Sensitive Shopper,Disengaged Customer,Minimal,Purchase_Frequency,Customer_Service_Calls,Pages_Per_Session,Sale Notification
19552,High,0.9877,Frustrated Customer,Price Sensitive Shopper,Medium,Customer_Service_Calls,Average_Order_Value,LTV_Per_Purchase,Service Recovery Campaign
47975,Low,0.7303,Disengaged Customer,Frustrated Customer,Minimal,Email_Open_Rate,Age,Customer_Service_Calls,Newsletter
36146,Low,0.9801,Disengaged Customer,Price Sensitive Shopper,Minimal,Cart_Abandonment_Rate,Email_Open_Rate,Purchase_Frequency,Newsletter
2781,Medium,0.8337,Disengaged Customer,Price Sensitive Shopper,Low,Email_Open_Rate,Customer_Service_Calls,Cart_Abandonment_Rate,Re-engagement Email
27966,Medium,0.9721,Price Sensitive Shopper,Frustrated Customer,Low,Age,Discount_Usage_Rate,Customer_Service_Calls,Promotional Campaign
22040,Low,0.9489,Dormant Customer,Price Sensitive Shopper,Minimal,Cart_Abandonment_Rate,Purchase_Frequency,Days_Since_Last_Purchase,Newsletter Reminder
3565,Medium,0.7294,Price Sensitive Shopper,Disengaged Customer,Low,Cart_Abandonment_Rate,Customer_Service_Calls,Purchase_Frequency,Promotional Campaign
39178,Medium,0.99,Price Sensitive Shopper,Frustrated Customer,Low,Age,Discount_Usage_Rate,Customer_Service_Calls,Promotional Campaign
35557,IMP,0.9884,Frustrated Customer,Dormant Customer,High,Customer_Service_Calls,Days_Since_Last_Purchase,Returns_Rate,Priority Support | Service Recovery Campaign
46760,Medium,0.9316,Disengaged Customer,Frustrated Customer,Low,Cart_Abandonment_Rate,Returns_Rate,Mobile_App_Usage,Re-engagement Email
19943,Medium,0.7672,Disengaged Customer,Frustrated Customer,Low,Returns_Rate,Purchase_Frequency,Email_Open_Rate,Re-engagement Email
33249,Low,0.9155,Dormant Customer,Price Sensitive Shopper,Minimal,Purchase_Frequency,Days_Since_Last_Purchase,Customer_Service_Calls,Newsletter Reminder
15784,High,0.9818,Frustrated Customer,Dormant Customer,Medium,Customer_Service_Calls,Total_Purchases,LTV_Per_Purchase,Service Recovery Campaign
37425,Low,0.9332,Frustrated Customer,Disengaged Customer,Minimal,Purchase_Frequency,Returns_Rate,Customer_Service_Calls,Feedback Request
41490,Low,0.9577,Frustrated Customer,Disengaged Customer,Minimal,Cart_Abandonment_Rate,Email_Open_Rate,Returns_Rate,Feedback Request
15938,High,0.9855,Frustrated Customer,Price Sensitive Shopper,Medium,Customer_Service_Calls,LTV_Per_Purchase,Average_Order_Value,Service Recovery Campaign
11182,Low,0.8104,Disengaged Customer,Frustrated Customer,Minimal,Purchase_Frequency,Email_Open_Rate,Customer_Service_Calls,Newsletter
6452,High,0.935,Price Sensitive Shopper,Dormant Customer,Medium,Age,Discount_Usage_Rate,Total_Purchases,Targeted Coupon
35852,Low,0.9323,Disengaged Customer,Price Sensitive Shopper,Minimal,Cart_Abandonment_Rate,Email_Open_Rate,Customer_Service_Calls,Newsletter
48067,High,0.9907,Frustrated Customer,Disengaged Customer,Medium,Customer_Service_Calls,LTV_Per_Purchase,Average_Order_Value,Service Recovery Campaign
30128,Medium,0.793,Price Sensitive Shopper,Disengaged Customer,Low,Cart_Abandonment_Rate,Purchase_Frequency,Session_Duration_Avg,Promotional Campaign
4326,Low,0.8277,Price Sensitive Shopper,Frustrated Customer,Minimal,Cart_Abandonment_Rate,Email_Open_Rate,Returns_Rate,Sale Notification
7918,Low,0.9343,Frustrated Customer,Price Sensitive Shopper,Minimal,Cart_Abandonment_Rate,Returns_Rate,Customer_Service_Calls,Feedback Request
30197,High,0.9855,Frustrated Customer,Price Sensitive Shopper,Medium,Customer_Service_Calls,Discount_Usage_Rate,LTV_Per_Purchase,Service Recovery Campaign
6555,Medium,0.986,Price Sensitive Shopper,Disengaged Customer,Low,Age,Discount_Usage_Rate,Total_Purchases,Promotional Campaign
32973,IMP,0.9944,Frustrated Customer,Price Sensitive Shopper,High,Customer_Service_Calls,Membership_Years,Total_Purchases,Priority Support | Service Recovery Campaign
8975,IMP,0.9918,Frustrated Customer,Price Sensitive Shopper,High,Customer_Service_Calls,LTV_Per_Purchase,Total_Purchases,Priority Support | Service Recovery Campaign
993,IMP,0.9827,Frustrated Customer,Price Sensitive Shopper,High,Customer_Service_Calls,Cart_Abandonment_Rate,Email_Open_Rate,Priority Support | Service Recovery Campaign
12499,High,0.9995,Price Sensitive Shopper,Frustrated Customer,Medium,Customer_Service_Calls,Age,Discount_Usage_Rate,Targeted Coupon
33693,Low,0.7008,Disengaged Customer,Frustrated Customer,Minimal,Email_Open_Rate,Customer_Service_Calls,Cart_Abandonment_Rate,Newsletter
23356,Low,0.8697,Frustrated Customer,Disengaged Customer,Minimal,Email_Open_Rate,Customer_Service_Calls,Returns_Rate,Feedback Request
36931,IMP,0.9917,Frustrated Customer,Disengaged Customer,High,Customer_Service_Calls,Returns_Rate,Average_Order_Value,Priority Support | Service Recovery Campaign
47706,Medium,0.7095,Disengaged Customer,Dormant Customer,Low,Email_Open_Rate,Customer_Service_Calls,Days_Since_Last_Purchase,Re-engagement Email
31488,Medium,0.9693,Price Sensitive Shopper,Frustrated Customer,Low,Age,Discount_Usage_Rate,Customer_Service_Calls,Promotional Campaign
41939,Medium,0.8715,Price Sensitive Shopper,Frustrated Customer,Low,Cart_Abandonment_Rate,Age,Customer_Service_Calls,Promotional Campaign
18549,High,0.9864,Frustrated Customer,Price Sensitive Shopper,Medium,Customer_Service_Calls,Total_Purchases,Average_Order_Value,Service Recovery Campaign
29108,High,0.9786,Frustrated Customer,Dormant Customer,Medium,Customer_Service_Calls,Total_Purchases,Credit_Balance,Service Recovery Campaign
10384,Medium,0.9043,Price Sensitive Shopper,Disengaged Customer,Low,Cart_Abandonment_Rate,Customer_Service_Calls,Wishlist_Items,Promotional Campaign
34437,Low,0.801,Disengaged Customer,Price Sensitive Shopper,Minimal,Cart_Abandonment_Rate,Email_Open_Rate,Customer_Service_Calls,Newsletter
38139,High,0.9891,Frustrated Customer,Dormant Customer,Medium,Customer_Service_Calls,LTV_Per_Purchase,Total_Purchases,Service Recovery Campaign
38057,Low,0.6021,Frustrated Customer,Disengaged Customer,Minimal,Customer_Service_Calls,Age,Returns_Rate,Feedback Request
45134,High,0.889,Frustrated Customer,Disengaged Customer,Medium,Customer_Service_Calls,Total_Purchases,Login_Frequency,Service Recovery Campaign
7933,Low,0.8912,Price Sensitive Shopper,Frustrated Customer,Minimal,Cart_Abandonment_Rate,Email_Open_Rate,Session_Duration_Avg,Sale Notification
31495,Medium,0.9765,Disengaged Customer,Frustrated Customer,Low,Cart_Abandonment_Rate,Returns_Rate,Email_Open_Rate,Re-engagement Email
31829,Medium,0.4125,Disengaged Customer,Frustrated Customer,Low,Customer_Service_Calls,Email_Open_Rate,Cart_Abandonment_Rate,Re-engagement Email
8063,Low,0.9594,Disengaged Customer,Frustrated Customer,Minimal,Customer_Service_Calls,Email_Open_Rate,Cart_Abandonment_Rate,Newsletter
29439,High,0.9911,Frustrated Customer,Price Sensitive Shopper,Medium,Customer_Service_Calls,Discount_Usage_Rate,Total_Purchases,Service Recovery Campaign
47341,High,0.9863,Frustrated Customer,Price Sensitive Shopper,Medium,Customer_Service_Calls,Discount_Usage_Rate,Days_Since_Last_Purchase,Service Recovery Campaign
34654,IMP,0.9874,Frustrated Customer,Price Sensitive Shopper,High,Customer_Service_Calls,LTV_Per_Purchase,Total_Purchases,Priority Support | Service Recovery Campaign
4135,IMP,0.9907,Frustrated Customer,Price Sensitive Shopper,High,Customer_Service_Calls,Days_Since_Last_Purchase,Discount_Usage_Rate,Priority Support | Service Recovery Campaign
17569,High,0.986,Price Sensitive Shopper,Frustrated Customer,Medium,Age,Discount_Usage_Rate,Total_Purchases,Targeted Coupon
39131,Low,0.8378,Price Sensitive Shopper,Frustrated Customer,Minimal,Cart_Abandonment_Rate,Email_Open_Rate,Purchase_Frequency,Sale Notification
10047,Medium,0.8776,Disengaged Customer,Price Sensitive Shopper,Low,Cart_Abandonment_Rate,Email_Open_Rate,Purchase_Frequency,Re-engagement Email
8312,Low,0.9409,Disengaged Customer,Price Sensitive Shopper,Minimal,Cart_Abandonment_Rate,Email_Open_Rate,Customer_Service_Calls,Newsletter
16594,Low,0.8809,Price Sensitive Shopper,Disengaged Customer,Minimal,Cart_Abandonment_Rate,Wishlist_Items,Login_Frequency,Sale Notification
19586,Medium,0.673,Frustrated Customer,Disengaged Customer,Low,Age,Customer_Service_Calls,Cart_Abandonment_Rate,Customer Feedback Survey
15607,Low,0.8083,Price Sensitive Shopper,Disengaged Customer,Minimal,Cart_Abandonment_Rate,Session_Duration_Avg,Pages_Per_Session,Sale Notification
46342,Medium,0.7619,Dormant Customer,Frustrated Customer,Low,Days_Since_Last_Purchase,Purchase_Frequency,Returns_Rate,Automated Re-engagement Email
41942,Medium,0.9882,Price Sensitive Shopper,Frustrated Customer,Low,Age,Discount_Usage_Rate,Total_Purchases,Promotional Campaign
45150,Low,0.8609,Disengaged Customer,Frustrated Customer,Minimal,Email_Open_Rate,Customer_Service_Calls,Pages_Per_Session,Newsletter
40666,Medium,0.8967,Dormant Customer,Price Sensitive Shopper,Low,Purchase_Frequency,Days_Since_Last_Purchase,Customer_Service_Calls,Automated Re-engagement Email
3895,Low,0.7159,Price Sensitive Shopper,Disengaged Customer,Minimal,Cart_Abandonment_Rate,Email_Open_Rate,Customer_Service_Calls,Sale Notification
13900,Low,0.865,Frustrated Customer,Price Sensitive Shopper,Minimal,Cart_Abandonment_Rate,Returns_Rate,Mobile_App_Usage,Feedback Request
32041,Low,0.7443,Price Sensitive Shopper,Disengaged Customer,Minimal,Cart_Abandonment_Rate,Customer_Service_Calls,Discount_Usage_Rate,Sale Notification
25054,High,0.9918,Frustrated Customer,Dormant Customer,Medium,Customer_Service_Calls,LTV_Per_Purchase,Total_Purchases,Service Recovery Campaign
17692,Low,0.7783,Frustrated Customer,Price Sensitive Shopper,Minimal,Cart_Abandonment_Rate,Customer_Service_Calls,Returns_Rate,Feedback Request
31955,Low,0.5601,Dormant Customer,Disengaged Customer,Minimal,Purchase_Frequency,Days_Since_Last_Purchase,Mobile_App_Usage,Newsletter Reminder
49185,IMP,0.9928,Frustrated Customer,Price Sensitive Shopper,High,Customer_Service_Calls,LTV_Per_Purchase,Total_Purchases,Priority Support | Service Recovery Campaign
33959,Medium,0.9924,Disengaged Customer,Price Sensitive Shopper,Low,Cart_Abandonment_Rate,Purchase_Frequency,Email_Open_Rate,Re-engagement Email
25561,IMP,0.9887,Frustrated Customer,Price Sensitive Shopper,High,Customer_Service_Calls,Discount_Usage_Rate,Average_Order_Value,Priority Support | Service Recovery Campaign
27906,Medium,0.9831,Price Sensitive Shopper,Disengaged Customer,Low,Age,Discount_Usage_Rate,Login_Frequency,Promotional Campaign
17495,Low,0.6059,Disengaged Customer,Frustrated Customer,Minimal,Email_Open_Rate,Customer_Service_Calls,Purchase_Frequency,Newsletter
172,High,0.9926,Frustrated Customer,Price Sensitive Shopper,Medium,Customer_Service_Calls,Returns_Rate,Discount_Usage_Rate,Service Recovery Campaign
12367,IMP,0.99,Frustrated Customer,Disengaged Customer,High,Customer_Service_Calls,Days_Since_Last_Purchase,Average_Order_Value,Priority Support | Service Recovery Campaign
1606,Low,0.8874,Price Sensitive Shopper,Disengaged Customer,Minimal,Cart_Abandonment_Rate,Purchase_Frequency,Email_Open_Rate,Sale Notification
37071,Medium,0.9755,Price Sensitive Shopper,Frustrated Customer,Low,Age,Discount_Usage_Rate,Returns_Rate,Promotional Campaign
14621,High,0.9876,Frustrated Customer,Dormant Customer,Medium,Customer_Service_Calls,LTV_Per_Purchase,Total_Purchases,Service Recovery Campaign
48044,Low,0.669,Disengaged Customer,Price Sensitive Shopper,Minimal,Email_Open_Rate,Session_Duration_Avg,Mobile_App_Usage,Newsletter
27925,Low,0.6419,Frustrated Customer,Disengaged Customer,Minimal,Customer_Service_Calls,Cart_Abandonment_Rate,Email_Open_Rate,Feedback Request
39184,Low,0.9149,Disengaged Customer,Dormant Customer,Minimal,Email_Open_Rate,Purchase_Frequency,Days_Since_Last_Purchase,Newsletter
25052,IMP,0.986,Frustrated Customer,Price Sensitive Shopper,High,Customer_Service_Calls,Discount_Usage_Rate,Days_Since_Last_Purchase,Priority Support | Service Recovery Campaign
17034,Medium,0.9397,Disengaged Customer,Dormant Customer,Low,Cart_Abandonment_Rate,Purchase_Frequency,Customer_Service_Calls,Re-engagement Email
19932,Low,0.8302,Price Sensitive Shopper,Disengaged Customer,Minimal,Cart_Abandonment_Rate,Email_Open_Rate,Purchase_Frequency,Sale Notification
11184,IMP,0.9901,Frustrated Customer,Dormant Customer,High,Customer_Service_Calls,LTV_Per_Purchase,Total_Purchases,Priority Support | Service Recovery Campaign
11525,Low,0.7711,Disengaged Customer,Price Sensitive Shopper,Minimal,Purchase_Frequency,Email_Open_Rate,Discount_Usage_Rate,Newsletter
9708,Low,0.9973,Price Sensitive Shopper,Disengaged Customer,Minimal,Age,Discount_Usage_Rate,Purchase_Frequency,Sale Notification
7602,Low,0.976,Disengaged Customer,Price Sensitive Shopper,Minimal,Purchase_Frequency,Cart_Abandonment_Rate,Email_Open_Rate,Newsletter
49341,IMP,0.9867,Frustrated Customer,Price Sensitive Shopper,High,Customer_Service_Calls,Discount_Usage_Rate,Returns_Rate,Priority Support | Service Recovery Campaign
37144,IMP,0.9926,Frustrated Customer,Disengaged Customer,High,Customer_Service_Calls,Returns_Rate,LTV_Per_Purchase,Priority Support | Service Recovery Campaign
43577,Low,0.7554,Price Sensitive Shopper,Disengaged Customer,Minimal,Cart_Abandonment_Rate,Product_Reviews_Written,Mobile_App_Usage,Sale Notification
33385,Low,0.9614,Price Sensitive Shopper,Frustrated Customer,Minimal,Age,Discount_Usage_Rate,Customer_Service_Calls,Sale Notification
39988,High,0.9837,Frustrated Customer,Price Sensitive Shopper,Medium,Customer_Service_Calls,Discount_Usage_Rate,Total_Purchases,Service Recovery Campaign
41352,High,0.9935,Frustrated Customer,Dormant Customer,Medium,Customer_Service_Calls,Total_Purchases,Days_Since_Last_Purchase,Service Recovery Campaign
15324,Low,0.6686,Dormant Customer,Disengaged Customer,Minimal,Purchase_Frequency,Days_Since_Last_Purchase,Wishlist_Items,Newsletter Reminder
16493,Low,0.9529,Disengaged Customer,Price Sensitive Shopper,Minimal,Cart_Abandonment_Rate,Email_Open_Rate,Customer_Service_Calls,Newsletter
37150,Low,0.897,Disengaged Customer,Price Sensitive Shopper,Minimal,Cart_Abandonment_Rate,Returns_Rate,Session_Duration_Avg,Newsletter
21403,Low,0.9194,Frustrated Customer,Disengaged Customer,Minimal,Cart_Abandonment_Rate,Email_Open_Rate,Customer_Service_Calls,Feedback Request
46489,Low,0.8451,Price Sensitive Shopper,Disengaged Customer,Minimal,Cart_Abandonment_Rate,Email_Open_Rate,Wishlist_Items,Sale Notification
22773,Low,0.9528,Price Sensitive Shopper,Disengaged Customer,Minimal,Cart_Abandonment_Rate,Purchase_Frequency,Email_Open_Rate,Sale Notification
28635,Low,0.7023,Frustrated Customer,Disengaged Customer,Minimal,Returns_Rate,Email_Open_Rate,Session_Duration_Avg,Feedback Request
37387,IMP,0.9907,Frustrated Customer,Price Sensitive Shopper,High,Customer_Service_Calls,Discount_Usage_Rate,Total_Purchases,Priority Support | Service Recovery Campaign
28953,Low,0.9938,Price Sensitive Shopper,Disengaged Customer,Minimal,Age,Cart_Abandonment_Rate,Discount_Usage_Rate,Sale Notification
22885,High,0.9838,Frustrated Customer,Dormant Customer,Medium,Customer_Service_Calls,Total_Purchases,Login_Frequency,Service Recovery Campaign
44862,Low,0.7304,Disengaged Customer,Dormant Customer,Minimal,Cart_Abandonment_Rate,Purchase_Frequency,Customer_Service_Calls,Newsletter
2627,Low,0.6132,Price Sensitive Shopper,Frustrated Customer,Minimal,Cart_Abandonment_Rate,Returns_Rate,Wishlist_Items,Sale Notification
21113,Low,0.9674,Disengaged Customer,Frustrated Customer,Minimal,Cart_Abandonment_Rate,Customer_Service_Calls,Email_Open_Rate,Newsletter
16203,IMP,0.9552,Frustrated Customer,Price Sensitive Shopper,High,Customer_Service_Calls,Flag_Missing,Cart_Abandonment_Rate,Priority Support | Service Recovery Campaign
28433,Low,0.8529,Disengaged Customer,Price Sensitive Shopper,Minimal,Cart_Abandonment_Rate,Email_Open_Rate,Pages_Per_Session,Newsletter
10796,Low,0.7976,Disengaged Customer,Frustrated Customer,Minimal,Returns_Rate,Email_Open_Rate,Purchase_Frequency,Newsletter
17444,High,0.9865,Frustrated Customer,Price Sensitive Shopper,Medium,Customer_Service_Calls,Discount_Usage_Rate,Total_Purchases,Service Recovery Campaign
16309,Medium,0.9824,Price Sensitive Shopper,Frustrated Customer,Low,Age,Discount_Usage_Rate,Returns_Rate,Promotional Campaign
22049,IMP,0.9966,Frustrated Customer,Disengaged Customer,High,Customer_Service_Calls,Age,Pages_Per_Session,Priority Support | Service Recovery Campaign
1995,High,0.992,Frustrated Customer,Price Sensitive Shopper,Medium,Customer_Service_Calls,Total_Purchases,LTV_Per_Purchase,Service Recovery Campaign
15470,Medium,0.6603,Frustrated Customer,Dormant Customer,Low,Purchase_Frequency,Returns_Rate,Days_Since_Last_Purchase,Customer Feedback Survey
15343,Low,0.7908,Disengaged Customer,Frustrated Customer,Minimal,Purchase_Frequency,Customer_Service_Calls,Mobile_App_Usage,Newsletter
19039,High,0.9879,Frustrated Customer,Dormant Customer,Medium,Customer_Service_Calls,Total_Purchases,LTV_Per_Purchase,Service Recovery Campaign
7287,Medium,0.6759,Disengaged Customer,Price Sensitive Shopper,Low,Email_Open_Rate,Customer_Service_Calls,Cart_Abandonment_Rate,Re-engagement Email
4777,Low,0.9011,Disengaged Customer,Frustrated Customer,Minimal,Email_Open_Rate,Cart_Abandonment_Rate,Customer_Service_Calls,Newsletter
861,Medium,0.9915,Price Sensitive Shopper,Disengaged Customer,Low,Age,Discount_Usage_Rate,Returns_Rate,Promotional Campaign
13798,High,0.5042,Frustrated Customer,Price Sensitive Shopper,Medium,Customer_Service_Calls,Discount_Usage_Rate,Total_Purchases,Service Recovery Campaign
49941,Low,0.9483,Price Sensitive Shopper,Frustrated Customer,Minimal,Cart_Abandonment_Rate,Customer_Service_Calls,Email_Open_Rate,Sale Notification
26820,High,0.9802,Frustrated Customer,Dormant Customer,Medium,Customer_Service_Calls,Total_Purchases,LTV_Per_Purchase,Service Recovery Campaign
46326,IMP,0.9879,Price Sensitive Shopper,Dormant Customer,High,Age,Discount_Usage_Rate,Total_Purchases,Loyalty Rewards | Targeted Coupon
9208,IMP,0.9911,Frustrated Customer,Price Sensitive Shopper,High,Customer_Service_Calls,Average_Order_Value,Pages_Per_Session,Priority Support | Service Recovery Campaign
25033,Low,0.8903,Frustrated Customer,Disengaged Customer,Minimal,Returns_Rate,Customer_Service_Calls,Email_Open_Rate,Feedback Request
9314,Low,0.9711,Price Sensitive Shopper,Frustrated Customer,Minimal,Cart_Abandonment_Rate,Customer_Service_Calls,Purchase_Frequency,Sale Notification
4960,Medium,0.5723,Dormant Customer,Disengaged Customer,Low,Purchase_Frequency,Customer_Service_Calls,Days_Since_Last_Purchase,Automated Re-engagement Email
14878,Low,0.9614,Frustrated Customer,Disengaged Customer,Minimal,Cart_Abandonment_Rate,Customer_Service_Calls,Email_Open_Rate,Feedback Request
35435,Low,0.601,Price Sensitive Shopper,Disengaged Customer,Minimal,Cart_Abandonment_Rate,Customer_Service_Calls,Mobile_App_Usage,Sale Notification
35330,Low,0.8572,Price Sensitive Shopper,Frustrated Customer,Minimal,Age,Discount_Usage_Rate,Cart_Abandonment_Rate,Sale Notification
30442,IMP,0.9914,Frustrated Customer,Price Sensitive Shopper,High,Customer_Service_Calls,Days_Since_Last_Purchase,Total_Purchases,Priority Support | Service Recovery Campaign
33029,High,0.9998,Frustrated Customer,Price Sensitive Shopper,Medium,Age,Discount_Usage_Rate,Customer_Service_Calls,Service Recovery Campaign
31304,Medium,0.9916,Price Sensitive Shopper,Frustrated Customer,Low,Age,Discount_Usage_Rate,Purchase_Frequency,Promotional Campaign
35769,Low,0.9842,Price Sensitive Shopper,Frustrated Customer,Minimal,Age,Discount_Usage_Rate,Customer_Service_Calls,Sale Notification
41195,Low,0.9041,Disengaged Customer,Price Sensitive Shopper,Minimal,Cart_Abandonment_Rate,Email_Open_Rate,Purchase_Frequency,Newsletter
23985,Low,0.5573,Disengaged Customer,Frustrated Customer,Minimal,Cart_Abandonment_Rate,Email_Open_Rate,Customer_Service_Calls,Newsletter
44175,Medium,0.9014,Dormant Customer,Frustrated Customer,Low,Purchase_Frequency,Days_Since_Last_Purchase,Email_Open_Rate,Automated Re-engagement Email
44718,Low,0.9641,Price Sensitive Shopper,Disengaged Customer,Minimal,Cart_Abandonment_Rate,Purchase_Frequency,Age,Sale Notification
27402,Low,0.9615,Price Sensitive Shopper,Disengaged Customer,Minimal,Cart_Abandonment_Rate,Email_Open_Rate,Customer_Service_Calls,Sale Notification
32984,Low,0.8727,Price Sensitive Shopper,Disengaged Customer,Minimal,Purchase_Frequency,Cart_Abandonment_Rate,Customer_Service_Calls,Sale Notification
43844,Low,0.5665,Disengaged Customer,Frustrated Customer,Minimal,Purchase_Frequency,Email_Open_Rate,Returns_Rate,Newsletter
15110,Low,0.5843,Frustrated Customer,Disengaged Customer,Minimal,Returns_Rate,Email_Open_Rate,Customer_Service_Calls,Feedback Request
3486,Medium,0.988,Frustrated Customer,Price Sensitive Shopper,Low,Purchase_Frequency,Cart_Abandonment_Rate,Customer_Service_Calls,Customer Feedback Survey
12955,Low,0.5805,Disengaged Customer,Price Sensitive Shopper,Minimal,Cart_Abandonment_Rate,Email_Open_Rate,Wishlist_Items,Newsletter
8698,High,0.9947,Frustrated Customer,Dormant Customer,Medium,Customer_Service_Calls,Credit_Balance,LTV_Per_Purchase,Service Recovery Campaign
608,Low,0.9815,Price Sensitive Shopper,Disengaged Customer,Minimal,Cart_Abandonment_Rate,Purchase_Frequency,Days_Since_Last_Purchase,Sale Notification
42313,Low,0.9746,Disengaged Customer,Price Sensitive Shopper,Minimal,Purchase_Frequency,Customer_Service_Calls,Email_Open_Rate,Newsletter
23536,High,0.5577,Price Sensitive Shopper,Dormant Customer,Medium,Age,Discount_Usage_Rate,Total_Purchases,Targeted Coupon
6392,Medium,0.9682,Price Sensitive Shopper,Frustrated Customer,Low,Age,Discount_Usage_Rate,Social_Media_Engagement_Score,Promotional Campaign
48727,Low,0.727,Disengaged Customer,Frustrated Customer,Minimal,Purchase_Frequency,Customer_Service_Calls,Email_Open_Rate,Newsletter
36576,Medium,0.8199,Price Sensitive Shopper,Disengaged Customer,Low,Cart_Abandonment_Rate,Email_Open_Rate,Session_Duration_Avg,Promotional Campaign
48033,Low,0.9606,Disengaged Customer,Dormant Customer,Minimal,Purchase_Frequency,Days_Since_Last_Purchase,Cart_Abandonment_Rate,Newsletter
49376,IMP,0.994,Frustrated Customer,Disengaged Customer,High,Customer_Service_Calls,Pages_Per_Session,Gender,Priority Support | Service Recovery Campaign
911,High,0.9927,Frustrated Customer,Disengaged Customer,Medium,Customer_Service_Calls,Total_Purchases,LTV_Per_Purchase,Service Recovery Campaign
49,IMP,0.9893,Price Sensitive Shopper,Dormant Customer,High,Age,Discount_Usage_Rate,Total_Purchases,Loyalty Rewards | Targeted Coupon
30083,Low,0.7863,Price Sensitive Shopper,Dormant Customer,Minimal,Purchase_Frequency,Email_Open_Rate,Cart_Abandonment_Rate,Sale Notification
11631,Low,0.9667,Disengaged Customer,Price Sensitive Shopper,Minimal,Cart_Abandonment_Rate,Email_Open_Rate,Customer_Service_Calls,Newsletter
14280,Low,0.9219,Disengaged Customer,Frustrated Customer,Minimal,Cart_Abandonment_Rate,Customer_Service_Calls,Email_Open_Rate,Newsletter
40372,High,0.9884,Frustrated Customer,Price Sensitive Shopper,Medium,Customer_Service_Calls,Total_Purchases,LTV_Per_Purchase,Service Recovery Campaign
43783,IMP,0.9941,Frustrated Customer,Price Sensitive Shopper,High,Customer_Service_Calls,LTV_Per_Purchase,Total_Purchases,Priority Support | Service Recovery Campaign
15719,High,0.9984,Frustrated Customer,Dormant Customer,Medium,Customer_Service_Calls,Days_Since_Last_Purchase,Cart_Abandonment_Rate,Service Recovery Campaign
44149,Medium,0.5381,Price Sensitive Shopper,Frustrated Customer,Low,Age,Cart_Abandonment_Rate,Customer_Service_Calls,Promotional Campaign
23819,Medium,0.9495,Frustrated Customer,Dormant Customer,Low,Cart_Abandonment_Rate,Customer_Service_Calls,Purchase_Frequency,Customer Feedback Survey
49220,Medium,0.9835,Disengaged Customer,Dormant Customer,Low,Cart_Abandonment_Rate,Purchase_Frequency,Days_Since_Last_Purchase,Re-engagement Email
42029,High,0.9804,Frustrated Customer,Price Sensitive Shopper,Medium,Customer_Service_Calls,Average_Order_Value,LTV_Per_Purchase,Service Recovery Campaign
13679,Medium,0.9379,Disengaged Customer,Frustrated Customer,Low,Email_Open_Rate,Returns_Rate,Cart_Abandonment_Rate,Re-engagement Email
23912,Medium,0.8256,Frustrated Customer,Disengaged Customer,Low,Returns_Rate,Cart_Abandonment_Rate,Email_Open_Rate,Customer Feedback Survey
36233,High,0.9886,Price Sensitive Shopper,Disengaged Customer,Medium,Age,Discount_Usage_Rate,Total_Purchases,Targeted Coupon
14372,Low,0.9282,Frustrated Customer,Price Sensitive Shopper,Minimal,Cart_Abandonment_Rate,Purchase_Frequency,Customer_Service_Calls,Feedback Request
15149,IMP,0.9934,Frustrated Customer,Price Sensitive Shopper,High,Customer_Service_Calls,Total_Purchases,LTV_Per_Purchase,Priority Support | Service Recovery Campaign
23709,Medium,0.7758,Price Sensitive Shopper,Disengaged Customer,Low,Cart_Abandonment_Rate,Customer_Service_Calls,Days_Since_Last_Purchase,Promotional Campaign
5521,Low,0.8489,Disengaged Customer,Frustrated Customer,Minimal,Cart_Abandonment_Rate,Email_Open_Rate,Customer_Service_Calls,Newsletter
32491,High,0.9998,Price Sensitive Shopper,Frustrated Customer,Medium,Age,Discount_Usage_Rate,Customer_Service_Calls,Targeted Coupon
12113,High,0.974,Frustrated Customer,Price Sensitive Shopper,Medium,Customer_Service_Calls,Total_Purchases,Average_Order_Value,Service Recovery Campaign
41432,Low,0.9114,Price Sensitive Shopper,Disengaged Customer,Minimal,Cart_Abandonment_Rate,Email_Open_Rate,Total_Purchases,Sale Notification
29580,Low,0.6431,Frustrated Customer,Dormant Customer,Minimal,Purchase_Frequency,Days_Since_Last_Purchase,Customer_Service_Calls,Feedback Request
13742,IMP,0.9816,Frustrated Customer,Price Sensitive Shopper,High,Customer_Service_Calls,Discount_Usage_Rate,Returns_Rate,Priority Support | Service Recovery Campaign
1426,Medium,0.9859,Dormant Customer,Frustrated Customer,Low,Purchase_Frequency,Days_Since_Last_Purchase,Customer_Service_Calls,Automated Re-engagement Email
36189,Medium,0.6413,Disengaged Customer,Price Sensitive Shopper,Low,Cart_Abandonment_Rate,Email_Open_Rate,Purchase_Frequency,Re-engagement Email
15348,Low,0.9918,Price Sensitive Shopper,Disengaged Customer,Minimal,Age,Discount_Usage_Rate,Email_Open_Rate,Sale Notification
34632,IMP,0.9999,Price Sensitive Shopper,Frustrated Customer,High,Age,Discount_Usage_Rate,Customer_Service_Calls,Loyalty Rewards | Targeted Coupon
26911,High,0.9899,Price Sensitive Shopper,Dormant Customer,Medium,Age,Discount_Usage_Rate,LTV_Per_Purchase,Targeted Coupon
43848,High,0.9906,Frustrated Customer,Disengaged Customer,Medium,Customer_Service_Calls,Gender,Purchase_Frequency,Service Recovery Campaign
40892,Low,0.8268,Disengaged Customer,Price Sensitive Shopper,Minimal,Email_Open_Rate,Cart_Abandonment_Rate,Mobile_App_Usage,Newsletter
45226,Low,0.8013,Disengaged Customer,Frustrated Customer,Minimal,Customer_Service_Calls,Pages_Per_Session,Cart_Abandonment_Rate,Newsletter
21278,High,0.9866,Frustrated Customer,Price Sensitive Shopper,Medium,Customer_Service_Calls,Discount_Usage_Rate,Days_Since_Last_Purchase,Service Recovery Campaign
25015,IMP,0.9813,Frustrated Customer,Price Sensitive Shopper,High,Customer_Service_Calls,Discount_Usage_Rate,Days_Since_Last_Purchase,Priority Support | Service Recovery Campaign
35880,Low,0.977,Price Sensitive Shopper,Frustrated Customer,Minimal,Age,Discount_Usage_Rate,Returns_Rate,Sale Notification
34924,Medium,0.9592,Frustrated Customer,Disengaged Customer,Low,Purchase_Frequency,Cart_Abandonment_Rate,Customer_Service_Calls,Customer Feedback Survey
16788,IMP,0.9923,Frustrated Customer,Price Sensitive Shopper,High,Customer_Service_Calls,Total_Purchases,LTV_Per_Purchase,Priority Support | Service Recovery Campaign
33469,Low,0.9368,Frustrated Customer,Price Sensitive Shopper,Minimal,Cart_Abandonment_Rate,Customer_Service_Calls,Email_Open_Rate,Feedback Request
41733,Medium,0.9849,Price Sensitive Shopper,Disengaged Customer,Low,Cart_Abandonment_Rate,Email_Open_Rate,Customer_Service_Calls,Promotional Campaign
38311,High,0.9843,Price Sensitive Shopper,Frustrated Customer,Medium,Age,Discount_Usage_Rate,Returns_Rate,Targeted Coupon
9730,IMP,0.9866,Price Sensitive Shopper,Disengaged Customer,High,Age,Discount_Usage_Rate,Mobile_App_Usage,Loyalty Rewards | Targeted Coupon
1866,Medium,0.5423,Frustrated Customer,Price Sensitive Shopper,Low,Cart_Abandonment_Rate,Customer_Service_Calls,Email_Open_Rate,Customer Feedback Survey
5290,IMP,0.9803,Frustrated Customer,Price Sensitive Shopper,High,Customer_Service_Calls,Discount_Usage_Rate,Returns_Rate,Priority Support | Service Recovery Campaign
8562,Low,0.8929,Disengaged Customer,Frustrated Customer,Minimal,Customer_Service_Calls,Purchase_Frequency,Email_Open_Rate,Newsletter
6672,Low,0.9838,Dormant Customer,Disengaged Customer,Minimal,Purchase_Frequency,Days_Since_Last_Purchase,Customer_Service_Calls,Newsletter Reminder
7489,High,0.9792,Frustrated Customer,Price Sensitive Shopper,Medium,Customer_Service_Calls,Returns_Rate,Total_Purchases,Service Recovery Campaign
38381,Medium,0.9826,Price Sensitive Shopper,Frustrated Customer,Low,Age,Discount_Usage_Rate,Customer_Service_Calls,Promotional Campaign
40775,IMP,0.9516,Price Sensitive Shopper,Disengaged Customer,High,Age,Discount_Usage_Rate,Cart_Abandonment_Rate,Loyalty Rewards | Targeted Coupon
13305,High,0.9911,Frustrated Customer,Dormant Customer,Medium,Customer_Service_Calls,Total_Purchases,Login_Frequency,Service Recovery Campaign
6769,Medium,0.9295,Price Sensitive Shopper,Frustrated Customer,Low,Cart_Abandonment_Rate,Email_Open_Rate,Customer_Service_Calls,Promotional Campaign
11198,Medium,0.7621,Frustrated Customer,Price Sensitive Shopper,Low,Cart_Abandonment_Rate,Purchase_Frequency,Customer_Service_Calls,Customer Feedback Survey
40577,Low,0.961,Disengaged Customer,Dormant Customer,Minimal,Purchase_Frequency,Days_Since_Last_Purchase,Email_Open_Rate,Newsletter
6119,High,0.9972,Dormant Customer,Frustrated Customer,Medium,Days_Since_Last_Purchase,Customer_Service_Calls,Purchase_Frequency,Win-back Campaign | Personalized Product Recommendations
23060,High,0.9899,Frustrated Customer,Price Sensitive Shopper,Medium,Customer_Service_Calls,LTV_Per_Purchase,Average_Order_Value,Service Recovery Campaign
17639,Medium,0.9881,Price Sensitive Shopper,Frustrated Customer,Low,Age,Discount_Usage_Rate,Customer_Service_Calls,Promotional Campaign
3306,Low,0.7754,Disengaged Customer,Price Sensitive Shopper,Minimal,Customer_Service_Calls,Pages_Per_Session,Cart_Abandonment_Rate,Newsletter
3588,High,0.9808,Frustrated Customer,Price Sensitive Shopper,Medium,Customer_Service_Calls,Discount_Usage_Rate,Average_Order_Value,Service Recovery Campaign
11269,Low,0.9535,Price Sensitive Shopper,Disengaged Customer,Minimal,Cart_Abandonment_Rate,Purchase_Frequency,Pages_Per_Session,Sale Notification
35669,Low,0.5867,Frustrated Customer,Disengaged Customer,Minimal,Customer_Service_Calls,Mobile_App_Usage,Purchase_Frequency,Feedback Request
14787,Low,0.7921,Frustrated Customer,Disengaged Customer,Minimal,Purchase_Frequency,Customer_Service_Calls,Returns_Rate,Feedback Request
43750,Low,0.9901,Dormant Customer,Disengaged Customer,Minimal,Purchase_Frequency,Days_Since_Last_Purchase,Email_Open_Rate,Newsletter Reminder
839,Low,0.7238,Dormant Customer,Frustrated Customer,Minimal,Purchase_Frequency,Days_Since_Last_Purchase,Customer_Service_Calls,Newsletter Reminder
15772,Low,0.9329,Frustrated Customer,Disengaged Customer,Minimal,Customer_Service_Calls,Cart_Abandonment_Rate,Purchase_Frequency,Feedback Request
28455,Medium,0.7654,Price Sensitive Shopper,Frustrated Customer,Low,Returns_Rate,Cart_Abandonment_Rate,Email_Open_Rate,Promotional Campaign
47981,High,0.991,Frustrated Customer,Price Sensitive Shopper,Medium,Customer_Service_Calls,Email_Open_Rate,Cart_Abandonment_Rate,Service Recovery Campaign
25188,Low,0.5827,Dormant Customer,Frustrated Customer,Minimal,Purchase_Frequency,Days_Since_Last_Purchase,Customer_Service_Calls,Newsletter Reminder
1090,High,0.9919,Frustrated Customer,Price Sensitive Shopper,Medium,Customer_Service_Calls,Average_Order_Value,LTV_Per_Purchase,Service Recovery Campaign
24456,Low,0.924,Disengaged Customer,Price Sensitive Shopper,Minimal,Purchase_Frequency,Cart_Abandonment_Rate,Email_Open_Rate,Newsletter
17933,Medium,0.9967,Dormant Customer,Disengaged Customer,Low,Days_Since_Last_Purchase,Purchase_Frequency,Cart_Abandonment_Rate,Automated Re-engagement Email
49227,High,0.9856,Frustrated Customer,Price Sensitive Shopper,Medium,Customer_Service_Calls,Discount_Usage_Rate,LTV_Per_Purchase,Service Recovery Campaign
46505,Low,0.9768,Disengaged Customer,Price Sensitive Shopper,Minimal,Cart_Abandonment_Rate,Days_Since_Last_Purchase,Purchase_Frequency,Newsletter
46084,Low,0.9815,Disengaged Customer,Dormant Customer,Minimal,Purchase_Frequency,Days_Since_Last_Purchase,Cart_Abandonment_Rate,Newsletter
37536,Low,0.6267,Price Sensitive Shopper,Frustrated Customer,Minimal,Cart_Abandonment_Rate,Customer_Service_Calls,Pages_Per_Session,Sale Notification
35224,Medium,0.9897,Price Sensitive Shopper,Frustrated Customer,Low,Age,Discount_Usage_Rate,Total_Purchases,Promotional Campaign
6481,Medium,0.9886,Price Sensitive Shopper,Disengaged Customer,Low,Age,Discount_Usage_Rate,Total_Purchases,Promotional Campaign
41300,Low,0.9915,Price Sensitive Shopper,Frustrated Customer,Minimal,Purchase_Frequency,Returns_Rate,Cart_Abandonment_Rate,Sale Notification
12038,High,0.9856,Frustrated Customer,Price Sensitive Shopper,Medium,Customer_Service_Calls,Discount_Usage_Rate,LTV_Per_Purchase,Service Recovery Campaign
21396,Medium,0.8363,Disengaged Customer,Frustrated Customer,Low,Session_Duration_Avg,Customer_Service_Calls,Email_Open_Rate,Re-engagement Email
43994,Low,0.9948,Dormant Customer,Disengaged Customer,Minimal,Days_Since_Last_Purchase,Purchase_Frequency,Cart_Abandonment_Rate,Newsletter Reminder
40678,Medium,0.4409,Price Sensitive Shopper,Disengaged Customer,Low,Cart_Abandonment_Rate,Customer_Service_Calls,Email_Open_Rate,Promotional Campaign
39062,Medium,0.8137,Price Sensitive Shopper,Disengaged Customer,Low,Cart_Abandonment_Rate,Email_Open_Rate,Purchase_Frequency,Promotional Campaign
15824,Low,0.5892,Frustrated Customer,Price Sensitive Shopper,Minimal,Cart_Abandonment_Rate,Customer_Service_Calls,Login_Frequency,Feedback Request
33706,Medium,0.8357,Frustrated Customer,Price Sensitive Shopper,Low,Cart_Abandonment_Rate,Customer_Service_Calls,Email_Open_Rate,Customer Feedback Survey
15969,Medium,0.4098,Price Sensitive Shopper,Frustrated Customer,Low,Cart_Abandonment_Rate,Customer_Service_Calls,Login_Frequency,Promotional Campaign
44861,High,0.9476,Frustrated Customer,Dormant Customer,Medium,Customer_Service_Calls,Days_Since_Last_Purchase,Purchase_Frequency,Service Recovery Campaign
14877,IMP,0.987,Frustrated Customer,Price Sensitive Shopper,High,Customer_Service_Calls,Cart_Abandonment_Rate,LTV_Per_Purchase,Priority Support | Service Recovery Campaign
3813,Low,0.9881,Disengaged Customer,Frustrated Customer,Minimal,Cart_Abandonment_Rate,Email_Open_Rate,Customer_Service_Calls,Newsletter
22033,Low,0.9168,Frustrated Customer,Price Sensitive Shopper,Minimal,Cart_Abandonment_Rate,Returns_Rate,Email_Open_Rate,Feedback Request
42796,IMP,0.9899,Frustrated Customer,Dormant Customer,High,Customer_Service_Calls,Total_Purchases,LTV_Per_Purchase,Priority Support | Service Recovery Campaign
41089,IMP,0.9924,Frustrated Customer,Dormant Customer,High,Customer_Service_Calls,Total_Purchases,Login_Frequency,Priority Support | Service Recovery Campaign
42089,Low,0.9887,Price Sensitive Shopper,Disengaged Customer,Minimal,Age,Discount_Usage_Rate,Customer_Service_Calls,Sale Notification
17075,Low,0.8184,Disengaged Customer,Dormant Customer,Minimal,Cart_Abandonment_Rate,Customer_Service_Calls,Email_Open_Rate,Newsletter
25663,High,0.4627,Frustrated Customer,Price Sensitive Shopper,Medium,Customer_Service_Calls,Total_Purchases,LTV_Per_Purchase,Service Recovery Campaign
49026,Medium,0.766,Price Sensitive Shopper,Frustrated Customer,Low,Cart_Abandonment_Rate,Customer_Service_Calls,Email_Open_Rate,Promotional Campaign
29226,VIP,0.9876,Frustrated Customer,Price Sensitive Shopper,Critical,Customer_Service_Calls,Days_Since_Last_Purchase,Discount_Usage_Rate,Dedicated Customer Success Outreach | Priority Support | Returns Experience Review
26865,Medium,0.8463,Price Sensitive Shopper,Frustrated Customer,Low,Purchase_Frequency,Cart_Abandonment_Rate,Days_Since_Last_Purchase,Promotional Campaign
11509,Medium,0.5212,Frustrated Customer,Price Sensitive Shopper,Low,Returns_Rate,Cart_Abandonment_Rate,Email_Open_Rate,Customer Feedback Survey
28972,High,0.9924,Frustrated Customer,Dormant Customer,Medium,Customer_Service_Calls,LTV_Per_Purchase,Total_Purchases,Service Recovery Campaign
19564,Medium,0.9442,Price Sensitive Shopper,Disengaged Customer,Low,Cart_Abandonment_Rate,Email_Open_Rate,Customer_Service_Calls,Promotional Campaign
26720,High,0.9781,Frustrated Customer,Price Sensitive Shopper,Medium,Customer_Service_Calls,Returns_Rate,Age,Service Recovery Campaign
6472,Medium,0.4106,Dormant Customer,Price Sensitive Shopper,Low,Purchase_Frequency,Days_Since_Last_Purchase,Cart_Abandonment_Rate,Automated Re-engagement Email
46457,Low,0.9309,Frustrated Customer,Disengaged Customer,Minimal,Purchase_Frequency,Cart_Abandonment_Rate,Returns_Rate,Feedback Request
48826,Low,0.9698,Disengaged Customer,Frustrated Customer,Minimal,Cart_Abandonment_Rate,Email_Open_Rate,Returns_Rate,Newsletter
3582,Low,0.9485,Price Sensitive Shopper,Disengaged Customer,Minimal,Cart_Abandonment_Rate,Customer_Service_Calls,Email_Open_Rate,Sale Notification
41073,High,0.9994,Frustrated Customer,Price Sensitive Shopper,Medium,Age,Customer_Service_Calls,Discount_Usage_Rate,Service Recovery Campaign
16440,Low,0.9438,Price Sensitive Shopper,Frustrated Customer,Minimal,Cart_Abandonment_Rate,Returns_Rate,Age,Sale Notification
7608,Low,0.8813,Frustrated Customer,Disengaged Customer,Minimal,Cart_Abandonment_Rate,Customer_Service_Calls,Returns_Rate,Feedback Request
37183,High,0.9859,Frustrated Customer,Disengaged Customer,Medium,Customer_Service_Calls,Product_Reviews_Written,LTV_Per_Purchase,Service Recovery Campaign
29134,Medium,0.9982,Price Sensitive Shopper,Dormant Customer,Low,Age,Discount_Usage_Rate,Cart_Abandonment_Rate,Promotional Campaign
19341,Low,0.78,Disengaged Customer,Price Sensitive Shopper,Minimal,Cart_Abandonment_Rate,Email_Open_Rate,Age,Newsletter
9001,IMP,0.9936,Frustrated Customer,Price Sensitive Shopper,High,Customer_Service_Calls,LTV_Per_Purchase,Total_Purchases,Priority Support | Service Recovery Campaign
48716,Low,0.9002,Price Sensitive Shopper,Disengaged Customer,Minimal,Cart_Abandonment_Rate,Email_Open_Rate,Customer_Service_Calls,Sale Notification
36414,Low,0.6255,Price Sensitive Shopper,Frustrated Customer,Minimal,Purchase_Frequency,Cart_Abandonment_Rate,Returns_Rate,Sale Notification
10859,High,0.9535,Frustrated Customer,Price Sensitive Shopper,Medium,Customer_Service_Calls,Cart_Abandonment_Rate,Discount_Usage_Rate,Service Recovery Campaign
45168,Medium,0.5988,Dormant Customer,Disengaged Customer,Low,Purchase_Frequency,Days_Since_Last_Purchase,Customer_Service_Calls,Automated Re-engagement Email
6229,High,0.9895,Frustrated Customer,Dormant Customer,Medium,Customer_Service_Calls,LTV_Per_Purchase,Average_Order_Value,Service Recovery Campaign
17986,Low,0.9671,Frustrated Customer,Disengaged Customer,Minimal,Purchase_Frequency,Returns_Rate,Customer_Service_Calls,Feedback Request
31021,Medium,0.6684,Price Sensitive Shopper,Frustrated Customer,Low,Cart_Abandonment_Rate,Age,Customer_Service_Calls,Promotional Campaign
3979,Medium,0.8411,Price Sensitive Shopper,Frustrated Customer,Low,Cart_Abandonment_Rate,Email_Open_Rate,Customer_Service_Calls,Promotional Campaign
16002,Low,0.6335,Price Sensitive Shopper,Frustrated Customer,Minimal,Cart_Abandonment_Rate,Email_Open_Rate,Customer_Service_Calls,Sale Notification
5295,Low,0.9425,Disengaged Customer,Price Sensitive Shopper,Minimal,Cart_Abandonment_Rate,Purchase_Frequency,Email_Open_Rate,Newsletter
19091,High,0.9876,Frustrated Customer,Price Sensitive Shopper,Medium,Customer_Service_Calls,Returns_Rate,Total_Purchases,Service Recovery Campaign
43052,IMP,0.9925,Frustrated Customer,Price Sensitive Shopper,High,Customer_Service_Calls,Total_Purchases,LTV_Per_Purchase,Priority Support | Service Recovery Campaign
27130,High,0.9426,Frustrated Customer,Price Sensitive Shopper,Medium,Customer_Service_Calls,Flag_Missing,Average_Order_Value,Service Recovery Campaign
49765,Low,0.9571,Frustrated Customer,Price Sensitive Shopper,Minimal,Purchase_Frequency,Returns_Rate,Cart_Abandonment_Rate,Feedback Request
9545,Medium,0.4166,Price Sensitive Shopper,Frustrated Customer,Low,Cart_Abandonment_Rate,Email_Open_Rate,Customer_Service_Calls,Promotional Campaign
36351,Low,0.848,Disengaged Customer,Frustrated Customer,Minimal,Email_Open_Rate,Age,Cart_Abandonment_Rate,Newsletter
49370,High,0.9994,Price Sensitive Shopper,Frustrated Customer,Medium,Age,Customer_Service_Calls,Discount_Usage_Rate,Targeted Coupon
5853,High,0.9896,Frustrated Customer,Dormant Customer,Medium,Customer_Service_Calls,Days_Since_Last_Purchase,Returns_Rate,Service Recovery Campaign
12099,Low,0.7403,Price Sensitive Shopper,Disengaged Customer,Minimal,Cart_Abandonment_Rate,Email_Open_Rate,Customer_Service_Calls,Sale Notification
10578,IMP,0.9925,Frustrated Customer,Price Sensitive Shopper,High,Customer_Service_Calls,Discount_Usage_Rate,Credit_Balance,Priority Support | Service Recovery Campaign
23960,Low,0.7844,Frustrated Customer,Disengaged Customer,Minimal,Customer_Service_Calls,Email_Open_Rate,Returns_Rate,Feedback Request
11549,High,0.993,Frustrated Customer,Dormant Customer,Medium,Customer_Service_Calls,Returns_Rate,Login_Frequency,Service Recovery Campaign
25674,High,0.985,Frustrated Customer,Dormant Customer,Medium,Customer_Service_Calls,Age,Days_Since_Last_Purchase,Service Recovery Campaign
29899,High,0.9799,Frustrated Customer,Price Sensitive Shopper,Medium,Customer_Service_Calls,Returns_Rate,Purchase_Frequency,Service Recovery Campaign
35010,High,0.9655,Frustrated Customer,Dormant Customer,Medium,Customer_Service_Calls,Discount_Usage_Rate,Days_Since_Last_Purchase,Service Recovery Campaign
48702,Low,0.8622,Disengaged Customer,Dormant Customer,Minimal,Cart_Abandonment_Rate,Purchase_Frequency,Days_Since_Last_Purchase,Newsletter
9281,VIP,0.9932,Frustrated Customer,Price Sensitive Shopper,Critical,Customer_Service_Calls,LTV_Per_Purchase,Average_Order_Value,Dedicated Customer Success Outreach | Priority Support | Returns Experience Review
22714,High,0.9817,Frustrated Customer,Price Sensitive Shopper,Medium,Customer_Service_Calls,Discount_Usage_Rate,Total_Purchases,Service Recovery Campaign
3628,Low,0.5983,Frustrated Customer,Disengaged Customer,Minimal,Customer_Service_Calls,Returns_Rate,Email_Open_Rate,Feedback Request
10512,Low,0.6081,Frustrated Customer,Disengaged Customer,Minimal,Email_Open_Rate,Cart_Abandonment_Rate,Returns_Rate,Feedback Request
9175,Low,0.6211,Price Sensitive Shopper,Dormant Customer,Minimal,Cart_Abandonment_Rate,Purchase_Frequency,Days_Since_Last_Purchase,Sale Notification
33301,Medium,0.9909,Price Sensitive Shopper,Frustrated Customer,Low,Age,Discount_Usage_Rate,Cart_Abandonment_Rate,Promotional Campaign
5867,High,0.9939,Frustrated Customer,Price Sensitive Shopper,Medium,Customer_Service_Calls,Total_Purchases,LTV_Per_Purchase,Service Recovery Campaign
36579,Medium,0.9889,Price Sensitive Shopper,Disengaged Customer,Low,Age,Discount_Usage_Rate,Total_Purchases,Promotional Campaign
6282,Low,0.946,Frustrated Customer,Disengaged Customer,Minimal,Cart_Abandonment_Rate,Returns_Rate,Email_Open_Rate,Feedback Request
23007,High,0.9859,Frustrated Customer,Price Sensitive Shopper,Medium,Customer_Service_Calls,Total_Purchases,Average_Order_Value,Service Recovery Campaign
32237,Low,0.9595,Price Sensitive Shopper,Disengaged Customer,Minimal,Cart_Abandonment_Rate,Email_Open_Rate,Customer_Service_Calls,Sale Notification
43305,Low,0.9776,Price Sensitive Shopper,Disengaged Customer,Minimal,Cart_Abandonment_Rate,Email_Open_Rate,Customer_Service_Calls,Sale Notification
29941,Medium,0.4198,Price Sensitive Shopper,Frustrated Customer,Low,Cart_Abandonment_Rate,Customer_Service_Calls,Product_Reviews_Written,Promotional Campaign
44313,High,0.9901,Frustrated Customer,Price Sensitive Shopper,Medium,Customer_Service_Calls,Discount_Usage_Rate,Total_Purchases,Service Recovery Campaign
13925,Medium,0.9256,Dormant Customer,Price Sensitive Shopper,Low,Purchase_Frequency,Cart_Abandonment_Rate,Days_Since_Last_Purchase,Automated Re-engagement Email
8216,High,0.9902,Frustrated Customer,Price Sensitive Shopper,Medium,Customer_Service_Calls,LTV_Per_Purchase,Total_Purchases,Service Recovery Campaign
3178,Low,0.6806,Disengaged Customer,Price Sensitive Shopper,Minimal,Cart_Abandonment_Rate,Email_Open_Rate,Returns_Rate,Newsletter
18743,High,0.9919,Frustrated Customer,Price Sensitive Shopper,Medium,Customer_Service_Calls,Returns_Rate,LTV_Per_Purchase,Service Recovery Campaign
815,Medium,0.9475,Price Sensitive Shopper,Dormant Customer,Low,Age,Discount_Usage_Rate,Cart_Abandonment_Rate,Promotional Campaign
15457,Low,0.9745,Disengaged Customer,Price Sensitive Shopper,Minimal,Cart_Abandonment_Rate,Purchase_Frequency,Email_Open_Rate,Newsletter
28741,High,0.9887,Frustrated Customer,Disengaged Customer,Medium,Customer_Service_Calls,Email_Open_Rate,Cart_Abandonment_Rate,Service Recovery Campaign
5370,High,0.9716,Frustrated Customer,Disengaged Customer,Medium,Customer_Service_Calls,Age,Average_Order_Value,Service Recovery Campaign
49771,Medium,0.7897,Disengaged Customer,Price Sensitive Shopper,Low,Cart_Abandonment_Rate,Email_Open_Rate,Customer_Service_Calls,Re-engagement Email
4413,Low,0.8876,Dormant Customer,Price Sensitive Shopper,Minimal,Cart_Abandonment_Rate,Purchase_Frequency,Age,Newsletter Reminder
10534,VIP,0.9768,Price Sensitive Shopper,Dormant Customer,Critical,Age,Discount_Usage_Rate,LTV_Per_Purchase,VIP Loyalty Rewards | Exclusive Discount Access
49212,IMP,0.9926,Frustrated Customer,Price Sensitive Shopper,High,Customer_Service_Calls,Discount_Usage_Rate,Total_Purchases,Priority Support | Service Recovery Campaign
33797,Low,0.9384,Disengaged Customer,Frustrated Customer,Minimal,Email_Open_Rate,Age,Session_Duration_Avg,Newsletter
34741,IMP,0.9925,Frustrated Customer,Disengaged Customer,High,Customer_Service_Calls,Total_Purchases,Mobile_App_Usage,Priority Support | Service Recovery Campaign
2358,High,0.9911,Price Sensitive Shopper,Frustrated Customer,Medium,Age,Discount_Usage_Rate,Total_Purchases,Targeted Coupon
4803,Low,0.5546,Disengaged Customer,Price Sensitive Shopper,Minimal,Cart_Abandonment_Rate,Email_Open_Rate,Customer_Service_Calls,Newsletter
28844,Medium,0.8522,Price Sensitive Shopper,Disengaged Customer,Low,Purchase_Frequency,Cart_Abandonment_Rate,Days_Since_Last_Purchase,Promotional Campaign
38657,Medium,0.6266,Price Sensitive Shopper,Disengaged Customer,Low,Cart_Abandonment_Rate,Login_Frequency,Discount_Usage_Rate,Promotional Campaign
3724,High,0.993,Frustrated Customer,Price Sensitive Shopper,Medium,Customer_Service_Calls,Total_Purchases,Average_Order_Value,Service Recovery Campaign
7612,High,0.988,Frustrated Customer,Price Sensitive Shopper,Medium,Customer_Service_Calls,Discount_Usage_Rate,Total_Purchases,Service Recovery Campaign
11441,Low,0.9672,Disengaged Customer,Price Sensitive Shopper,Minimal,Purchase_Frequency,Cart_Abandonment_Rate,Email_Open_Rate,Newsletter
31473,IMP,0.984,Frustrated Customer,Disengaged Customer,High,Customer_Service_Calls,Total_Purchases,LTV_Per_Purchase,Priority Support | Service Recovery Campaign
21074,IMP,0.993,Frustrated Customer,Price Sensitive Shopper,High,Customer_Service_Calls,Total_Purchases,LTV_Per_Purchase,Priority Support | Service Recovery Campaign
32740,Medium,0.9526,Price Sensitive Shopper,Disengaged Customer,Low,Cart_Abandonment_Rate,Email_Open_Rate,Purchase_Frequency,Promotional Campaign
3158,High,0.9727,Frustrated Customer,Price Sensitive Shopper,Medium,Customer_Service_Calls,Discount_Usage_Rate,LTV_Per_Purchase,Service Recovery Campaign
32584,High,0.9931,Frustrated Customer,Dormant Customer,Medium,Customer_Service_Calls,Total_Purchases,LTV_Per_Purchase,Service Recovery Campaign
4795,IMP,0.9895,Price Sensitive Shopper,Disengaged Customer,High,Age,Discount_Usage_Rate,Gender,Loyalty Rewards | Targeted Coupon
22552,High,0.9766,Frustrated Customer,Disengaged Customer,Medium,Customer_Service_Calls,Returns_Rate,Total_Purchases,Service Recovery Campaign
23575,IMP,0.9909,Frustrated Customer,Dormant Customer,High,Customer_Service_Calls,LTV_Per_Purchase,Total_Purchases,Priority Support | Service Recovery Campaign
39685,Medium,0.8383,Disengaged Customer,Frustrated Customer,Low,Email_Open_Rate,Customer_Service_Calls,Mobile_App_Usage,Re-engagement Email
43254,Medium,0.9277,Frustrated Customer,Disengaged Customer,Low,Customer_Service_Calls,Email_Open_Rate,Cart_Abandonment_Rate,Customer Feedback Survey
12127,High,0.4059,Price Sensitive Shopper,Disengaged Customer,Medium,Cart_Abandonment_Rate,Discount_Usage_Rate,Purchase_Frequency,Targeted Coupon
33829,Medium,0.5437,Frustrated Customer,Price Sensitive Shopper,Low,Customer_Service_Calls,Cart_Abandonment_Rate,Purchase_Frequency,Customer Feedback Survey
24336,High,0.9914,Frustrated Customer,Disengaged Customer,Medium,Customer_Service_Calls,Returns_Rate,Total_Purchases,Service Recovery Campaign
41393,IMP,0.9885,Frustrated Customer,Dormant Customer,High,Customer_Service_Calls,LTV_Per_Purchase,Total_Purchases,Priority Support | Service Recovery Campaign
12854,Low,0.958,Price Sensitive Shopper,Dormant Customer,Minimal,Cart_Abandonment_Rate,Customer_Service_Calls,Purchase_Frequency,Sale Notification
33101,High,0.9896,Frustrated Customer,Disengaged Customer,Medium,Customer_Service_Calls,Total_Purchases,Average_Order_Value,Service Recovery Campaign
26258,IMP,0.9853,Frustrated Customer,Price Sensitive Shopper,High,Customer_Service_Calls,Discount_Usage_Rate,LTV_Per_Purchase,Priority Support | Service Recovery Campaign
20337,Medium,0.9597,Price Sensitive Shopper,Disengaged Customer,Low,Cart_Abandonment_Rate,Email_Open_Rate,Customer_Service_Calls,Promotional Campaign
11323,High,0.9864,Frustrated Customer,Price Sensitive Shopper,Medium,Customer_Service_Calls,LTV_Per_Purchase,Flag_Missing,Service Recovery Campaign
49097,Medium,0.9428,Price Sensitive Shopper,Disengaged Customer,Low,Age,Discount_Usage_Rate,Email_Open_Rate,Promotional Campaign
27191,Low,0.8057,Price Sensitive Shopper,Frustrated Customer,Minimal,Cart_Abandonment_Rate,Purchase_Frequency,Customer_Service_Calls,Sale Notification
36694,Low,0.7276,Frustrated Customer,Disengaged Customer,Minimal,Cart_Abandonment_Rate,Wishlist_Items,Email_Open_Rate,Feedback Request
16841,High,0.9895,Frustrated Customer,Price Sensitive Shopper,Medium,Customer_Service_Calls,Discount_Usage_Rate,Total_Purchases,Service Recovery Campaign
39288,IMP,0.9999,Frustrated Customer,Price Sensitive Shopper,High,Age,Discount_Usage_Rate,Customer_Service_Calls,Priority Support | Service Recovery Campaign
2497,Low,0.9808,Disengaged Customer,Price Sensitive Shopper,Minimal,Cart_Abandonment_Rate,Customer_Service_Calls,Purchase_Frequency,Newsletter
15734,Low,0.9818,Disengaged Customer,Frustrated Customer,Minimal,Cart_Abandonment_Rate,Purchase_Frequency,Email_Open_Rate,Newsletter
44218,High,0.9901,Frustrated Customer,Price Sensitive Shopper,Medium,Customer_Service_Calls,Returns_Rate,LTV_Per_Purchase,Service Recovery Campaign
28086,High,0.99,Frustrated Customer,Dormant Customer,Medium,Customer_Service_Calls,LTV_Per_Purchase,Credit_Balance,Service Recovery Campaign
21739,Medium,0.9839,Price Sensitive Shopper,Frustrated Customer,Low,Age,Discount_Usage_Rate,Returns_Rate,Promotional Campaign
24229,Medium,0.8114,Frustrated Customer,Dormant Customer,Low,Returns_Rate,Purchase_Frequency,Age,Customer Feedback Survey
19163,High,0.9871,Frustrated Customer,Dormant Customer,Medium,Customer_Service_Calls,Days_Since_Last_Purchase,Average_Order_Value,Service Recovery Campaign
15119,High,0.5674,Dormant Customer,Disengaged Customer,Medium,Days_Since_Last_Purchase,Purchase_Frequency,Email_Open_Rate,Win-back Campaign | Personalized Product Recommendations
9539,Medium,0.4585,Disengaged Customer,Frustrated Customer,Low,Email_Open_Rate,Customer_Service_Calls,Product_Reviews_Written,Re-engagement Email
12424,IMP,0.9918,Frustrated Customer,Dormant Customer,High,Customer_Service_Calls,Returns_Rate,LTV_Per_Purchase,Priority Support | Service Recovery Campaign
16321,High,0.9863,Price Sensitive Shopper,Disengaged Customer,Medium,Age,Discount_Usage_Rate,Total_Purchases,Targeted Coupon
25705,Medium,0.9995,Price Sensitive Shopper,Disengaged Customer,Low,Age,Cart_Abandonment_Rate,Discount_Usage_Rate,Promotional Campaign
41323,Medium,0.9829,Price Sensitive Shopper,Frustrated Customer,Low,Age,Discount_Usage_Rate,Returns_Rate,Promotional Campaign
41853,High,0.9896,Frustrated Customer,Price Sensitive Shopper,Medium,Customer_Service_Calls,Total_Purchases,LTV_Per_Purchase,Service Recovery Campaign
34984,IMP,0.9943,Frustrated Customer,Price Sensitive Shopper,High,Customer_Service_Calls,Total_Purchases,Membership_Years,Priority Support | Service Recovery Campaign
16512,Low,0.8907,Price Sensitive Shopper,Dormant Customer,Minimal,Cart_Abandonment_Rate,Purchase_Frequency,Product_Reviews_Written,Sale Notification
33819,Medium,0.9391,Frustrated Customer,Disengaged Customer,Low,Returns_Rate,Cart_Abandonment_Rate,Purchase_Frequency,Customer Feedback Survey
39067,High,0.9889,Frustrated Customer,Price Sensitive Shopper,Medium,Customer_Service_Calls,Total_Purchases,Engagement_Score,Service Recovery Campaign
49699,High,0.9903,Frustrated Customer,Price Sensitive Shopper,Medium,Customer_Service_Calls,Discount_Usage_Rate,Total_Purchases,Service Recovery Campaign
47718,Medium,0.9603,Price Sensitive Shopper,Disengaged Customer,Low,Age,Discount_Usage_Rate,Email_Open_Rate,Promotional Campaign
25428,Low,0.6854,Price Sensitive Shopper,Disengaged Customer,Minimal,Cart_Abandonment_Rate,Email_Open_Rate,Discount_Usage_Rate,Sale Notification
42291,High,0.9904,Frustrated Customer,Price Sensitive Shopper,Medium,Customer_Service_Calls,LTV_Per_Purchase,Total_Purchases,Service Recovery Campaign
46274,Low,0.7181,Frustrated Customer,Disengaged Customer,Minimal,Customer_Service_Calls,Cart_Abandonment_Rate,Pages_Per_Session,Feedback Request
40237,Medium,0.6256,Price Sensitive Shopper,Frustrated Customer,Low,Cart_Abandonment_Rate,Customer_Service_Calls,Email_Open_Rate,Promotional Campaign
15695,Low,0.6665,Disengaged Customer,Dormant Customer,Minimal,Purchase_Frequency,Days_Since_Last_Purchase,Customer_Service_Calls,Newsletter
17005,Low,0.9417,Frustrated Customer,Price Sensitive Shopper,Minimal,Age,Discount_Usage_Rate,Returns_Rate,Feedback Request
22485,Low,0.9892,Disengaged Customer,Frustrated Customer,Minimal,Cart_Abandonment_Rate,Purchase_Frequency,Customer_Service_Calls,Newsletter
33641,Low,0.9355,Price Sensitive Shopper,Disengaged Customer,Minimal,Cart_Abandonment_Rate,Customer_Service_Calls,Email_Open_Rate,Sale Notification
5777,Low,0.944,Disengaged Customer,Price Sensitive Shopper,Minimal,Cart_Abandonment_Rate,Customer_Service_Calls,Email_Open_Rate,Newsletter
4123,High,0.9922,Frustrated Customer,Disengaged Customer,Medium,Customer_Service_Calls,Total_Purchases,Social_Media_Engagement_Score,Service Recovery Campaign
2302,Medium,0.4435,Price Sensitive Shopper,Frustrated Customer,Low,Cart_Abandonment_Rate,Customer_Service_Calls,Credit_Balance,Promotional Campaign
5056,Medium,0.9568,Price Sensitive Shopper,Disengaged Customer,Low,Purchase_Frequency,Cart_Abandonment_Rate,Customer_Service_Calls,Promotional Campaign
49151,Medium,0.5173,Frustrated Customer,Disengaged Customer,Low,Purchase_Frequency,Email_Open_Rate,Returns_Rate,Customer Feedback Survey
18569,High,0.9888,Frustrated Customer,Dormant Customer,Medium,Customer_Service_Calls,Gender,Total_Purchases,Service Recovery Campaign
45752,Low,0.939,Price Sensitive Shopper,Dormant Customer,Minimal,Purchase_Frequency,Cart_Abandonment_Rate,Days_Since_Last_Purchase,Sale Notification
2157,Low,0.9374,Frustrated Customer,Price Sensitive Shopper,Minimal,Cart_Abandonment_Rate,Returns_Rate,Customer_Service_Calls,Feedback Request
37538,High,0.9859,Frustrated Customer,Price Sensitive Shopper,Medium,Customer_Service_Calls,Returns_Rate,Discount_Usage_Rate,Service Recovery Campaign
1780,High,0.9901,Price Sensitive Shopper,Disengaged Customer,Medium,Age,Discount_Usage_Rate,Total_Purchases,Targeted Coupon
43955,Medium,0.9738,Price Sensitive Shopper,Frustrated Customer,Low,Age,Discount_Usage_Rate,Customer_Service_Calls,Promotional Campaign
24955,IMP,0.9896,Frustrated Customer,Dormant Customer,High,Customer_Service_Calls,Age,Days_Since_Last_Purchase,Priority Support | Service Recovery Campaign
1238,Medium,0.7519,Price Sensitive Shopper,Frustrated Customer,Low,Cart_Abandonment_Rate,Customer_Service_Calls,Pages_Per_Session,Promotional Campaign
22895,High,0.9982,Frustrated Customer,Price Sensitive Shopper,Medium,Customer_Service_Calls,Cart_Abandonment_Rate,Returns_Rate,Service Recovery Campaign
26587,Medium,0.8128,Price Sensitive Shopper,Disengaged Customer,Low,Cart_Abandonment_Rate,Email_Open_Rate,Age,Promotional Campaign
49053,Low,0.9743,Disengaged Customer,Price Sensitive Shopper,Minimal,Cart_Abandonment_Rate,Purchase_Frequency,Days_Since_Last_Purchase,Newsletter
3267,Medium,0.8787,Price Sensitive Shopper,Disengaged Customer,Low,Cart_Abandonment_Rate,Email_Open_Rate,Mobile_App_Usage,Promotional Campaign
3801,Medium,0.9905,Price Sensitive Shopper,Frustrated Customer,Low,Age,Discount_Usage_Rate,Customer_Service_Calls,Promotional Campaign
8574,High,0.8601,Frustrated Customer,Price Sensitive Shopper,Medium,Customer_Service_Calls,Returns_Rate,Total_Purchases,Service Recovery Campaign
39241,High,0.9987,Price Sensitive Shopper,Frustrated Customer,Medium,Age,Discount_Usage_Rate,Customer_Service_Calls,Targeted Coupon
42793,High,0.9875,Frustrated Customer,Disengaged Customer,Medium,Customer_Service_Calls,Age,Total_Purchases,Service Recovery Campaign
6648,Low,0.9101,Dormant Customer,Price Sensitive Shopper,Minimal,Cart_Abandonment_Rate,Days_Since_Last_Purchase,Customer_Service_Calls,Newsletter Reminder
39708,Medium,0.8916,Disengaged Customer,Dormant Customer,Low,Cart_Abandonment_Rate,Purchase_Frequency,Days_Since_Last_Purchase,Re-engagement Email
39978,High,0.8155,Frustrated Customer,Price Sensitive Shopper,Medium,Customer_Service_Calls,Discount_Usage_Rate,Average_Order_Value,Service Recovery Campaign
44172,Low,0.9031,Price Sensitive Shopper,Disengaged Customer,Minimal,Cart_Abandonment_Rate,Email_Open_Rate,Purchase_Frequency,Sale Notification
14931,IMP,0.9836,Price Sensitive Shopper,Dormant Customer,High,Age,Discount_Usage_Rate,Total_Purchases,Loyalty Rewards | Targeted Coupon
41976,Low,0.8896,Disengaged Customer,Frustrated Customer,Minimal,Purchase_Frequency,Email_Open_Rate,Customer_Service_Calls,Newsletter
24561,IMP,0.9938,Frustrated Customer,Dormant Customer,High,Customer_Service_Calls,Credit_Balance,Total_Purchases,Priority Support | Service Recovery Campaign
21996,Low,0.9755,Price Sensitive Shopper,Frustrated Customer,Minimal,Age,Discount_Usage_Rate,Customer_Service_Calls,Sale Notification
49074,IMP,0.9864,Frustrated Customer,Price Sensitive Shopper,High,Customer_Service_Calls,Age,LTV_Per_Purchase,Priority Support | Service Recovery Campaign
15453,High,0.9782,Frustrated Customer,Dormant Customer,Medium,Customer_Service_Calls,Returns_Rate,Total_Purchases,Service Recovery Campaign
17963,Medium,0.99,Frustrated Customer,Disengaged Customer,Low,Cart_Abandonment_Rate,Returns_Rate,Customer_Service_Calls,Customer Feedback Survey
7129,High,0.9882,Frustrated Customer,Dormant Customer,Medium,Customer_Service_Calls,Days_Since_Last_Purchase,Total_Purchases,Service Recovery Campaign
20840,Low,0.9757,Price Sensitive Shopper,Dormant Customer,Minimal,Cart_Abandonment_Rate,Purchase_Frequency,Days_Since_Last_Purchase,Sale Notification
1716,High,0.9908,Frustrated Customer,Disengaged Customer,Medium,Customer_Service_Calls,Wishlist_Items,LTV_Per_Purchase,Service Recovery Campaign
37779,Medium,0.977,Price Sensitive Shopper,Dormant Customer,Low,Purchase_Frequency,Cart_Abandonment_Rate,Customer_Service_Calls,Promotional Campaign
34896,Low,0.7472,Price Sensitive Shopper,Disengaged Customer,Minimal,Cart_Abandonment_Rate,Pages_Per_Session,Login_Frequency,Sale Notification
29852,IMP,0.9928,Frustrated Customer,Dormant Customer,High,Customer_Service_Calls,LTV_Per_Purchase,Total_Purchases,Priority Support | Service Recovery Campaign
46887,High,0.9743,Frustrated Customer,Dormant Customer,Medium,Customer_Service_Calls,Discount_Usage_Rate,Days_Since_Last_Purchase,Service Recovery Campaign
20322,Low,0.9621,Frustrated Customer,Price Sensitive Shopper,Minimal,Cart_Abandonment_Rate,Customer_Service_Calls,Purchase_Frequency,Feedback Request
49743,Low,0.9987,Price Sensitive Shopper,Disengaged Customer,Minimal,Cart_Abandonment_Rate,Age,Discount_Usage_Rate,Sale Notification
19309,Medium,0.9804,Price Sensitive Shopper,Dormant Customer,Low,Age,Discount_Usage_Rate,Days_Since_Last_Purchase,Promotional Campaign
39617,High,0.9665,Frustrated Customer,Dormant Customer,Medium,Customer_Service_Calls,Age,LTV_Per_Purchase,Service Recovery Campaign
6204,Low,0.9697,Frustrated Customer,Price Sensitive Shopper,Minimal,Age,Discount_Usage_Rate,Returns_Rate,Feedback Request
43867,Medium,0.4215,Dormant Customer,Frustrated Customer,Low,Purchase_Frequency,Customer_Service_Calls,Days_Since_Last_Purchase,Automated Re-engagement Email
3601,IMP,0.9903,Frustrated Customer,Price Sensitive Shopper,High,Customer_Service_Calls,Discount_Usage_Rate,Returns_Rate,Priority Support | Service Recovery Campaign
42753,Low,0.9102,Disengaged Customer,Frustrated Customer,Minimal,Email_Open_Rate,Customer_Service_Calls,Cart_Abandonment_Rate,Newsletter
39671,Low,0.683,Price Sensitive Shopper,Disengaged Customer,Minimal,Cart_Abandonment_Rate,Customer_Service_Calls,Pages_Per_Session,Sale Notification
8232,Low,0.9938,Price Sensitive Shopper,Disengaged Customer,Minimal,Age,Discount_Usage_Rate,Cart_Abandonment_Rate,Sale Notification
49317,IMP,0.4191,Price Sensitive Shopper,Dormant Customer,High,Cart_Abandonment_Rate,Days_Since_Last_Purchase,Login_Frequency,Loyalty Rewards | Targeted Coupon
34340,High,0.9849,Frustrated Customer,Disengaged Customer,Medium,Customer_Service_Calls,Email_Open_Rate,Days_Since_Last_Purchase,Service Recovery Campaign
11201,Medium,0.9899,Price Sensitive Shopper,Disengaged Customer,Low,Age,Discount_Usage_Rate,Total_Purchases,Promotional Campaign
4294,Low,0.9399,Frustrated Customer,Disengaged Customer,Minimal,Cart_Abandonment_Rate,Returns_Rate,Email_Open_Rate,Feedback Request
19251,High,0.97,Price Sensitive Shopper,Dormant Customer,Medium,Age,Discount_Usage_Rate,Total_Purchases,Targeted Coupon
7309,Medium,0.9622,Price Sensitive Shopper,Dormant Customer,Low,Purchase_Frequency,Days_Since_Last_Purchase,Cart_Abandonment_Rate,Promotional Campaign
10214,Low,0.9776,Disengaged Customer,Dormant Customer,Minimal,Purchase_Frequency,Email_Open_Rate,Age,Newsletter
47040,IMP,0.9653,Frustrated Customer,Price Sensitive Shopper,High,Customer_Service_Calls,Average_Order_Value,Total_Purchases,Priority Support | Service Recovery Campaign
14594,Low,0.9867,Price Sensitive Shopper,Frustrated Customer,Minimal,Age,Discount_Usage_Rate,Returns_Rate,Sale Notification
47110,Medium,0.9902,Price Sensitive Shopper,Disengaged Customer,Low,Age,Discount_Usage_Rate,Pages_Per_Session,Promotional Campaign
46981,Medium,0.9756,Price Sensitive Shopper,Dormant Customer,Low,Age,Discount_Usage_Rate,Purchase_Frequency,Promotional Campaign
14717,High,0.9871,Frustrated Customer,Price Sensitive Shopper,Medium,Customer_Service_Calls,Total_Purchases,Average_Order_Value,Service Recovery Campaign
45430,Medium,0.4945,Price Sensitive Shopper,Disengaged Customer,Low,Cart_Abandonment_Rate,Email_Open_Rate,Product_Reviews_Written,Promotional Campaign
21093,Low,0.9089,Disengaged Customer,Frustrated Customer,Minimal,Cart_Abandonment_Rate,Email_Open_Rate,Customer_Service_Calls,Newsletter
48380,Medium,0.9759,Price Sensitive Shopper,Frustrated Customer,Low,Age,Discount_Usage_Rate,Customer_Service_Calls,Promotional Campaign
6074,High,0.9886,Frustrated Customer,Price Sensitive Shopper,Medium,Customer_Service_Calls,Discount_Usage_Rate,LTV_Per_Purchase,Service Recovery Campaign
40250,Medium,0.9734,Price Sensitive Shopper,Frustrated Customer,Low,Age,Discount_Usage_Rate,Customer_Service_Calls,Promotional Campaign
40197,High,0.9918,Frustrated Customer,Dormant Customer,Medium,Customer_Service_Calls,LTV_Per_Purchase,Average_Order_Value,Service Recovery Campaign
4498,Medium,0.8326,Price Sensitive Shopper,Frustrated Customer,Low,Cart_Abandonment_Rate,Customer_Service_Calls,Age,Promotional Campaign
40448,Low,0.7711,Price Sensitive Shopper,Frustrated Customer,Minimal,Purchase_Frequency,Cart_Abandonment_Rate,Customer_Service_Calls,Sale Notification
42325,Medium,0.9825,Price Sensitive Shopper,Disengaged Customer,Low,Cart_Abandonment_Rate,Purchase_Frequency,Customer_Service_Calls,Promotional Campaign
8692,Medium,0.9335,Dormant Customer,Price Sensitive Shopper,Low,Cart_Abandonment_Rate,Purchase_Frequency,Days_Since_Last_Purchase,Automated Re-engagement Email
9626,IMP,0.9874,Frustrated Customer,Price Sensitive Shopper,High,Customer_Service_Calls,Discount_Usage_Rate,Total_Purchases,Priority Support | Service Recovery Campaign
37308,Low,0.9505,Disengaged Customer,Price Sensitive Shopper,Minimal,Cart_Abandonment_Rate,Purchase_Frequency,Email_Open_Rate,Newsletter
37133,Low,0.983,Disengaged Customer,Price Sensitive Shopper,Minimal,Cart_Abandonment_Rate,Email_Open_Rate,Purchase_Frequency,Newsletter
23768,IMP,0.9905,Frustrated Customer,Price Sensitive Shopper,High,Customer_Service_Calls,Age,LTV_Per_Purchase,Priority Support | Service Recovery Campaign
33333,Medium,0.9851,Price Sensitive Shopper,Disengaged Customer,Low,Age,Discount_Usage_Rate,Customer_Service_Calls,Promotional Campaign
37998,IMP,0.9889,Frustrated Customer,Price Sensitive Shopper,High,Customer_Service_Calls,Discount_Usage_Rate,LTV_Per_Purchase,Priority Support | Service Recovery Campaign
8877,Medium,0.5827,Disengaged Customer,Frustrated Customer,Low,Purchase_Frequency,Days_Since_Last_Purchase,Age,Re-engagement Email
38520,IMP,0.998,Frustrated Customer,Price Sensitive Shopper,High,Customer_Service_Calls,Age,Discount_Usage_Rate,Priority Support | Service Recovery Campaign
42082,Low,0.9754,Disengaged Customer,Price Sensitive Shopper,Minimal,Cart_Abandonment_Rate,Email_Open_Rate,Customer_Service_Calls,Newsletter
16593,High,0.9857,Frustrated Customer,Dormant Customer,Medium,Customer_Service_Calls,Age,Returns_Rate,Service Recovery Campaign
20375,Medium,0.9786,Disengaged Customer,Frustrated Customer,Low,Cart_Abandonment_Rate,Customer_Service_Calls,Email_Open_Rate,Re-engagement Email
16264,High,0.9753,Frustrated Customer,Price Sensitive Shopper,Medium,Customer_Service_Calls,Discount_Usage_Rate,Total_Purchases,Service Recovery Campaign
9624,Low,0.691,Disengaged Customer,Frustrated Customer,Minimal,Age,Email_Open_Rate,Customer_Service_Calls,Newsletter
8068,High,0.9925,Frustrated Customer,Dormant Customer,Medium,Customer_Service_Calls,Total_Purchases,Average_Order_Value,Service Recovery Campaign
15125,High,0.9811,Frustrated Customer,Price Sensitive Shopper,Medium,Customer_Service_Calls,Discount_Usage_Rate,Email_Open_Rate,Service Recovery Campaign
41294,High,0.9888,Frustrated Customer,Dormant Customer,Medium,Customer_Service_Calls,Total_Purchases,Flag_Missing,Service Recovery Campaign
15412,Medium,0.4201,Frustrated Customer,Dormant Customer,Low,Purchase_Frequency,Days_Since_Last_Purchase,Customer_Service_Calls,Customer Feedback Survey
10119,Low,0.6965,Frustrated Customer,Disengaged Customer,Minimal,Customer_Service_Calls,Email_Open_Rate,Returns_Rate,Feedback Request
16673,Low,0.9663,Disengaged Customer,Dormant Customer,Minimal,Days_Since_Last_Purchase,Purchase_Frequency,Returns_Rate,Newsletter
23907,IMP,0.9798,Price Sensitive Shopper,Dormant Customer,High,Age,Discount_Usage_Rate,Total_Purchases,Loyalty Rewards | Targeted Coupon
18716,Low,0.9847,Price Sensitive Shopper,Frustrated Customer,Minimal,Purchase_Frequency,Cart_Abandonment_Rate,Customer_Service_Calls,Sale Notification
48421,High,0.989,Frustrated Customer,Price Sensitive Shopper,Medium,Customer_Service_Calls,Total_Purchases,Flag_Missing,Service Recovery Campaign
31727,Medium,0.4008,Disengaged Customer,Frustrated Customer,Low,Purchase_Frequency,Days_Since_Last_Purchase,Customer_Service_Calls,Re-engagement Email
24039,Low,0.9962,Price Sensitive Shopper,Frustrated Customer,Minimal,Age,Discount_Usage_Rate,Cart_Abandonment_Rate,Sale Notification
35360,High,0.9875,Frustrated Customer,Disengaged Customer,Medium,Customer_Service_Calls,Total_Purchases,Returns_Rate,Service Recovery Campaign
4502,High,0.9849,Frustrated Customer,Price Sensitive Shopper,Medium,Customer_Service_Calls,Age,Login_Frequency,Service Recovery Campaign
33109,Low,0.954,Price Sensitive Shopper,Disengaged Customer,Minimal,Cart_Abandonment_Rate,Customer_Service_Calls,Mobile_App_Usage,Sale Notification
39666,Medium,0.9711,Price Sensitive Shopper,Dormant Customer,Low,Cart_Abandonment_Rate,Purchase_Frequency,Days_Since_Last_Purchase,Promotional Campaign
33435,High,0.989,Frustrated Customer,Price Sensitive Shopper,Medium,Customer_Service_Calls,Discount_Usage_Rate,Total_Purchases,Service Recovery Campaign
43938,Low,0.9617,Disengaged Customer,Price Sensitive Shopper,Minimal,Cart_Abandonment_Rate,Purchase_Frequency,Email_Open_Rate,Newsletter
7960,Low,0.7437,Price Sensitive Shopper,Disengaged Customer,Minimal,Cart_Abandonment_Rate,Pages_Per_Session,Email_Open_Rate,Sale Notification
15653,Medium,0.6996,Disengaged Customer,Price Sensitive Shopper,Low,Cart_Abandonment_Rate,Email_Open_Rate,Mobile_App_Usage,Re-engagement Email
37107,Low,0.9616,Price Sensitive Shopper,Disengaged Customer,Minimal,Cart_Abandonment_Rate,Email_Open_Rate,Purchase_Frequency,Sale Notification
21651,Low,0.9438,Disengaged Customer,Price Sensitive Shopper,Minimal,Cart_Abandonment_Rate,Purchase_Frequency,Email_Open_Rate,Newsletter
1063,Low,0.766,Disengaged Customer,Price Sensitive Shopper,Minimal,Email_Open_Rate,Cart_Abandonment_Rate,Age,Newsletter
30698,IMP,0.9919,Frustrated Customer,Price Sensitive Shopper,High,Customer_Service_Calls,Average_Order_Value,LTV_Per_Purchase,Priority Support | Service Recovery Campaign
44766,Low,0.5531,Frustrated Customer,Disengaged Customer,Minimal,Email_Open_Rate,Customer_Service_Calls,Pages_Per_Session,Feedback Request
39632,Medium,0.5174,Price Sensitive Shopper,Frustrated Customer,Low,Cart_Abandonment_Rate,Customer_Service_Calls,Returns_Rate,Promotional Campaign
2508,Medium,0.9799,Price Sensitive Shopper,Disengaged Customer,Low,Age,Discount_Usage_Rate,Email_Open_Rate,Promotional Campaign
49052,High,0.9906,Frustrated Customer,Disengaged Customer,Medium,Customer_Service_Calls,Age,Average_Order_Value,Service Recovery Campaign
7280,Low,0.9651,Price Sensitive Shopper,Frustrated Customer,Minimal,Cart_Abandonment_Rate,Purchase_Frequency,Email_Open_Rate,Sale Notification
1365,High,0.9798,Frustrated Customer,Price Sensitive Shopper,Medium,Customer_Service_Calls,Discount_Usage_Rate,LTV_Per_Purchase,Service Recovery Campaign
41262,Medium,0.9847,Price Sensitive Shopper,Frustrated Customer,Low,Age,Discount_Usage_Rate,Customer_Service_Calls,Promotional Campaign
42749,Low,0.9713,Price Sensitive Shopper,Frustrated Customer,Minimal,Age,Discount_Usage_Rate,Customer_Service_Calls,Sale Notification
8870,Low,0.6881,Price Sensitive Shopper,Disengaged Customer,Minimal,Cart_Abandonment_Rate,Customer_Service_Calls,Email_Open_Rate,Sale Notification
14305,Low,0.9749,Disengaged Customer,Dormant Customer,Minimal,Purchase_Frequency,Days_Since_Last_Purchase,Email_Open_Rate,Newsletter
31795,IMP,0.9869,Frustrated Customer,Price Sensitive Shopper,High,Customer_Service_Calls,Cart_Abandonment_Rate,Email_Open_Rate,Priority Support | Service Recovery Campaign
26935,High,0.9807,Frustrated Customer,Price Sensitive Shopper,Medium,Customer_Service_Calls,Returns_Rate,Total_Purchases,Service Recovery Campaign
15284,Low,0.9714,Disengaged Customer,Frustrated Customer,Minimal,Purchase_Frequency,Email_Open_Rate,Age,Newsletter
45270,Medium,0.5899,Price Sensitive Shopper,Dormant Customer,Low,Purchase_Frequency,Cart_Abandonment_Rate,Customer_Service_Calls,Promotional Campaign
3073,Low,0.6369,Price Sensitive Shopper,Frustrated Customer,Minimal,Cart_Abandonment_Rate,Returns_Rate,Customer_Service_Calls,Sale Notification
33418,Low,0.9324,Disengaged Customer,Price Sensitive Shopper,Minimal,Cart_Abandonment_Rate,Purchase_Frequency,Email_Open_Rate,Newsletter
38613,Medium,0.7515,Price Sensitive Shopper,Frustrated Customer,Low,Cart_Abandonment_Rate,Purchase_Frequency,Customer_Service_Calls,Promotional Campaign
37547,Medium,0.6639,Frustrated Customer,Price Sensitive Shopper,Low,Cart_Abandonment_Rate,Customer_Service_Calls,Returns_Rate,Customer Feedback Survey
49789,Medium,0.5836,Disengaged Customer,Dormant Customer,Low,Purchase_Frequency,Email_Open_Rate,Age,Re-engagement Email
15071,Medium,0.7413,Frustrated Customer,Disengaged Customer,Low,Email_Open_Rate,Customer_Service_Calls,Purchase_Frequency,Customer Feedback Survey
13084,High,0.9923,Frustrated Customer,Disengaged Customer,Medium,Customer_Service_Calls,Total_Purchases,LTV_Per_Purchase,Service Recovery Campaign
20278,Medium,0.9247,Price Sensitive Shopper,Frustrated Customer,Low,Age,Discount_Usage_Rate,Customer_Service_Calls,Promotional Campaign
14247,Medium,0.5928,Price Sensitive Shopper,Dormant Customer,Low,Cart_Abandonment_Rate,Purchase_Frequency,Login_Frequency,Promotional Campaign
13579,Medium,0.9746,Price Sensitive Shopper,Frustrated Customer,Low,Age,Discount_Usage_Rate,Customer_Service_Calls,Promotional Campaign
23237,Low,0.9838,Price Sensitive Shopper,Frustrated Customer,Minimal,Cart_Abandonment_Rate,Email_Open_Rate,Customer_Service_Calls,Sale Notification
18129,Low,0.6349,Frustrated Customer,Price Sensitive Shopper,Minimal,Customer_Service_Calls,Cart_Abandonment_Rate,Email_Open_Rate,Feedback Request
39570,Low,0.7134,Frustrated Customer,Price Sensitive Shopper,Minimal,Cart_Abandonment_Rate,Returns_Rate,Customer_Service_Calls,Feedback Request
20743,High,0.9899,Frustrated Customer,Dormant Customer,Medium,Customer_Service_Calls,Days_Since_Last_Purchase,LTV_Per_Purchase,Service Recovery Campaign
42895,Low,0.7259,Price Sensitive Shopper,Disengaged Customer,Minimal,Cart_Abandonment_Rate,Email_Open_Rate,Customer_Service_Calls,Sale Notification
34591,Medium,0.8738,Price Sensitive Shopper,Frustrated Customer,Low,Cart_Abandonment_Rate,Customer_Service_Calls,Purchase_Frequency,Promotional Campaign
9532,Low,0.9772,Price Sensitive Shopper,Frustrated Customer,Minimal,Age,Discount_Usage_Rate,Customer_Service_Calls,Sale Notification
30832,High,0.9813,Frustrated Customer,Price Sensitive Shopper,Medium,Customer_Service_Calls,Returns_Rate,Discount_Usage_Rate,Service Recovery Campaign
44427,Medium,0.9454,Price Sensitive Shopper,Disengaged Customer,Low,Cart_Abandonment_Rate,Days_Since_Last_Purchase,Session_Duration_Avg,Promotional Campaign
41176,High,0.9884,Frustrated Customer,Price Sensitive Shopper,Medium,Customer_Service_Calls,Discount_Usage_Rate,LTV_Per_Purchase,Service Recovery Campaign
37795,High,0.8702,Frustrated Customer,Price Sensitive Shopper,Medium,Customer_Service_Calls,Total_Purchases,Flag_Missing,Service Recovery Campaign
23415,Medium,0.9957,Price Sensitive Shopper,Frustrated Customer,Low,Age,Discount_Usage_Rate,Customer_Service_Calls,Promotional Campaign
19382,IMP,0.9933,Frustrated Customer,Price Sensitive Shopper,High,Customer_Service_Calls,Returns_Rate,Discount_Usage_Rate,Priority Support | Service Recovery Campaign
27133,IMP,0.9994,Price Sensitive Shopper,Frustrated Customer,High,Age,Customer_Service_Calls,Discount_Usage_Rate,Loyalty Rewards | Targeted Coupon
41288,Low,0.8883,Disengaged Customer,Price Sensitive Shopper,Minimal,Purchase_Frequency,Email_Open_Rate,Age,Newsletter
8479,Medium,0.9299,Price Sensitive Shopper,Dormant Customer,Low,Age,Discount_Usage_Rate,Flag_Missing,Promotional Campaign
37025,High,0.9796,Frustrated Customer,Price Sensitive Shopper,Medium,Customer_Service_Calls,Discount_Usage_Rate,Credit_Balance,Service Recovery Campaign
2170,High,0.9916,Frustrated Customer,Disengaged Customer,Medium,Customer_Service_Calls,LTV_Per_Purchase,Credit_Balance,Service Recovery Campaign
48704,Low,0.591,Frustrated Customer,Price Sensitive Shopper,Minimal,Customer_Service_Calls,Cart_Abandonment_Rate,Mobile_App_Usage,Feedback Request
41878,Low,0.9754,Disengaged Customer,Price Sensitive Shopper,Minimal,Purchase_Frequency,Cart_Abandonment_Rate,Email_Open_Rate,Newsletter
21779,High,0.9941,Frustrated Customer,Disengaged Customer,Medium,Customer_Service_Calls,Returns_Rate,Email_Open_Rate,Service Recovery Campaign
29173,High,0.9836,Frustrated Customer,Price Sensitive Shopper,Medium,Customer_Service_Calls,Returns_Rate,Discount_Usage_Rate,Service Recovery Campaign
23450,Medium,0.7985,Frustrated Customer,Disengaged Customer,Low,Purchase_Frequency,Cart_Abandonment_Rate,Customer_Service_Calls,Customer Feedback Survey
49326,Medium,0.8396,Frustrated Customer,Disengaged Customer,Low,Returns_Rate,Customer_Service_Calls,Email_Open_Rate,Customer Feedback Survey
49611,High,0.9844,Frustrated Customer,Price Sensitive Shopper,Medium,Customer_Service_Calls,LTV_Per_Purchase,Average_Order_Value,Service Recovery Campaign
38300,Low,0.5998,Dormant Customer,Price Sensitive Shopper,Minimal,Purchase_Frequency,Days_Since_Last_Purchase,Email_Open_Rate,Newsletter Reminder
46000,Medium,0.7989,Disengaged Customer,Price Sensitive Shopper,Low,Cart_Abandonment_Rate,Email_Open_Rate,Wishlist_Items,Re-engagement Email
40230,High,0.9861,Frustrated Customer,Price Sensitive Shopper,Medium,Customer_Service_Calls,Discount_Usage_Rate,Total_Purchases,Service Recovery Campaign
8072,Low,0.6797,Frustrated Customer,Dormant Customer,Minimal,Purchase_Frequency,Days_Since_Last_Purchase,Returns_Rate,Feedback Request
41046,Medium,0.7589,Dormant Customer,Price Sensitive Shopper,Low,Cart_Abandonment_Rate,Age,Customer_Service_Calls,Automated Re-engagement Email
47800,High,0.9571,Frustrated Customer,Price Sensitive Shopper,Medium,Customer_Service_Calls,Cart_Abandonment_Rate,Average_Order_Value,Service Recovery Campaign
35258,Low,0.8446,Price Sensitive Shopper,Disengaged Customer,Minimal,Cart_Abandonment_Rate,Email_Open_Rate,Wishlist_Items,Sale Notification
40410,Low,0.8132,Dormant Customer,Disengaged Customer,Minimal,Purchase_Frequency,Days_Since_Last_Purchase,Returns_Rate,Newsletter Reminder
22122,VIP,0.9903,Frustrated Customer,Price Sensitive Shopper,Critical,Customer_Service_Calls,LTV_Per_Purchase,Total_Purchases,Dedicated Customer Success Outreach | Priority Support | Returns Experience Review
41937,Low,0.6669,Price Sensitive Shopper,Disengaged Customer,Minimal,Cart_Abandonment_Rate,Email_Open_Rate,Product_Reviews_Written,Sale Notification
9504,Low,0.7348,Price Sensitive Shopper,Disengaged Customer,Minimal,Cart_Abandonment_Rate,Customer_Service_Calls,Pages_Per_Session,Sale Notification
1422,IMP,0.9901,Frustrated Customer,Price Sensitive Shopper,High,Customer_Service_Calls,Discount_Usage_Rate,Total_Purchases,Priority Support | Service Recovery Campaign
22894,IMP,0.9896,Frustrated Customer,Price Sensitive Shopper,High,Customer_Service_Calls,LTV_Per_Purchase,Total_Purchases,Priority Support | Service Recovery Campaign
27802,Low,0.832,Disengaged Customer,Frustrated Customer,Minimal,Purchase_Frequency,Email_Open_Rate,Cart_Abandonment_Rate,Newsletter
41955,Medium,0.9866,Price Sensitive Shopper,Disengaged Customer,Low,Age,Discount_Usage_Rate,Total_Purchases,Promotional Campaign
23403,High,0.9924,Frustrated Customer,Price Sensitive Shopper,Medium,Customer_Service_Calls,Returns_Rate,LTV_Per_Purchase,Service Recovery Campaign
32070,Medium,0.5631,Disengaged Customer,Price Sensitive Shopper,Low,Cart_Abandonment_Rate,Email_Open_Rate,Age,Re-engagement Email
34473,Low,0.9844,Frustrated Customer,Disengaged Customer,Minimal,Purchase_Frequency,Email_Open_Rate,Returns_Rate,Feedback Request
3305,High,0.9914,Frustrated Customer,Price Sensitive Shopper,Medium,Customer_Service_Calls,Total_Purchases,LTV_Per_Purchase,Service Recovery Campaign
30001,Low,0.8702,Disengaged Customer,Frustrated Customer,Minimal,Customer_Service_Calls,Email_Open_Rate,Wishlist_Items,Newsletter
35230,Low,0.7552,Disengaged Customer,Price Sensitive Shopper,Minimal,Cart_Abandonment_Rate,Email_Open_Rate,Customer_Service_Calls,Newsletter
24108,Low,0.9924,Disengaged Customer,Frustrated Customer,Minimal,Cart_Abandonment_Rate,Purchase_Frequency,Email_Open_Rate,Newsletter
41739,Medium,0.9651,Price Sensitive Shopper,Frustrated Customer,Low,Age,Discount_Usage_Rate,Customer_Service_Calls,Promotional Campaign
28896,Low,0.963,Disengaged Customer,Price Sensitive Shopper,Minimal,Cart_Abandonment_Rate,Purchase_Frequency,Customer_Service_Calls,Newsletter
44106,High,0.9863,Frustrated Customer,Disengaged Customer,Medium,Customer_Service_Calls,Returns_Rate,Product_Reviews_Written,Service Recovery Campaign
4361,Low,0.6184,Price Sensitive Shopper,Frustrated Customer,Minimal,Cart_Abandonment_Rate,Customer_Service_Calls,Wishlist_Items,Sale Notification
20002,Low,0.9813,Frustrated Customer,Price Sensitive Shopper,Minimal,Cart_Abandonment_Rate,Returns_Rate,Email_Open_Rate,Feedback Request
8639,Low,0.8814,Frustrated Customer,Disengaged Customer,Minimal,Returns_Rate,Email_Open_Rate,Cart_Abandonment_Rate,Feedback Request
32483,Low,0.8103,Frustrated Customer,Price Sensitive Shopper,Minimal,Cart_Abandonment_Rate,Customer_Service_Calls,Age,Feedback Request
39045,Low,0.5921,Price Sensitive Shopper,Frustrated Customer,Minimal,Cart_Abandonment_Rate,Customer_Service_Calls,Returns_Rate,Sale Notification
5959,Low,0.5753,Price Sensitive Shopper,Disengaged Customer,Minimal,Purchase_Frequency,Days_Since_Last_Purchase,Discount_Usage_Rate,Sale Notification
42899,Medium,0.8794,Frustrated Customer,Disengaged Customer,Low,Cart_Abandonment_Rate,Email_Open_Rate,Returns_Rate,Customer Feedback Survey
46249,IMP,0.9927,Price Sensitive Shopper,Disengaged Customer,High,Age,Discount_Usage_Rate,Total_Purchases,Loyalty Rewards | Targeted Coupon
45048,Medium,0.9552,Price Sensitive Shopper,Disengaged Customer,Low,Cart_Abandonment_Rate,Email_Open_Rate,Engagement_Score,Promotional Campaign
49289,Low,0.8085,Disengaged Customer,Frustrated Customer,Minimal,Purchase_Frequency,Email_Open_Rate,Days_Since_Last_Purchase,Newsletter
25075,Medium,0.4872,Price Sensitive Shopper,Dormant Customer,Low,Days_Since_Last_Purchase,Purchase_Frequency,Cart_Abandonment_Rate,Promotional Campaign
33624,High,0.9251,Price Sensitive Shopper,Disengaged Customer,Medium,Age,Discount_Usage_Rate,LTV_Per_Purchase,Targeted Coupon
27508,Medium,0.986,Price Sensitive Shopper,Frustrated Customer,Low,Age,Discount_Usage_Rate,Customer_Service_Calls,Promotional Campaign
6104,IMP,0.9938,Frustrated Customer,Price Sensitive Shopper,High,Customer_Service_Calls,Discount_Usage_Rate,LTV_Per_Purchase,Priority Support | Service Recovery Campaign
26778,Low,0.7334,Price Sensitive Shopper,Disengaged Customer,Minimal,Email_Open_Rate,Cart_Abandonment_Rate,Customer_Service_Calls,Sale Notification
24521,High,0.9858,Frustrated Customer,Dormant Customer,Medium,Customer_Service_Calls,Days_Since_Last_Purchase,Age,Service Recovery Campaign
19555,Medium,0.9674,Price Sensitive Shopper,Frustrated Customer,Low,Age,Discount_Usage_Rate,Customer_Service_Calls,Promotional Campaign
37432,High,0.5277,Frustrated Customer,Disengaged Customer,Medium,Customer_Service_Calls,Age,Returns_Rate,Service Recovery Campaign
20589,High,0.972,Frustrated Customer,Disengaged Customer,Medium,Customer_Service_Calls,Social_Media_Engagement_Score,Email_Open_Rate,Service Recovery Campaign
48966,Medium,0.4242,Frustrated Customer,Disengaged Customer,Low,Email_Open_Rate,Customer_Service_Calls,Wishlist_Items,Customer Feedback Survey
25819,Medium,0.9762,Price Sensitive Shopper,Frustrated Customer,Low,Age,Discount_Usage_Rate,Customer_Service_Calls,Promotional Campaign
15764,IMP,0.9868,Frustrated Customer,Price Sensitive Shopper,High,Customer_Service_Calls,Discount_Usage_Rate,Average_Order_Value,Priority Support | Service Recovery Campaign
39550,Low,0.9052,Frustrated Customer,Disengaged Customer,Minimal,Purchase_Frequency,Email_Open_Rate,Customer_Service_Calls,Feedback Request
41059,Low,0.7047,Price Sensitive Shopper,Frustrated Customer,Minimal,Cart_Abandonment_Rate,Customer_Service_Calls,Wishlist_Items,Sale Notification
15305,High,0.9885,Frustrated Customer,Dormant Customer,Medium,Customer_Service_Calls,Total_Purchases,LTV_Per_Purchase,Service Recovery Campaign
18556,Medium,0.5892,Price Sensitive Shopper,Frustrated Customer,Low,Cart_Abandonment_Rate,Customer_Service_Calls,Purchase_Frequency,Promotional Campaign
28087,Low,0.8283,Price Sensitive Shopper,Dormant Customer,Minimal,Cart_Abandonment_Rate,Purchase_Frequency,Wishlist_Items,Sale Notification
13615,Low,0.7186,Frustrated Customer,Disengaged Customer,Minimal,Customer_Service_Calls,Email_Open_Rate,Cart_Abandonment_Rate,Feedback Request
20980,High,0.9931,Frustrated Customer,Price Sensitive Shopper,Medium,Customer_Service_Calls,Total_Purchases,LTV_Per_Purchase,Service Recovery Campaign
26704,Low,0.9794,Dormant Customer,Price Sensitive Shopper,Minimal,Purchase_Frequency,Cart_Abandonment_Rate,Days_Since_Last_Purchase,Newsletter Reminder
2643,Low,0.744,Disengaged Customer,Price Sensitive Shopper,Minimal,Cart_Abandonment_Rate,Email_Open_Rate,Session_Duration_Avg,Newsletter
49591,High,0.9904,Frustrated Customer,Price Sensitive Shopper,Medium,Customer_Service_Calls,Discount_Usage_Rate,Total_Purchases,Service Recovery Campaign
30212,VIP,0.988,Frustrated Customer,Dormant Customer,Critical,Customer_Service_Calls,Returns_Rate,LTV_Per_Purchase,Dedicated Customer Success Outreach | Priority Support | Returns Experience Review
46510,IMP,0.9658,Frustrated Customer,Dormant Customer,High,Customer_Service_Calls,Days_Since_Last_Purchase,Discount_Usage_Rate,Priority Support | Service Recovery Campaign
14040,Low,0.9534,Price Sensitive Shopper,Disengaged Customer,Minimal,Cart_Abandonment_Rate,Email_Open_Rate,Customer_Service_Calls,Sale Notification
33692,Low,0.9492,Price Sensitive Shopper,Frustrated Customer,Minimal,Age,Discount_Usage_Rate,Customer_Service_Calls,Sale Notification
1875,IMP,0.9921,Frustrated Customer,Dormant Customer,High,Customer_Service_Calls,Total_Purchases,LTV_Per_Purchase,Priority Support | Service Recovery Campaign
11076,Low,0.8431,Price Sensitive Shopper,Disengaged Customer,Minimal,Cart_Abandonment_Rate,Email_Open_Rate,Session_Duration_Avg,Sale Notification
16690,Low,0.9894,Price Sensitive Shopper,Dormant Customer,Minimal,Days_Since_Last_Purchase,Cart_Abandonment_Rate,Purchase_Frequency,Sale Notification
17200,High,0.9932,Frustrated Customer,Price Sensitive Shopper,Medium,Customer_Service_Calls,LTV_Per_Purchase,Total_Purchases,Service Recovery Campaign
8439,High,0.9873,Frustrated Customer,Price Sensitive Shopper,Medium,Customer_Service_Calls,Discount_Usage_Rate,Social_Media_Engagement_Score,Service Recovery Campaign
1590,Medium,0.8992,Price Sensitive Shopper,Disengaged Customer,Low,Cart_Abandonment_Rate,Customer_Service_Calls,Email_Open_Rate,Promotional Campaign
43680,High,0.9034,Frustrated Customer,Price Sensitive Shopper,Medium,Customer_Service_Calls,Cart_Abandonment_Rate,Discount_Usage_Rate,Service Recovery Campaign
45701,High,0.9929,Frustrated Customer,Price Sensitive Shopper,Medium,Customer_Service_Calls,Discount_Usage_Rate,Returns_Rate,Service Recovery Campaign
4324,High,0.993,Frustrated Customer,Dormant Customer,Medium,Customer_Service_Calls,Total_Purchases,LTV_Per_Purchase,Service Recovery Campaign
18849,IMP,0.9903,Frustrated Customer,Price Sensitive Shopper,High,Customer_Service_Calls,Average_Order_Value,Returns_Rate,Priority Support | Service Recovery Campaign
7758,Medium,0.688,Dormant Customer,Frustrated Customer,Low,Purchase_Frequency,Age,Days_Since_Last_Purchase,Automated Re-engagement Email
25704,High,0.9896,Frustrated Customer,Dormant Customer,Medium,Customer_Service_Calls,Age,Total_Purchases,Service Recovery Campaign
47596,Low,0.9009,Frustrated Customer,Disengaged Customer,Minimal,Returns_Rate,Customer_Service_Calls,Mobile_App_Usage,Feedback Request
46544,Low,0.8514,Price Sensitive Shopper,Frustrated Customer,Minimal,Cart_Abandonment_Rate,Purchase_Frequency,Customer_Service_Calls,Sale Notification
319,Low,0.7138,Price Sensitive Shopper,Frustrated Customer,Minimal,Cart_Abandonment_Rate,Customer_Service_Calls,Email_Open_Rate,Sale Notification
2000,High,0.9858,Frustrated Customer,Disengaged Customer,Medium,Customer_Service_Calls,Days_Since_Last_Purchase,Purchase_Frequency,Service Recovery Campaign
28186,Low,0.6385,Dormant Customer,Disengaged Customer,Minimal,Purchase_Frequency,Days_Since_Last_Purchase,Discount_Usage_Rate,Newsletter Reminder
12052,Low,0.9467,Disengaged Customer,Price Sensitive Shopper,Minimal,Cart_Abandonment_Rate,Email_Open_Rate,Purchase_Frequency,Newsletter
7753,Low,0.9431,Price Sensitive Shopper,Disengaged Customer,Minimal,Cart_Abandonment_Rate,Purchase_Frequency,Email_Open_Rate,Sale Notification
26691,Low,0.9989,Price Sensitive Shopper,Dormant Customer,Minimal,Age,Discount_Usage_Rate,Days_Since_Last_Purchase,Sale Notification
22156,Medium,0.9893,Price Sensitive Shopper,Frustrated Customer,Low,Age,Discount_Usage_Rate,Customer_Service_Calls,Promotional Campaign
7395,IMP,0.9802,Frustrated Customer,Dormant Customer,High,Customer_Service_Calls,Age,Total_Purchases,Priority Support | Service Recovery Campaign
15608,IMP,0.9899,Frustrated Customer,Price Sensitive Shopper,High,Customer_Service_Calls,Cart_Abandonment_Rate,Email_Open_Rate,Priority Support | Service Recovery Campaign
32900,High,0.9788,Frustrated Customer,Price Sensitive Shopper,Medium,Customer_Service_Calls,Age,LTV_Per_Purchase,Service Recovery Campaign
18798,High,0.9865,Price Sensitive Shopper,Dormant Customer,Medium,Age,Discount_Usage_Rate,Total_Purchases,Targeted Coupon
24539,Low,0.9954,Price Sensitive Shopper,Frustrated Customer,Minimal,Age,Discount_Usage_Rate,Purchase_Frequency,Sale Notification
41399,Low,0.8396,Price Sensitive Shopper,Frustrated Customer,Minimal,Cart_Abandonment_Rate,Customer_Service_Calls,Wishlist_Items,Sale Notification
14120,Low,0.7169,Dormant Customer,Frustrated Customer,Minimal,Purchase_Frequency,Customer_Service_Calls,Age,Newsletter Reminder
21661,IMP,0.994,Frustrated Customer,Price Sensitive Shopper,High,Customer_Service_Calls,Total_Purchases,LTV_Per_Purchase,Priority Support | Service Recovery Campaign
18558,Low,0.6524,Disengaged Customer,Price Sensitive Shopper,Minimal,Email_Open_Rate,Customer_Service_Calls,Pages_Per_Session,Newsletter
17253,Low,0.9628,Disengaged Customer,Frustrated Customer,Minimal,Cart_Abandonment_Rate,Email_Open_Rate,Returns_Rate,Newsletter
32716,Medium,0.9514,Disengaged Customer,Frustrated Customer,Low,Email_Open_Rate,Purchase_Frequency,Cart_Abandonment_Rate,Re-engagement Email
22137,High,0.4615,Frustrated Customer,Price Sensitive Shopper,Medium,Customer_Service_Calls,Discount_Usage_Rate,Total_Purchases,Service Recovery Campaign
8192,Medium,0.9786,Price Sensitive Shopper,Disengaged Customer,Low,Cart_Abandonment_Rate,Days_Since_Last_Purchase,Mobile_App_Usage,Promotional Campaign
18934,Low,0.802,Price Sensitive Shopper,Disengaged Customer,Minimal,Cart_Abandonment_Rate,Returns_Rate,Session_Duration_Avg,Sale Notification
14388,Medium,0.4415,Frustrated Customer,Price Sensitive Shopper,Low,Returns_Rate,Email_Open_Rate,Cart_Abandonment_Rate,Customer Feedback Survey
28826,Medium,0.8515,Price Sensitive Shopper,Disengaged Customer,Low,Cart_Abandonment_Rate,Email_Open_Rate,Customer_Service_Calls,Promotional Campaign
3100,Low,0.9395,Disengaged Customer,Price Sensitive Shopper,Minimal,Purchase_Frequency,Email_Open_Rate,Cart_Abandonment_Rate,Newsletter
20525,IMP,0.9998,Price Sensitive Shopper,Frustrated Customer,High,Age,Discount_Usage_Rate,Customer_Service_Calls,Loyalty Rewards | Targeted Coupon
29642,Medium,0.9361,Price Sensitive Shopper,Disengaged Customer,Low,Purchase_Frequency,Cart_Abandonment_Rate,Email_Open_Rate,Promotional Campaign
49373,Medium,0.4463,Dormant Customer,Frustrated Customer,Low,Purchase_Frequency,Days_Since_Last_Purchase,Customer_Service_Calls,Automated Re-engagement Email
26242,Low,0.9831,Price Sensitive Shopper,Frustrated Customer,Minimal,Age,Discount_Usage_Rate,Cart_Abandonment_Rate,Sale Notification
43299,Low,0.8237,Price Sensitive Shopper,Frustrated Customer,Minimal,Cart_Abandonment_Rate,Age,Customer_Service_Calls,Sale Notification
48029,Low,0.8517,Disengaged Customer,Price Sensitive Shopper,Minimal,Email_Open_Rate,Cart_Abandonment_Rate,Purchase_Frequency,Newsletter
47274,Low,0.9961,Price Sensitive Shopper,Disengaged Customer,Minimal,Age,Discount_Usage_Rate,Email_Open_Rate,Sale Notification
2844,Low,0.9712,Disengaged Customer,Frustrated Customer,Minimal,Email_Open_Rate,Returns_Rate,Customer_Service_Calls,Newsletter
3890,High,0.9935,Frustrated Customer,Price Sensitive Shopper,Medium,Customer_Service_Calls,Discount_Usage_Rate,LTV_Per_Purchase,Service Recovery Campaign
17650,Low,0.964,Frustrated Customer,Dormant Customer,Minimal,Purchase_Frequency,Customer_Service_Calls,Days_Since_Last_Purchase,Feedback Request
40105,Low,0.9842,Price Sensitive Shopper,Frustrated Customer,Minimal,Cart_Abandonment_Rate,Email_Open_Rate,Customer_Service_Calls,Sale Notification
8923,Low,0.7874,Disengaged Customer,Frustrated Customer,Minimal,Purchase_Frequency,Credit_Balance,Email_Open_Rate,Newsletter
19902,Medium,0.9896,Price Sensitive Shopper,Disengaged Customer,Low,Age,Discount_Usage_Rate,Session_Duration_Avg,Promotional Campaign
41190,Medium,0.9886,Dormant Customer,Frustrated Customer,Low,Purchase_Frequency,Cart_Abandonment_Rate,Days_Since_Last_Purchase,Automated Re-engagement Email
45666,Low,0.9316,Dormant Customer,Disengaged Customer,Minimal,Purchase_Frequency,Days_Since_Last_Purchase,Age,Newsletter Reminder
41416,Medium,0.9743,Price Sensitive Shopper,Dormant Customer,Low,Age,Discount_Usage_Rate,Credit_Balance,Promotional Campaign
32928,High,0.9916,Price Sensitive Shopper,Dormant Customer,Medium,Age,Discount_Usage_Rate,Total_Purchases,Targeted Coupon
3819,Medium,0.9851,Price Sensitive Shopper,Frustrated Customer,Low,Age,Discount_Usage_Rate,Total_Purchases,Promotional Campaign
35100,High,0.9877,Frustrated Customer,Price Sensitive Shopper,Medium,Customer_Service_Calls,Discount_Usage_Rate,Total_Purchases,Service Recovery Campaign
23781,Low,0.9654,Frustrated Customer,Disengaged Customer,Minimal,Cart_Abandonment_Rate,Customer_Service_Calls,Login_Frequency,Feedback Request
23513,Low,0.9841,Frustrated Customer,Price Sensitive Shopper,Minimal,Purchase_Frequency,Cart_Abandonment_Rate,Returns_Rate,Feedback Request
10856,IMP,0.9888,Frustrated Customer,Dormant Customer,High,Customer_Service_Calls,LTV_Per_Purchase,Total_Purchases,Priority Support | Service Recovery Campaign
38671,High,0.5016,Frustrated Customer,Dormant Customer,Medium,Customer_Service_Calls,Days_Since_Last_Purchase,Total_Purchases,Service Recovery Campaign
5351,IMP,0.9865,Frustrated Customer,Price Sensitive Shopper,High,Customer_Service_Calls,Discount_Usage_Rate,Total_Purchases,Priority Support | Service Recovery Campaign
29738,High,0.991,Frustrated Customer,Price Sensitive Shopper,Medium,Customer_Service_Calls,Discount_Usage_Rate,Total_Purchases,Service Recovery Campaign
31905,Low,0.8367,Price Sensitive Shopper,Disengaged Customer,Minimal,Cart_Abandonment_Rate,Customer_Service_Calls,Session_Duration_Avg,Sale Notification
36613,High,0.9824,Frustrated Customer,Price Sensitive Shopper,Medium,Customer_Service_Calls,Discount_Usage_Rate,Total_Purchases,Service Recovery Campaign
10587,High,0.9924,Frustrated Customer,Price Sensitive Shopper,Medium,Customer_Service_Calls,Discount_Usage_Rate,Total_Purchases,Service Recovery Campaign
15577,Medium,0.5395,Frustrated Customer,Disengaged Customer,Low,Customer_Service_Calls,Cart_Abandonment_Rate,Product_Reviews_Written,Customer Feedback Survey
43873,Low,0.986,Disengaged Customer,Frustrated Customer,Minimal,Cart_Abandonment_Rate,Email_Open_Rate,Purchase_Frequency,Newsletter
25416,Medium,0.5977,Dormant Customer,Disengaged Customer,Low,Purchase_Frequency,Days_Since_Last_Purchase,Pages_Per_Session,Automated Re-engagement Email
21550,High,0.9813,Frustrated Customer,Price Sensitive Shopper,Medium,Customer_Service_Calls,Discount_Usage_Rate,Returns_Rate,Service Recovery Campaign
41635,Low,0.7092,Price Sensitive Shopper,Disengaged Customer,Minimal,Email_Open_Rate,Cart_Abandonment_Rate,Wishlist_Items,Sale Notification
22760,Low,0.702,Frustrated Customer,Disengaged Customer,Minimal,Returns_Rate,Email_Open_Rate,Pages_Per_Session,Feedback Request
23236,Low,0.9959,Dormant Customer,Disengaged Customer,Minimal,Purchase_Frequency,Cart_Abandonment_Rate,Days_Since_Last_Purchase,Newsletter Reminder
41413,Medium,0.9099,Disengaged Customer,Frustrated Customer,Low,Cart_Abandonment_Rate,Customer_Service_Calls,Email_Open_Rate,Re-engagement Email
25073,Low,0.8119,Price Sensitive Shopper,Disengaged Customer,Minimal,Cart_Abandonment_Rate,Returns_Rate,Email_Open_Rate,Sale Notification
30660,Medium,0.4578,Frustrated Customer,Disengaged Customer,Low,Purchase_Frequency,Returns_Rate,Customer_Service_Calls,Customer Feedback Survey
45118,Medium,0.984,Price Sensitive Shopper,Frustrated Customer,Low,Age,Discount_Usage_Rate,Returns_Rate,Promotional Campaign
16865,High,0.9963,Frustrated Customer,Disengaged Customer,Medium,Customer_Service_Calls,Returns_Rate,Purchase_Frequency,Service Recovery Campaign
33271,High,0.9945,Frustrated Customer,Dormant Customer,Medium,Customer_Service_Calls,LTV_Per_Purchase,Total_Purchases,Service Recovery Campaign
3730,IMP,0.992,Frustrated Customer,Disengaged Customer,High,Customer_Service_Calls,Email_Open_Rate,LTV_Per_Purchase,Priority Support | Service Recovery Campaign
23347,High,0.9807,Frustrated Customer,Price Sensitive Shopper,Medium,Customer_Service_Calls,Returns_Rate,Total_Purchases,Service Recovery Campaign
42484,Medium,0.7003,Dormant Customer,Frustrated Customer,Low,Days_Since_Last_Purchase,Returns_Rate,Purchase_Frequency,Automated Re-engagement Email
43048,IMP,0.9945,Frustrated Customer,Price Sensitive Shopper,High,Customer_Service_Calls,Average_Order_Value,Membership_Years,Priority Support | Service Recovery Campaign
36938,High,0.9908,Price Sensitive Shopper,Frustrated Customer,Medium,Customer_Service_Calls,Cart_Abandonment_Rate,Email_Open_Rate,Targeted Coupon
15589,Low,0.985,Price Sensitive Shopper,Frustrated Customer,Minimal,Age,Discount_Usage_Rate,Cart_Abandonment_Rate,Sale Notification
38894,IMP,0.9928,Frustrated Customer,Disengaged Customer,High,Customer_Service_Calls,Total_Purchases,LTV_Per_Purchase,Priority Support | Service Recovery Campaign
49808,Low,0.8364,Frustrated Customer,Disengaged Customer,Minimal,Customer_Service_Calls,Cart_Abandonment_Rate,Returns_Rate,Feedback Request
33147,Medium,0.8993,Dormant Customer,Disengaged Customer,Low,Purchase_Frequency,Days_Since_Last_Purchase,Mobile_App_Usage,Automated Re-engagement Email
13239,Low,0.9602,Price Sensitive Shopper,Disengaged Customer,Minimal,Cart_Abandonment_Rate,Email_Open_Rate,Session_Duration_Avg,Sale Notification
24629,Medium,0.4286,Frustrated Customer,Price Sensitive Shopper,Low,Customer_Service_Calls,Cart_Abandonment_Rate,Product_Reviews_Written,Customer Feedback Survey
35943,High,0.9678,Frustrated Customer,Price Sensitive Shopper,Medium,Customer_Service_Calls,Total_Purchases,LTV_Per_Purchase,Service Recovery Campaign
15892,Low,0.9122,Frustrated Customer,Price Sensitive Shopper,Minimal,Purchase_Frequency,Email_Open_Rate,Customer_Service_Calls,Feedback Request
10430,IMP,0.2503,Dormant Customer,Price Sensitive Shopper,High,Days_Since_Last_Purchase,Discount_Usage_Rate,Cart_Abandonment_Rate,Win-back Campaign | Personalized Product Recommendations
10972,Medium,0.9554,Price Sensitive Shopper,Frustrated Customer,Low,Cart_Abandonment_Rate,Purchase_Frequency,Returns_Rate,Promotional Campaign
2403,Low,0.8229,Frustrated Customer,Dormant Customer,Minimal,Purchase_Frequency,Email_Open_Rate,Customer_Service_Calls,Feedback Request
42896,Medium,0.9288,Disengaged Customer,Price Sensitive Shopper,Low,Email_Open_Rate,Cart_Abandonment_Rate,Age,Re-engagement Email
48273,Low,0.8165,Disengaged Customer,Frustrated Customer,Minimal,Email_Open_Rate,Purchase_Frequency,Customer_Service_Calls,Newsletter
17164,Low,0.9735,Disengaged Customer,Frustrated Customer,Minimal,Purchase_Frequency,Email_Open_Rate,Cart_Abandonment_Rate,Newsletter
40004,Low,0.8452,Disengaged Customer,Frustrated Customer,Minimal,Customer_Service_Calls,Email_Open_Rate,Purchase_Frequency,Newsletter
31565,High,0.9801,Frustrated Customer,Price Sensitive Shopper,Medium,Customer_Service_Calls,Age,LTV_Per_Purchase,Service Recovery Campaign
47002,Medium,0.9147,Disengaged Customer,Dormant Customer,Low,Email_Open_Rate,Customer_Service_Calls,Days_Since_Last_Purchase,Re-engagement Email
15854,Low,0.9761,Disengaged Customer,Price Sensitive Shopper,Minimal,Cart_Abandonment_Rate,Customer_Service_Calls,Email_Open_Rate,Newsletter
8941,Low,0.7817,Disengaged Customer,Price Sensitive Shopper,Minimal,Email_Open_Rate,Customer_Service_Calls,Wishlist_Items,Newsletter
46073,Medium,0.9877,Price Sensitive Shopper,Frustrated Customer,Low,Age,Discount_Usage_Rate,Returns_Rate,Promotional Campaign
10950,Medium,0.4589,Dormant Customer,Disengaged Customer,Low,Purchase_Frequency,Days_Since_Last_Purchase,Customer_Service_Calls,Automated Re-engagement Email
42995,Medium,0.9838,Price Sensitive Shopper,Disengaged Customer,Low,Age,Discount_Usage_Rate,Total_Purchases,Promotional Campaign
47475,Medium,0.9459,Frustrated Customer,Price Sensitive Shopper,Low,Age,Discount_Usage_Rate,Customer_Service_Calls,Customer Feedback Survey
31526,Medium,0.8259,Dormant Customer,Disengaged Customer,Low,Purchase_Frequency,Days_Since_Last_Purchase,Customer_Service_Calls,Automated Re-engagement Email
14451,IMP,0.978,Frustrated Customer,Price Sensitive Shopper,High,Customer_Service_Calls,Days_Since_Last_Purchase,Discount_Usage_Rate,Priority Support | Service Recovery Campaign
1416,Low,0.9827,Disengaged Customer,Price Sensitive Shopper,Minimal,Cart_Abandonment_Rate,Purchase_Frequency,Email_Open_Rate,Newsletter
14618,IMP,0.9914,Frustrated Customer,Dormant Customer,High,Customer_Service_Calls,Average_Order_Value,Total_Purchases,Priority Support | Service Recovery Campaign
35674,Medium,0.9758,Disengaged Customer,Price Sensitive Shopper,Low,Cart_Abandonment_Rate,Email_Open_Rate,Customer_Service_Calls,Re-engagement Email
35831,Medium,0.9268,Frustrated Customer,Price Sensitive Shopper,Low,Cart_Abandonment_Rate,Returns_Rate,Purchase_Frequency,Customer Feedback Survey
6404,Low,0.9568,Price Sensitive Shopper,Frustrated Customer,Minimal,Cart_Abandonment_Rate,Returns_Rate,Wishlist_Items,Sale Notification
1616,Low,0.9815,Dormant Customer,Disengaged Customer,Minimal,Purchase_Frequency,Days_Since_Last_Purchase,Cart_Abandonment_Rate,Newsletter Reminder
13099,High,0.9893,Frustrated Customer,Dormant Customer,Medium,Customer_Service_Calls,LTV_Per_Purchase,Total_Purchases,Service Recovery Campaign
16402,IMP,0.9932,Frustrated Customer,Disengaged Customer,High,Customer_Service_Calls,Total_Purchases,Average_Order_Value,Priority Support | Service Recovery Campaign
9681,Medium,0.9743,Price Sensitive Shopper,Frustrated Customer,Low,Age,Discount_Usage_Rate,Customer_Service_Calls,Promotional Campaign
38981,High,0.9862,Frustrated Customer,Price Sensitive Shopper,Medium,Customer_Service_Calls,Discount_Usage_Rate,LTV_Per_Purchase,Service Recovery Campaign
13583,High,0.9868,Frustrated Customer,Dormant Customer,Medium,Customer_Service_Calls,Returns_Rate,Total_Purchases,Service Recovery Campaign
17069,IMP,0.9889,Price Sensitive Shopper,Disengaged Customer,High,Age,Discount_Usage_Rate,LTV_Per_Purchase,Loyalty Rewards | Targeted Coupon
3720,High,0.9868,Frustrated Customer,Dormant Customer,Medium,Customer_Service_Calls,Days_Since_Last_Purchase,Total_Purchases,Service Recovery Campaign
37780,High,0.994,Frustrated Customer,Disengaged Customer,Medium,Customer_Service_Calls,Pages_Per_Session,LTV_Per_Purchase,Service Recovery Campaign
37809,Low,0.9504,Price Sensitive Shopper,Disengaged Customer,Minimal,Cart_Abandonment_Rate,Purchase_Frequency,Email_Open_Rate,Sale Notification
30420,Medium,0.9669,Price Sensitive Shopper,Disengaged Customer,Low,Age,Discount_Usage_Rate,Social_Media_Engagement_Score,Promotional Campaign
46175,Medium,0.9877,Price Sensitive Shopper,Dormant Customer,Low,Purchase_Frequency,Cart_Abandonment_Rate,Days_Since_Last_Purchase,Promotional Campaign
39050,High,0.9925,Frustrated Customer,Disengaged Customer,Medium,Customer_Service_Calls,Membership_Years,Total_Purchases,Service Recovery Campaign
8336,Low,0.9582,Disengaged Customer,Frustrated Customer,Minimal,Email_Open_Rate,Cart_Abandonment_Rate,Pages_Per_Session,Newsletter
7947,IMP,0.9738,Frustrated Customer,Price Sensitive Shopper,High,Customer_Service_Calls,Total_Purchases,LTV_Per_Purchase,Priority Support | Service Recovery Campaign
27889,Low,0.9634,Dormant Customer,Disengaged Customer,Minimal,Purchase_Frequency,Cart_Abandonment_Rate,Days_Since_Last_Purchase,Newsletter Reminder
13247,Low,0.6414,Disengaged Customer,Frustrated Customer,Minimal,Email_Open_Rate,Customer_Service_Calls,Wishlist_Items,Newsletter
39866,High,0.9377,Frustrated Customer,Price Sensitive Shopper,Medium,Customer_Service_Calls,Cart_Abandonment_Rate,Email_Open_Rate,Service Recovery Campaign
34972,Medium,0.5431,Dormant Customer,Disengaged Customer,Low,Purchase_Frequency,Days_Since_Last_Purchase,Mobile_App_Usage,Automated Re-engagement Email
37129,Low,0.9158,Dormant Customer,Disengaged Customer,Minimal,Purchase_Frequency,Days_Since_Last_Purchase,Customer_Service_Calls,Newsletter Reminder
24073,IMP,0.9999,Frustrated Customer,Price Sensitive Shopper,High,Age,Customer_Service_Calls,Discount_Usage_Rate,Priority Support | Service Recovery Campaign
10511,Medium,0.4633,Disengaged Customer,Dormant Customer,Low,Purchase_Frequency,Mobile_App_Usage,Days_Since_Last_Purchase,Re-engagement Email
20362,High,0.9651,Frustrated Customer,Dormant Customer,Medium,Customer_Service_Calls,Days_Since_Last_Purchase,Average_Order_Value,Service Recovery Campaign
33603,Low,0.9875,Price Sensitive Shopper,Frustrated Customer,Minimal,Age,Discount_Usage_Rate,Cart_Abandonment_Rate,Sale Notification
31198,Medium,0.9862,Disengaged Customer,Price Sensitive Shopper,Low,Cart_Abandonment_Rate,Email_Open_Rate,Customer_Service_Calls,Re-engagement Email
11461,Medium,0.4884,Frustrated Customer,Disengaged Customer,Low,Customer_Service_Calls,Cart_Abandonment_Rate,Product_Reviews_Written,Customer Feedback Survey
13364,High,0.9895,Frustrated Customer,Price Sensitive Shopper,Medium,Customer_Service_Calls,LTV_Per_Purchase,Average_Order_Value,Service Recovery Campaign
25477,Low,0.7471,Frustrated Customer,Disengaged Customer,Minimal,Cart_Abandonment_Rate,Purchase_Frequency,Age,Feedback Request
47866,Low,0.8907,Price Sensitive Shopper,Disengaged Customer,Minimal,Cart_Abandonment_Rate,Customer_Service_Calls,Session_Duration_Avg,Sale Notification
10723,High,0.9847,Frustrated Customer,Disengaged Customer,Medium,Customer_Service_Calls,Email_Open_Rate,Cart_Abandonment_Rate,Service Recovery Campaign
29539,High,0.8389,Price Sensitive Shopper,Frustrated Customer,Medium,Age,Discount_Usage_Rate,Returns_Rate,Targeted Coupon
29247,Low,0.8557,Price Sensitive Shopper,Disengaged Customer,Minimal,Cart_Abandonment_Rate,Session_Duration_Avg,Purchase_Frequency,Sale Notification
5462,Low,0.9728,Price Sensitive Shopper,Disengaged Customer,Minimal,Cart_Abandonment_Rate,Customer_Service_Calls,Wishlist_Items,Sale Notification
40235,Low,0.8495,Price Sensitive Shopper,Disengaged Customer,Minimal,Cart_Abandonment_Rate,Customer_Service_Calls,Purchase_Frequency,Sale Notification
42179,Low,0.5564,Price Sensitive Shopper,Frustrated Customer,Minimal,Cart_Abandonment_Rate,Customer_Service_Calls,Wishlist_Items,Sale Notification
40034,Low,0.9873,Disengaged Customer,Price Sensitive Shopper,Minimal,Cart_Abandonment_Rate,Email_Open_Rate,Customer_Service_Calls,Newsletter
5765,Low,0.9915,Frustrated Customer,Disengaged Customer,Minimal,Returns_Rate,Purchase_Frequency,Email_Open_Rate,Feedback Request
23217,Low,0.5789,Disengaged Customer,Frustrated Customer,Minimal,Purchase_Frequency,Customer_Service_Calls,Cart_Abandonment_Rate,Newsletter
27083,High,0.9912,Frustrated Customer,Price Sensitive Shopper,Medium,Customer_Service_Calls,Discount_Usage_Rate,Total_Purchases,Service Recovery Campaign
17471,Low,0.9819,Disengaged Customer,Price Sensitive Shopper,Minimal,Cart_Abandonment_Rate,Email_Open_Rate,Customer_Service_Calls,Newsletter
8721,High,0.9914,Frustrated Customer,Dormant Customer,Medium,Customer_Service_Calls,Membership_Years,Total_Purchases,Service Recovery Campaign
16773,Low,0.9736,Price Sensitive Shopper,Frustrated Customer,Minimal,Age,Discount_Usage_Rate,Returns_Rate,Sale Notification
39793,IMP,0.9865,Price Sensitive Shopper,Disengaged Customer,High,Age,Discount_Usage_Rate,Total_Purchases,Loyalty Rewards | Targeted Coupon
4578,Low,0.9522,Disengaged Customer,Price Sensitive Shopper,Minimal,Cart_Abandonment_Rate,Email_Open_Rate,Customer_Service_Calls,Newsletter
25358,Low,0.9412,Price Sensitive Shopper,Disengaged Customer,Minimal,Cart_Abandonment_Rate,Email_Open_Rate,Age,Sale Notification
23612,High,0.9879,Frustrated Customer,Price Sensitive Shopper,Medium,Customer_Service_Calls,Returns_Rate,Login_Frequency,Service Recovery Campaign
568,Medium,0.54,Frustrated Customer,Price Sensitive Shopper,Low,Cart_Abandonment_Rate,Age,Customer_Service_Calls,Customer Feedback Survey
10699,IMP,0.9848,Frustrated Customer,Dormant Customer,High,Customer_Service_Calls,Age,Total_Purchases,Priority Support | Service Recovery Campaign
34794,Medium,0.463,Disengaged Customer,Dormant Customer,Low,Purchase_Frequency,Email_Open_Rate,Product_Reviews_Written,Re-engagement Email
11554,High,0.9911,Frustrated Customer,Price Sensitive Shopper,Medium,Customer_Service_Calls,Total_Purchases,Average_Order_Value,Service Recovery Campaign
9618,High,0.9933,Frustrated Customer,Disengaged Customer,Medium,Customer_Service_Calls,Email_Open_Rate,Cart_Abandonment_Rate,Service Recovery Campaign
3044,Medium,0.9324,Price Sensitive Shopper,Disengaged Customer,Low,Cart_Abandonment_Rate,Email_Open_Rate,Purchase_Frequency,Promotional Campaign
47045,Low,0.6391,Dormant Customer,Price Sensitive Shopper,Minimal,Purchase_Frequency,Cart_Abandonment_Rate,Wishlist_Items,Newsletter Reminder
17830,Low,0.9987,Price Sensitive Shopper,Frustrated Customer,Minimal,Age,Cart_Abandonment_Rate,Discount_Usage_Rate,Sale Notification
35781,High,0.9908,Frustrated Customer,Dormant Customer,Medium,Customer_Service_Calls,Days_Since_Last_Purchase,LTV_Per_Purchase,Service Recovery Campaign
4240,Low,0.9985,Price Sensitive Shopper,Disengaged Customer,Minimal,Age,Cart_Abandonment_Rate,Discount_Usage_Rate,Sale Notification
15314,Medium,0.878,Frustrated Customer,Disengaged Customer,Low,Cart_Abandonment_Rate,Customer_Service_Calls,Engagement_Score,Customer Feedback Survey
4890,High,0.9904,Frustrated Customer,Price Sensitive Shopper,Medium,Customer_Service_Calls,Average_Order_Value,LTV_Per_Purchase,Service Recovery Campaign
9895,IMP,0.9927,Frustrated Customer,Price Sensitive Shopper,High,Customer_Service_Calls,Total_Purchases,LTV_Per_Purchase,Priority Support | Service Recovery Campaign
45919,High,0.9897,Frustrated Customer,Disengaged Customer,Medium,Customer_Service_Calls,Total_Purchases,LTV_Per_Purchase,Service Recovery Campaign
15010,Low,0.7638,Frustrated Customer,Disengaged Customer,Minimal,Purchase_Frequency,Customer_Service_Calls,Email_Open_Rate,Feedback Request
8452,Low,0.8907,Disengaged Customer,Frustrated Customer,Minimal,Email_Open_Rate,Cart_Abandonment_Rate,Purchase_Frequency,Newsletter
29268,Low,0.9797,Disengaged Customer,Price Sensitive Shopper,Minimal,Cart_Abandonment_Rate,Purchase_Frequency,Returns_Rate,Newsletter
28915,High,0.9901,Frustrated Customer,Disengaged Customer,Medium,Customer_Service_Calls,Total_Purchases,LTV_Per_Purchase,Service Recovery Campaign
22622,Medium,0.983,Price Sensitive Shopper,Disengaged Customer,Low,Age,Discount_Usage_Rate,Total_Purchases,Promotional Campaign
42244,Low,0.8505,Frustrated Customer,Disengaged Customer,Minimal,Purchase_Frequency,Customer_Service_Calls,Returns_Rate,Feedback Request
39298,Low,0.9691,Disengaged Customer,Frustrated Customer,Minimal,Cart_Abandonment_Rate,Purchase_Frequency,Returns_Rate,Newsletter
6717,High,0.9909,Frustrated Customer,Disengaged Customer,Medium,Customer_Service_Calls,Total_Purchases,Engagement_Score,Service Recovery Campaign
48682,Medium,0.9348,Disengaged Customer,Frustrated Customer,Low,Cart_Abandonment_Rate,Customer_Service_Calls,Mobile_App_Usage,Re-engagement Email
25587,High,0.9831,Frustrated Customer,Dormant Customer,Medium,Customer_Service_Calls,Days_Since_Last_Purchase,Purchase_Frequency,Service Recovery Campaign
4785,High,0.9888,Frustrated Customer,Dormant Customer,Medium,Customer_Service_Calls,Returns_Rate,Credit_Balance,Service Recovery Campaign
12681,IMP,0.9924,Frustrated Customer,Disengaged Customer,High,Customer_Service_Calls,Total_Purchases,LTV_Per_Purchase,Priority Support | Service Recovery Campaign
18139,IMP,0.9934,Frustrated Customer,Dormant Customer,High,Customer_Service_Calls,Total_Purchases,LTV_Per_Purchase,Priority Support | Service Recovery Campaign
27430,Low,0.8759,Price Sensitive Shopper,Frustrated Customer,Minimal,Age,Discount_Usage_Rate,Customer_Service_Calls,Sale Notification
26901,High,0.9867,Frustrated Customer,Price Sensitive Shopper,Medium,Customer_Service_Calls,Returns_Rate,Discount_Usage_Rate,Service Recovery Campaign
27006,IMP,0.9572,Frustrated Customer,Price Sensitive Shopper,High,Customer_Service_Calls,Discount_Usage_Rate,LTV_Per_Purchase,Priority Support | Service Recovery Campaign
46205,Low,0.9592,Disengaged Customer,Frustrated Customer,Minimal,Cart_Abandonment_Rate,Purchase_Frequency,Email_Open_Rate,Newsletter
44144,High,0.9905,Frustrated Customer,Dormant Customer,Medium,Customer_Service_Calls,Days_Since_Last_Purchase,Total_Purchases,Service Recovery Campaign
41488,Low,0.9753,Price Sensitive Shopper,Disengaged Customer,Minimal,Cart_Abandonment_Rate,Email_Open_Rate,Customer_Service_Calls,Sale Notification
12717,Low,0.8737,Price Sensitive Shopper,Disengaged Customer,Minimal,Cart_Abandonment_Rate,Age,Customer_Service_Calls,Sale Notification
42581,Low,0.9485,Price Sensitive Shopper,Frustrated Customer,Minimal,Purchase_Frequency,Cart_Abandonment_Rate,Customer_Service_Calls,Sale Notification
17214,Low,0.933,Frustrated Customer,Price Sensitive Shopper,Minimal,Returns_Rate,Cart_Abandonment_Rate,Total_Purchases,Feedback Request
9497,IMP,0.9811,Frustrated Customer,Price Sensitive Shopper,High,Customer_Service_Calls,Discount_Usage_Rate,Total_Purchases,Priority Support | Service Recovery Campaign
44392,Low,0.9098,Dormant Customer,Price Sensitive Shopper,Minimal,Cart_Abandonment_Rate,Days_Since_Last_Purchase,Purchase_Frequency,Newsletter Reminder
7459,Low,0.9936,Frustrated Customer,Disengaged Customer,Minimal,Cart_Abandonment_Rate,Email_Open_Rate,Age,Feedback Request
31031,High,0.9899,Frustrated Customer,Price Sensitive Shopper,Medium,Customer_Service_Calls,LTV_Per_Purchase,Total_Purchases,Service Recovery Campaign
25792,Medium,0.6384,Price Sensitive Shopper,Disengaged Customer,Low,Cart_Abandonment_Rate,Email_Open_Rate,Purchase_Frequency,Promotional Campaign
19635,Low,0.9947,Dormant Customer,Disengaged Customer,Minimal,Purchase_Frequency,Days_Since_Last_Purchase,Cart_Abandonment_Rate,Newsletter Reminder
30245,High,0.486,Price Sensitive Shopper,Frustrated Customer,Medium,Customer_Service_Calls,Cart_Abandonment_Rate,Purchase_Frequency,Targeted Coupon
6804,Medium,0.8529,Price Sensitive Shopper,Disengaged Customer,Low,Customer_Service_Calls,Cart_Abandonment_Rate,Purchase_Frequency,Promotional Campaign
49404,Low,0.5852,Frustrated Customer,Disengaged Customer,Minimal,Returns_Rate,Cart_Abandonment_Rate,Email_Open_Rate,Feedback Request
38457,High,0.8786,Price Sensitive Shopper,Disengaged Customer,Medium,Age,Discount_Usage_Rate,Total_Purchases,Targeted Coupon
34605,Low,0.8171,Price Sensitive Shopper,Frustrated Customer,Minimal,Cart_Abandonment_Rate,Age,Customer_Service_Calls,Sale Notification
4162,High,0.9827,Frustrated Customer,Price Sensitive Shopper,Medium,Customer_Service_Calls,Discount_Usage_Rate,Average_Order_Value,Service Recovery Campaign
35428,High,0.9698,Frustrated Customer,Price Sensitive Shopper,Medium,Customer_Service_Calls,Discount_Usage_Rate,LTV_Per_Purchase,Service Recovery Campaign
32627,Low,0.7743,Price Sensitive Shopper,Frustrated Customer,Minimal,Cart_Abandonment_Rate,Purchase_Frequency,Customer_Service_Calls,Sale Notification
45325,High,0.9925,Frustrated Customer,Dormant Customer,Medium,Customer_Service_Calls,Returns_Rate,LTV_Per_Purchase,Service Recovery Campaign
30810,Medium,0.8948,Disengaged Customer,Price Sensitive Shopper,Low,Cart_Abandonment_Rate,Email_Open_Rate,Purchase_Frequency,Re-engagement Email
30557,Low,0.9898,Disengaged Customer,Frustrated Customer,Minimal,Purchase_Frequency,Cart_Abandonment_Rate,Customer_Service_Calls,Newsletter
47648,IMP,0.9889,Frustrated Customer,Dormant Customer,High,Customer_Service_Calls,Days_Since_Last_Purchase,Returns_Rate,Priority Support | Service Recovery Campaign
31149,IMP,0.9917,Price Sensitive Shopper,Disengaged Customer,High,Age,Discount_Usage_Rate,Total_Purchases,Loyalty Rewards | Targeted Coupon
14562,Medium,0.4318,Frustrated Customer,Disengaged Customer,Low,Customer_Service_Calls,Mobile_App_Usage,Email_Open_Rate,Customer Feedback Survey
27128,Low,0.9666,Disengaged Customer,Dormant Customer,Minimal,Cart_Abandonment_Rate,Email_Open_Rate,Session_Duration_Avg,Newsletter
31674,IMP,0.991,Frustrated Customer,Price Sensitive Shopper,High,Customer_Service_Calls,Discount_Usage_Rate,Total_Purchases,Priority Support | Service Recovery Campaign
29205,Low,0.9668,Disengaged Customer,Price Sensitive Shopper,Minimal,Cart_Abandonment_Rate,Email_Open_Rate,Session_Duration_Avg,Newsletter
15519,High,0.9891,Frustrated Customer,Dormant Customer,Medium,Customer_Service_Calls,Returns_Rate,Total_Purchases,Service Recovery Campaign
21149,Medium,0.9868,Price Sensitive Shopper,Frustrated Customer,Low,Age,Discount_Usage_Rate,Customer_Service_Calls,Promotional Campaign
16495,High,0.9858,Frustrated Customer,Price Sensitive Shopper,Medium,Customer_Service_Calls,Total_Purchases,Returns_Rate,Service Recovery Campaign
43302,Medium,0.9327,Price Sensitive Shopper,Frustrated Customer,Low,Cart_Abandonment_Rate,Purchase_Frequency,Customer_Service_Calls,Promotional Campaign
39396,Low,0.9904,Price Sensitive Shopper,Disengaged Customer,Minimal,Age,Discount_Usage_Rate,Cart_Abandonment_Rate,Sale Notification
40444,Low,0.7926,Disengaged Customer,Frustrated Customer,Minimal,Email_Open_Rate,Purchase_Frequency,Returns_Rate,Newsletter
1805,Medium,0.9771,Price Sensitive Shopper,Frustrated Customer,Low,Age,Discount_Usage_Rate,Email_Open_Rate,Promotional Campaign
27482,Low,0.9725,Disengaged Customer,Frustrated Customer,Minimal,Purchase_Frequency,Email_Open_Rate,Cart_Abandonment_Rate,Newsletter
37891,Low,0.9457,Frustrated Customer,Disengaged Customer,Minimal,Purchase_Frequency,Cart_Abandonment_Rate,Customer_Service_Calls,Feedback Request
6539,Medium,0.8627,Disengaged Customer,Price Sensitive Shopper,Low,Cart_Abandonment_Rate,Email_Open_Rate,Session_Duration_Avg,Re-engagement Email
11999,Low,0.609,Disengaged Customer,Frustrated Customer,Minimal,Cart_Abandonment_Rate,Returns_Rate,Mobile_App_Usage,Newsletter
11139,Low,0.9242,Disengaged Customer,Price Sensitive Shopper,Minimal,Purchase_Frequency,Email_Open_Rate,Cart_Abandonment_Rate,Newsletter
42230,Medium,0.9877,Price Sensitive Shopper,Frustrated Customer,Low,Age,Discount_Usage_Rate,Customer_Service_Calls,Promotional Campaign
36497,Medium,0.8243,Price Sensitive Shopper,Disengaged Customer,Low,Cart_Abandonment_Rate,Pages_Per_Session,Product_Reviews_Written,Promotional Campaign
34607,IMP,0.9867,Frustrated Customer,Price Sensitive Shopper,High,Customer_Service_Calls,LTV_Per_Purchase,Total_Purchases,Priority Support | Service Recovery Campaign
11299,IMP,0.9952,Frustrated Customer,Disengaged Customer,High,Customer_Service_Calls,Total_Purchases,LTV_Per_Purchase,Priority Support | Service Recovery Campaign
28258,Medium,0.966,Price Sensitive Shopper,Frustrated Customer,Low,Age,Discount_Usage_Rate,Customer_Service_Calls,Promotional Campaign
3376,Low,0.99,Disengaged Customer,Frustrated Customer,Minimal,Email_Open_Rate,Returns_Rate,Purchase_Frequency,Newsletter
35454,High,0.9919,Frustrated Customer,Price Sensitive Shopper,Medium,Customer_Service_Calls,Discount_Usage_Rate,LTV_Per_Purchase,Service Recovery Campaign
36750,Low,0.9745,Price Sensitive Shopper,Disengaged Customer,Minimal,Cart_Abandonment_Rate,Purchase_Frequency,Email_Open_Rate,Sale Notification
38431,Medium,0.985,Price Sensitive Shopper,Frustrated Customer,Low,Age,Discount_Usage_Rate,Customer_Service_Calls,Promotional Campaign
29693,Low,0.9137,Dormant Customer,Disengaged Customer,Minimal,Purchase_Frequency,Days_Since_Last_Purchase,Email_Open_Rate,Newsletter Reminder
46246,Low,0.9309,Disengaged Customer,Price Sensitive Shopper,Minimal,Cart_Abandonment_Rate,Purchase_Frequency,Email_Open_Rate,Newsletter
34920,Medium,0.9961,Price Sensitive Shopper,Frustrated Customer,Low,Age,Cart_Abandonment_Rate,Discount_Usage_Rate,Promotional Campaign
42192,Low,0.9674,Frustrated Customer,Price Sensitive Shopper,Minimal,Cart_Abandonment_Rate,Customer_Service_Calls,Purchase_Frequency,Feedback Request
2802,High,0.992,Frustrated Customer,Price Sensitive Shopper,Medium,Customer_Service_Calls,Discount_Usage_Rate,Total_Purchases,Service Recovery Campaign
2267,IMP,0.9916,Frustrated Customer,Price Sensitive Shopper,High,Customer_Service_Calls,Discount_Usage_Rate,LTV_Per_Purchase,Priority Support | Service Recovery Campaign
31910,Low,0.9917,Disengaged Customer,Frustrated Customer,Minimal,Purchase_Frequency,Returns_Rate,Email_Open_Rate,Newsletter
49974,Low,0.9935,Price Sensitive Shopper,Disengaged Customer,Minimal,Age,Cart_Abandonment_Rate,Discount_Usage_Rate,Sale Notification
13093,VIP,0.9999,Frustrated Customer,Price Sensitive Shopper,Critical,Age,Customer_Service_Calls,Discount_Usage_Rate,Dedicated Customer Success Outreach | Priority Support | Returns Experience Review
28345,Medium,0.9869,Price Sensitive Shopper,Frustrated Customer,Low,Age,Discount_Usage_Rate,Returns_Rate,Promotional Campaign
41551,High,0.9856,Frustrated Customer,Price Sensitive Shopper,Medium,Customer_Service_Calls,Discount_Usage_Rate,Total_Purchases,Service Recovery Campaign
18469,Medium,0.7598,Price Sensitive Shopper,Disengaged Customer,Low,Cart_Abandonment_Rate,Email_Open_Rate,Customer_Service_Calls,Promotional Campaign
12730,Medium,0.9886,Price Sensitive Shopper,Frustrated Customer,Low,Age,Discount_Usage_Rate,Returns_Rate,Promotional Campaign
38249,Medium,0.7364,Price Sensitive Shopper,Disengaged Customer,Low,Cart_Abandonment_Rate,Email_Open_Rate,Customer_Service_Calls,Promotional Campaign
2081,Low,0.9477,Price Sensitive Shopper,Disengaged Customer,Minimal,Cart_Abandonment_Rate,Email_Open_Rate,Product_Reviews_Written,Sale Notification
35456,Low,0.707,Disengaged Customer,Price Sensitive Shopper,Minimal,Cart_Abandonment_Rate,Customer_Service_Calls,Wishlist_Items,Newsletter
33843,Low,0.8255,Frustrated Customer,Price Sensitive Shopper,Minimal,Returns_Rate,Customer_Service_Calls,Cart_Abandonment_Rate,Feedback Request
49100,Low,0.9802,Disengaged Customer,Price Sensitive Shopper,Minimal,Purchase_Frequency,Email_Open_Rate,Cart_Abandonment_Rate,Newsletter
20204,Medium,0.8455,Price Sensitive Shopper,Frustrated Customer,Low,Cart_Abandonment_Rate,Customer_Service_Calls,Wishlist_Items,Promotional Campaign
35500,Low,0.9938,Disengaged Customer,Dormant Customer,Minimal,Purchase_Frequency,Days_Since_Last_Purchase,Cart_Abandonment_Rate,Newsletter
12691,High,0.989,Frustrated Customer,Price Sensitive Shopper,Medium,Customer_Service_Calls,Discount_Usage_Rate,Total_Purchases,Service Recovery Campaign
3276,High,0.6967,Frustrated Customer,Disengaged Customer,Medium,Returns_Rate,Email_Open_Rate,Cart_Abandonment_Rate,Service Recovery Campaign
358,Low,0.8614,Disengaged Customer,Price Sensitive Shopper,Minimal,Cart_Abandonment_Rate,Email_Open_Rate,Login_Frequency,Newsletter
30574,Low,0.7108,Price Sensitive Shopper,Frustrated Customer,Minimal,Cart_Abandonment_Rate,Customer_Service_Calls,Login_Frequency,Sale Notification
38749,Low,0.7879,Price Sensitive Shopper,Frustrated Customer,Minimal,Cart_Abandonment_Rate,Customer_Service_Calls,Mobile_App_Usage,Sale Notification
15012,Medium,0.8695,Frustrated Customer,Disengaged Customer,Low,Customer_Service_Calls,Purchase_Frequency,Pages_Per_Session,Customer Feedback Survey
46853,High,0.9909,Frustrated Customer,Dormant Customer,Medium,Customer_Service_Calls,LTV_Per_Purchase,Average_Order_Value,Service Recovery Campaign
4004,Medium,0.9599,Price Sensitive Shopper,Frustrated Customer,Low,Age,Discount_Usage_Rate,Customer_Service_Calls,Promotional Campaign
37231,Medium,0.8116,Price Sensitive Shopper,Disengaged Customer,Low,Purchase_Frequency,Cart_Abandonment_Rate,Age,Promotional Campaign
14471,Low,0.7566,Price Sensitive Shopper,Disengaged Customer,Minimal,Cart_Abandonment_Rate,Customer_Service_Calls,Pages_Per_Session,Sale Notification
5245,Medium,0.4417,Dormant Customer,Price Sensitive Shopper,Low,Purchase_Frequency,Days_Since_Last_Purchase,Cart_Abandonment_Rate,Automated Re-engagement Email
30928,IMP,0.9819,Price Sensitive Shopper,Frustrated Customer,High,Age,Discount_Usage_Rate,Returns_Rate,Loyalty Rewards | Targeted Coupon
8027,Low,0.97,Price Sensitive Shopper,Frustrated Customer,Minimal,Cart_Abandonment_Rate,Purchase_Frequency,Email_Open_Rate,Sale Notification
43993,High,0.9826,Frustrated Customer,Dormant Customer,Medium,Customer_Service_Calls,Discount_Usage_Rate,Credit_Balance,Service Recovery Campaign
2953,Medium,0.9637,Price Sensitive Shopper,Disengaged Customer,Low,Cart_Abandonment_Rate,Email_Open_Rate,Customer_Service_Calls,Promotional Campaign
11806,Low,0.9374,Price Sensitive Shopper,Disengaged Customer,Minimal,Cart_Abandonment_Rate,Email_Open_Rate,Age,Sale Notification
17436,High,0.988,Frustrated Customer,Disengaged Customer,Medium,Customer_Service_Calls,Total_Purchases,LTV_Per_Purchase,Service Recovery Campaign
1453,High,0.989,Frustrated Customer,Price Sensitive Shopper,Medium,Customer_Service_Calls,Returns_Rate,Discount_Usage_Rate,Service Recovery Campaign
13870,Medium,0.9444,Price Sensitive Shopper,Disengaged Customer,Low,Cart_Abandonment_Rate,Email_Open_Rate,Wishlist_Items,Promotional Campaign
21989,Low,0.9714,Disengaged Customer,Price Sensitive Shopper,Minimal,Cart_Abandonment_Rate,Email_Open_Rate,Purchase_Frequency,Newsletter
46229,Medium,0.9233,Price Sensitive Shopper,Disengaged Customer,Low,Cart_Abandonment_Rate,Email_Open_Rate,Age,Promotional Campaign
31962,Medium,0.8915,Frustrated Customer,Price Sensitive Shopper,Low,Age,Discount_Usage_Rate,Customer_Service_Calls,Customer Feedback Survey
23432,Medium,0.9639,Disengaged Customer,Price Sensitive Shopper,Low,Cart_Abandonment_Rate,Email_Open_Rate,Customer_Service_Calls,Re-engagement Email
17712,IMP,0.993,Frustrated Customer,Price Sensitive Shopper,High,Customer_Service_Calls,Discount_Usage_Rate,Total_Purchases,Priority Support | Service Recovery Campaign
5599,Low,0.68,Disengaged Customer,Frustrated Customer,Minimal,Cart_Abandonment_Rate,Purchase_Frequency,Customer_Service_Calls,Newsletter
39654,Medium,0.5296,Disengaged Customer,Frustrated Customer,Low,Email_Open_Rate,Customer_Service_Calls,Session_Duration_Avg,Re-engagement Email
49179,High,0.926,Price Sensitive Shopper,Frustrated Customer,Medium,Cart_Abandonment_Rate,Returns_Rate,Purchase_Frequency,Targeted Coupon
39454,Medium,0.773,Disengaged Customer,Dormant Customer,Low,Cart_Abandonment_Rate,Customer_Service_Calls,Days_Since_Last_Purchase,Re-engagement Email
655,Medium,0.7152,Disengaged Customer,Frustrated Customer,Low,Email_Open_Rate,Returns_Rate,Days_Since_Last_Purchase,Re-engagement Email
33743,IMP,0.987,Frustrated Customer,Price Sensitive Shopper,High,Customer_Service_Calls,Discount_Usage_Rate,LTV_Per_Purchase,Priority Support | Service Recovery Campaign
40169,Medium,0.9041,Price Sensitive Shopper,Dormant Customer,Low,Cart_Abandonment_Rate,Purchase_Frequency,Wishlist_Items,Promotional Campaign
37128,Medium,0.8643,Frustrated Customer,Disengaged Customer,Low,Cart_Abandonment_Rate,Returns_Rate,Email_Open_Rate,Customer Feedback Survey
5148,High,0.9878,Frustrated Customer,Price Sensitive Shopper,Medium,Customer_Service_Calls,Returns_Rate,LTV_Per_Purchase,Service Recovery Campaign
18232,Low,0.9057,Price Sensitive Shopper,Frustrated Customer,Minimal,Age,Discount_Usage_Rate,Customer_Service_Calls,Sale Notification
7767,Medium,0.9892,Price Sensitive Shopper,Frustrated Customer,Low,Age,Discount_Usage_Rate,Total_Purchases,Promotional Campaign
40941,IMP,0.9949,Frustrated Customer,Dormant Customer,High,Customer_Service_Calls,Returns_Rate,Membership_Years,Priority Support | Service Recovery Campaign
36293,High,0.9862,Frustrated Customer,Price Sensitive Shopper,Medium,Customer_Service_Calls,Discount_Usage_Rate,LTV_Per_Purchase,Service Recovery Campaign
31882,Medium,0.5604,Frustrated Customer,Price Sensitive Shopper,Low,Cart_Abandonment_Rate,Customer_Service_Calls,Mobile_App_Usage,Customer Feedback Survey
659,High,0.9924,Frustrated Customer,Disengaged Customer,Medium,Customer_Service_Calls,Returns_Rate,Total_Purchases,Service Recovery Campaign
8983,Low,0.9673,Price Sensitive Shopper,Disengaged Customer,Minimal,Cart_Abandonment_Rate,Email_Open_Rate,Purchase_Frequency,Sale Notification
44917,VIP,0.992,Frustrated Customer,Disengaged Customer,Critical,Customer_Service_Calls,LTV_Per_Purchase,Total_Purchases,Dedicated Customer Success Outreach | Priority Support | Returns Experience Review
11091,Low,0.5517,Frustrated Customer,Price Sensitive Shopper,Minimal,Cart_Abandonment_Rate,Customer_Service_Calls,Product_Reviews_Written,Feedback Request
307,Low,0.7357,Disengaged Customer,Price Sensitive Shopper,Minimal,Email_Open_Rate,Cart_Abandonment_Rate,Customer_Service_Calls,Newsletter
35939,Medium,0.9897,Price Sensitive Shopper,Disengaged Customer,Low,Age,Discount_Usage_Rate,Total_Purchases,Promotional Campaign
35232,High,0.9904,Frustrated Customer,Price Sensitive Shopper,Medium,Customer_Service_Calls,Returns_Rate,Total_Purchases,Service Recovery Campaign
45998,Low,0.9893,Price Sensitive Shopper,Frustrated Customer,Minimal,Age,Cart_Abandonment_Rate,Discount_Usage_Rate,Sale Notification
41420,VIP,0.9908,Frustrated Customer,Price Sensitive Shopper,Critical,Customer_Service_Calls,Discount_Usage_Rate,LTV_Per_Purchase,Dedicated Customer Success Outreach | Priority Support | Returns Experience Review
43522,IMP,0.9882,Frustrated Customer,Dormant Customer,High,Customer_Service_Calls,LTV_Per_Purchase,Total_Purchases,Priority Support | Service Recovery Campaign
46099,Low,0.9702,Price Sensitive Shopper,Frustrated Customer,Minimal,Cart_Abandonment_Rate,Purchase_Frequency,Customer_Service_Calls,Sale Notification
26982,High,0.9904,Frustrated Customer,Price Sensitive Shopper,Medium,Customer_Service_Calls,Average_Order_Value,Total_Purchases,Service Recovery Campaign
44928,High,0.9924,Frustrated Customer,Disengaged Customer,Medium,Customer_Service_Calls,Total_Purchases,LTV_Per_Purchase,Service Recovery Campaign
29541,High,0.9803,Frustrated Customer,Dormant Customer,Medium,Customer_Service_Calls,Total_Purchases,Flag_Missing,Service Recovery Campaign
48241,IMP,0.9771,Frustrated Customer,Disengaged Customer,High,Customer_Service_Calls,Email_Open_Rate,Average_Order_Value,Priority Support | Service Recovery Campaign
8351,High,0.983,Frustrated Customer,Disengaged Customer,Medium,Customer_Service_Calls,Total_Purchases,Wishlist_Items,Service Recovery Campaign
25791,High,0.9916,Price Sensitive Shopper,Disengaged Customer,Medium,Age,Discount_Usage_Rate,Total_Purchases,Targeted Coupon
32234,Low,0.9902,Disengaged Customer,Dormant Customer,Minimal,Purchase_Frequency,Days_Since_Last_Purchase,Email_Open_Rate,Newsletter
36168,Medium,0.5374,Price Sensitive Shopper,Frustrated Customer,Low,Email_Open_Rate,Customer_Service_Calls,Returns_Rate,Promotional Campaign
8816,Low,0.873,Disengaged Customer,Price Sensitive Shopper,Minimal,Cart_Abandonment_Rate,Customer_Service_Calls,Session_Duration_Avg,Newsletter
38564,Medium,0.9917,Price Sensitive Shopper,Dormant Customer,Low,Age,Discount_Usage_Rate,Total_Purchases,Promotional Campaign
26532,High,0.9903,Frustrated Customer,Dormant Customer,Medium,Customer_Service_Calls,Total_Purchases,LTV_Per_Purchase,Service Recovery Campaign
12685,IMP,0.9936,Frustrated Customer,Disengaged Customer,High,Customer_Service_Calls,Total_Purchases,Social_Media_Engagement_Score,Priority Support | Service Recovery Campaign
27085,Low,0.857,Frustrated Customer,Disengaged Customer,Minimal,Customer_Service_Calls,Cart_Abandonment_Rate,Email_Open_Rate,Feedback Request
2224,IMP,0.9923,Frustrated Customer,Price Sensitive Shopper,High,Customer_Service_Calls,Total_Purchases,LTV_Per_Purchase,Priority Support | Service Recovery Campaign
7545,IMP,0.9914,Frustrated Customer,Price Sensitive Shopper,High,Customer_Service_Calls,Discount_Usage_Rate,Returns_Rate,Priority Support | Service Recovery Campaign
30475,IMP,0.9946,Frustrated Customer,Price Sensitive Shopper,High,Customer_Service_Calls,LTV_Per_Purchase,Total_Purchases,Priority Support | Service Recovery Campaign
16597,Low,0.89,Frustrated Customer,Disengaged Customer,Minimal,Customer_Service_Calls,Returns_Rate,Age,Feedback Request
31772,Low,0.9168,Frustrated Customer,Disengaged Customer,Minimal,Customer_Service_Calls,Cart_Abandonment_Rate,Email_Open_Rate,Feedback Request
7307,High,0.9904,Frustrated Customer,Price Sensitive Shopper,Medium,Customer_Service_Calls,Total_Purchases,LTV_Per_Purchase,Service Recovery Campaign
2472,Low,0.9828,Disengaged Customer,Frustrated Customer,Minimal,Email_Open_Rate,Purchase_Frequency,Cart_Abandonment_Rate,Newsletter
22189,Low,0.9551,Disengaged Customer,Price Sensitive Shopper,Minimal,Purchase_Frequency,Cart_Abandonment_Rate,Customer_Service_Calls,Newsletter
39521,High,0.992,Frustrated Customer,Price Sensitive Shopper,Medium,Customer_Service_Calls,Discount_Usage_Rate,Total_Purchases,Service Recovery Campaign
2523,Low,0.705,Dormant Customer,Disengaged Customer,Minimal,Purchase_Frequency,Email_Open_Rate,Days_Since_Last_Purchase,Newsletter Reminder
5146,High,0.9812,Frustrated Customer,Dormant Customer,Medium,Customer_Service_Calls,Total_Purchases,Days_Since_Last_Purchase,Service Recovery Campaign
40207,Low,0.7671,Price Sensitive Shopper,Disengaged Customer,Minimal,Cart_Abandonment_Rate,Email_Open_Rate,Customer_Service_Calls,Sale Notification
1600,Medium,0.817,Price Sensitive Shopper,Dormant Customer,Low,Cart_Abandonment_Rate,Email_Open_Rate,Purchase_Frequency,Promotional Campaign
6278,Low,0.9831,Price Sensitive Shopper,Dormant Customer,Minimal,Age,Cart_Abandonment_Rate,Discount_Usage_Rate,Sale Notification
35606,Medium,0.7513,Price Sensitive Shopper,Frustrated Customer,Low,Cart_Abandonment_Rate,Returns_Rate,Discount_Usage_Rate,Promotional Campaign
44735,Low,0.9294,Price Sensitive Shopper,Dormant Customer,Minimal,Cart_Abandonment_Rate,Purchase_Frequency,Returns_Rate,Sale Notification
41840,Medium,0.4001,Dormant Customer,Disengaged Customer,Low,Purchase_Frequency,Days_Since_Last_Purchase,Email_Open_Rate,Automated Re-engagement Email
47573,High,0.9918,Frustrated Customer,Price Sensitive Shopper,Medium,Customer_Service_Calls,LTV_Per_Purchase,Average_Order_Value,Service Recovery Campaign
969,Medium,0.991,Price Sensitive Shopper,Disengaged Customer,Low,Age,Discount_Usage_Rate,Cart_Abandonment_Rate,Promotional Campaign
13385,Medium,0.7744,Disengaged Customer,Price Sensitive Shopper,Low,Cart_Abandonment_Rate,Email_Open_Rate,Product_Reviews_Written,Re-engagement Email
42991,IMP,0.9895,Frustrated Customer,Price Sensitive Shopper,High,Customer_Service_Calls,LTV_Per_Purchase,Total_Purchases,Priority Support | Service Recovery Campaign
24938,Medium,0.8169,Frustrated Customer,Price Sensitive Shopper,Low,Cart_Abandonment_Rate,Customer_Service_Calls,Returns_Rate,Customer Feedback Survey
25831,High,0.9668,Frustrated Customer,Dormant Customer,Medium,Customer_Service_Calls,Days_Since_Last_Purchase,Returns_Rate,Service Recovery Campaign
34810,Medium,0.982,Price Sensitive Shopper,Disengaged Customer,Low,Age,Discount_Usage_Rate,Cart_Abandonment_Rate,Promotional Campaign
17099,High,0.9893,Frustrated Customer,Price Sensitive Shopper,Medium,Customer_Service_Calls,Discount_Usage_Rate,Pages_Per_Session,Service Recovery Campaign
32680,IMP,0.9895,Frustrated Customer,Price Sensitive Shopper,High,Customer_Service_Calls,Total_Purchases,LTV_Per_Purchase,Priority Support | Service Recovery Campaign
48866,Medium,0.9698,Price Sensitive Shopper,Frustrated Customer,Low,Age,Discount_Usage_Rate,Customer_Service_Calls,Promotional Campaign
21056,Low,0.9449,Disengaged Customer,Price Sensitive Shopper,Minimal,Purchase_Frequency,Days_Since_Last_Purchase,Email_Open_Rate,Newsletter
18567,Medium,0.9735,Price Sensitive Shopper,Frustrated Customer,Low,Age,Discount_Usage_Rate,Customer_Service_Calls,Promotional Campaign
34611,Low,0.9686,Price Sensitive Shopper,Frustrated Customer,Minimal,Age,Discount_Usage_Rate,Customer_Service_Calls,Sale Notification
39040,Low,0.9906,Dormant Customer,Price Sensitive Shopper,Minimal,Purchase_Frequency,Cart_Abandonment_Rate,Customer_Service_Calls,Newsletter Reminder
39205,High,0.9784,Price Sensitive Shopper,Disengaged Customer,Medium,Age,Discount_Usage_Rate,Total_Purchases,Targeted Coupon
47222,Low,0.8215,Dormant Customer,Disengaged Customer,Minimal,Purchase_Frequency,Days_Since_Last_Purchase,Email_Open_Rate,Newsletter Reminder
13959,IMP,0.989,Frustrated Customer,Disengaged Customer,High,Customer_Service_Calls,Login_Frequency,Total_Purchases,Priority Support | Service Recovery Campaign
49083,Low,0.9733,Frustrated Customer,Disengaged Customer,Minimal,Pages_Per_Session,Returns_Rate,Email_Open_Rate,Feedback Request
38259,Low,0.5801,Frustrated Customer,Price Sensitive Shopper,Minimal,Customer_Service_Calls,Email_Open_Rate,Cart_Abandonment_Rate,Feedback Request
32316,High,0.9884,Frustrated Customer,Price Sensitive Shopper,Medium,Customer_Service_Calls,Discount_Usage_Rate,Returns_Rate,Service Recovery Campaign
48368,High,0.9782,Frustrated Customer,Price Sensitive Shopper,Medium,Customer_Service_Calls,Returns_Rate,Cart_Abandonment_Rate,Service Recovery Campaign
22319,Low,0.6049,Price Sensitive Shopper,Frustrated Customer,Minimal,Cart_Abandonment_Rate,Customer_Service_Calls,Wishlist_Items,Sale Notification
7651,Low,0.906,Price Sensitive Shopper,Disengaged Customer,Minimal,Cart_Abandonment_Rate,Purchase_Frequency,Email_Open_Rate,Sale Notification
22543,High,0.991,Frustrated Customer,Dormant Customer,Medium,Customer_Service_Calls,Total_Purchases,LTV_Per_Purchase,Service Recovery Campaign
36398,Medium,0.9881,Price Sensitive Shopper,Frustrated Customer,Low,Age,Discount_Usage_Rate,Customer_Service_Calls,Promotional Campaign
29922,High,0.9895,Frustrated Customer,Price Sensitive Shopper,Medium,Customer_Service_Calls,Discount_Usage_Rate,Returns_Rate,Service Recovery Campaign
7859,IMP,0.9936,Frustrated Customer,Price Sensitive Shopper,High,Customer_Service_Calls,LTV_Per_Purchase,Returns_Rate,Priority Support | Service Recovery Campaign
24014,Medium,0.8031,Price Sensitive Shopper,Disengaged Customer,Low,Cart_Abandonment_Rate,Purchase_Frequency,Customer_Service_Calls,Promotional Campaign
2700,Low,0.9047,Disengaged Customer,Price Sensitive Shopper,Minimal,Email_Open_Rate,Purchase_Frequency,Cart_Abandonment_Rate,Newsletter
14364,High,0.995,Price Sensitive Shopper,Frustrated Customer,Medium,Age,Discount_Usage_Rate,Cart_Abandonment_Rate,Targeted Coupon
31900,Low,0.9821,Price Sensitive Shopper,Disengaged Customer,Minimal,Age,Discount_Usage_Rate,Email_Open_Rate,Sale Notification
27280,Low,0.9566,Frustrated Customer,Disengaged Customer,Minimal,Cart_Abandonment_Rate,Customer_Service_Calls,Pages_Per_Session,Feedback Request
15261,Low,0.9366,Price Sensitive Shopper,Disengaged Customer,Minimal,Cart_Abandonment_Rate,Customer_Service_Calls,Email_Open_Rate,Sale Notification
37883,IMP,0.9906,Frustrated Customer,Price Sensitive Shopper,High,Customer_Service_Calls,Discount_Usage_Rate,Days_Since_Last_Purchase,Priority Support | Service Recovery Campaign
3240,High,0.9847,Frustrated Customer,Disengaged Customer,Medium,Customer_Service_Calls,Email_Open_Rate,Discount_Usage_Rate,Service Recovery Campaign
46804,High,0.9866,Frustrated Customer,Price Sensitive Shopper,Medium,Customer_Service_Calls,Discount_Usage_Rate,Total_Purchases,Service Recovery Campaign
32701,High,0.992,Frustrated Customer,Price Sensitive Shopper,Medium,Customer_Service_Calls,Discount_Usage_Rate,Average_Order_Value,Service Recovery Campaign
5886,Low,0.9754,Frustrated Customer,Price Sensitive Shopper,Minimal,Cart_Abandonment_Rate,Email_Open_Rate,Customer_Service_Calls,Feedback Request
41616,Low,0.9765,Price Sensitive Shopper,Frustrated Customer,Minimal,Age,Discount_Usage_Rate,Customer_Service_Calls,Sale Notification
46272,Low,0.7075,Frustrated Customer,Disengaged Customer,Minimal,Purchase_Frequency,Email_Open_Rate,Customer_Service_Calls,Feedback Request
44904,Medium,0.9877,Price Sensitive Shopper,Disengaged Customer,Low,Age,Discount_Usage_Rate,Flag_Missing,Promotional Campaign
38458,VIP,0.9903,Frustrated Customer,Price Sensitive Shopper,Critical,Customer_Service_Calls,Discount_Usage_Rate,Returns_Rate,Dedicated Customer Success Outreach | Priority Support | Returns Experience Review
17327,IMP,0.9871,Frustrated Customer,Price Sensitive Shopper,High,Customer_Service_Calls,Discount_Usage_Rate,Returns_Rate,Priority Support | Service Recovery Campaign
41648,High,0.9852,Frustrated Customer,Price Sensitive Shopper,Medium,Customer_Service_Calls,Discount_Usage_Rate,LTV_Per_Purchase,Service Recovery Campaign
7605,Low,0.9447,Price Sensitive Shopper,Frustrated Customer,Minimal,Cart_Abandonment_Rate,Purchase_Frequency,Returns_Rate,Sale Notification
13343,High,0.9855,Frustrated Customer,Disengaged Customer,Medium,Customer_Service_Calls,Product_Reviews_Written,Flag_Missing,Service Recovery Campaign
2970,High,0.9881,Frustrated Customer,Price Sensitive Shopper,Medium,Customer_Service_Calls,Age,Cart_Abandonment_Rate,Service Recovery Campaign
42118,Medium,0.9941,Price Sensitive Shopper,Frustrated Customer,Low,Cart_Abandonment_Rate,Customer_Service_Calls,Email_Open_Rate,Promotional Campaign
44198,Medium,0.8735,Price Sensitive Shopper,Disengaged Customer,Low,Cart_Abandonment_Rate,Email_Open_Rate,Customer_Service_Calls,Promotional Campaign
16208,Low,0.9875,Frustrated Customer,Price Sensitive Shopper,Minimal,Purchase_Frequency,Cart_Abandonment_Rate,Customer_Service_Calls,Feedback Request
42002,Low,0.6783,Disengaged Customer,Frustrated Customer,Minimal,Customer_Service_Calls,Cart_Abandonment_Rate,Email_Open_Rate,Newsletter
41861,Low,0.8329,Price Sensitive Shopper,Disengaged Customer,Minimal,Age,Discount_Usage_Rate,Email_Open_Rate,Sale Notification
8748,Medium,0.8613,Price Sensitive Shopper,Frustrated Customer,Low,Cart_Abandonment_Rate,Age,Customer_Service_Calls,Promotional Campaign
44137,High,0.9903,Frustrated Customer,Price Sensitive Shopper,Medium,Customer_Service_Calls,Discount_Usage_Rate,LTV_Per_Purchase,Service Recovery Campaign
7778,Medium,0.8405,Frustrated Customer,Disengaged Customer,Low,Returns_Rate,Email_Open_Rate,Purchase_Frequency,Customer Feedback Survey
48922,High,0.9976,Frustrated Customer,Disengaged Customer,Medium,Cart_Abandonment_Rate,Customer_Service_Calls,Email_Open_Rate,Service Recovery Campaign
